<?xml version="1.0" encoding="utf-8" ?>
<kml xmlns="http://www.opengis.net/kml/2.2">
<Document id="root_doc">
<Schema name="Mobility_parking" id="Mobility_parking">
	<SimpleField name="OBJECTID" type="int"></SimpleField>
	<SimpleField name="Address" type="string"></SimpleField>
	<SimpleField name="Street" type="string"></SimpleField>
	<SimpleField name="Location" type="string"></SimpleField>
	<SimpleField name="Suburb" type="string"></SimpleField>
	<SimpleField name="SideOfStreet" type="string"></SimpleField>
	<SimpleField name="NumberParkingSpaces" type="int"></SimpleField>
	<SimpleField name="ParkingSpaceWidth" type="float"></SimpleField>
	<SimpleField name="ParkingSpaceLength" type="float"></SimpleField>
	<SimpleField name="ParkingSpaceAngle" type="string"></SimpleField>
	<SimpleField name="SignText" type="string"></SimpleField>
	<SimpleField name="URL" type="string"></SimpleField>
	<SimpleField name="AuditDate" type="string"></SimpleField>
</Schema>
<Folder><name>Mobility_parking</name>
  <Placemark>
	<ExtendedData><SchemaData schemaUrl="#Mobility_parking">
		<SimpleData name="OBJECTID">1</SimpleData>
		<SimpleData name="Address">36-64</SimpleData>
		<SimpleData name="Street">George Street</SimpleData>
		<SimpleData name="Location">between Cahill Walk and Lower Fort Street</SimpleData>
		<SimpleData name="Suburb">Dawes Point</SimpleData>
		<SimpleData name="SideOfStreet">Westside</SimpleData>
		<SimpleData name="NumberParkingSpaces">2</SimpleData>
		<SimpleData name="ParkingSpaceWidth">4.4</SimpleData>
		<SimpleData name="ParkingSpaceLength">7.2</SimpleData>
		<SimpleData name="ParkingSpaceAngle">Parallel</SimpleData>
		<SimpleData name="URL">https://goo.gl/gaKZea</SimpleData>
		<SimpleData name="AuditDate">6/06/2017</SimpleData>
	</SchemaData></ExtendedData>
      <Point><coordinates>151.207737645533,-33.8565395152555</coordinates></Point>
  </Placemark>
  <Placemark>
	<ExtendedData><SchemaData schemaUrl="#Mobility_parking">
		<SimpleData name="OBJECTID">2</SimpleData>
		<SimpleData name="Address">51</SimpleData>
		<SimpleData name="Street">Ashmore Street</SimpleData>
		<SimpleData name="Location">between Mitchell Road and cul de sac</SimpleData>
		<SimpleData name="Suburb">Erskineville</SimpleData>
		<SimpleData name="SideOfStreet">Southside</SimpleData>
		<SimpleData name="NumberParkingSpaces">1</SimpleData>
		<SimpleData name="ParkingSpaceWidth">3.2</SimpleData>
		<SimpleData name="ParkingSpaceLength">6.6</SimpleData>
		<SimpleData name="ParkingSpaceAngle">Parallel</SimpleData>
		<SimpleData name="URL">https://goo.gl/i1undt</SimpleData>
		<SimpleData name="AuditDate">1/06/2017</SimpleData>
	</SchemaData></ExtendedData>
      <Point><coordinates>151.188402178135,-33.9026818662684</coordinates></Point>
  </Placemark>
  <Placemark>
	<ExtendedData><SchemaData schemaUrl="#Mobility_parking">
		<SimpleData name="OBJECTID">3</SimpleData>
		<SimpleData name="Address">201</SimpleData>
		<SimpleData name="Street">Rochford Street</SimpleData>
		<SimpleData name="Location">between King Street and Knight Street</SimpleData>
		<SimpleData name="Suburb">Erskineville</SimpleData>
		<SimpleData name="SideOfStreet">Westside</SimpleData>
		<SimpleData name="NumberParkingSpaces">1</SimpleData>
		<SimpleData name="ParkingSpaceWidth">3.2</SimpleData>
		<SimpleData name="ParkingSpaceLength">6</SimpleData>
		<SimpleData name="ParkingSpaceAngle">Parallel</SimpleData>
		<SimpleData name="URL">https://goo.gl/c5YuGC</SimpleData>
		<SimpleData name="AuditDate">2/06/2017</SimpleData>
	</SchemaData></ExtendedData>
      <Point><coordinates>151.18106086211,-33.9046212043139</coordinates></Point>
  </Placemark>
  <Placemark>
	<ExtendedData><SchemaData schemaUrl="#Mobility_parking">
		<SimpleData name="OBJECTID">4</SimpleData>
		<SimpleData name="Address">Central Station Western Forecourt</SimpleData>
		<SimpleData name="Street">Railway Colonnade Drive </SimpleData>
		<SimpleData name="Location">between Lee Street an Eddy Avenue</SimpleData>
		<SimpleData name="Suburb">Haymarket</SimpleData>
		<SimpleData name="SideOfStreet">Eastside</SimpleData>
		<SimpleData name="NumberParkingSpaces">2</SimpleData>
		<SimpleData name="ParkingSpaceWidth">2.5</SimpleData>
		<SimpleData name="ParkingSpaceLength">5.4</SimpleData>
		<SimpleData name="ParkingSpaceAngle">90-degree</SimpleData>
		<SimpleData name="SignText">Managed by RailCorp</SimpleData>
		<SimpleData name="URL">https://goo.gl/zpP2y7</SimpleData>
		<SimpleData name="AuditDate">30/06/2017</SimpleData>
	</SchemaData></ExtendedData>
      <Point><coordinates>151.205381497768,-33.8825770412285</coordinates></Point>
  </Placemark>
  <Placemark>
	<ExtendedData><SchemaData schemaUrl="#Mobility_parking">
		<SimpleData name="OBJECTID">5</SimpleData>
		<SimpleData name="Address">261</SimpleData>
		<SimpleData name="Street">Chalmers Street</SimpleData>
		<SimpleData name="Location">between Turner Street and Phillip Street</SimpleData>
		<SimpleData name="Suburb">Redfern</SimpleData>
		<SimpleData name="SideOfStreet">Eastside</SimpleData>
		<SimpleData name="NumberParkingSpaces">1</SimpleData>
		<SimpleData name="ParkingSpaceWidth">3.4</SimpleData>
		<SimpleData name="ParkingSpaceLength">5.6</SimpleData>
		<SimpleData name="ParkingSpaceAngle">60-degree</SimpleData>
		<SimpleData name="SignText">rear to kerb parking</SimpleData>
		<SimpleData name="URL">https://goo.gl/FCHFUf</SimpleData>
		<SimpleData name="AuditDate">28/06/2017</SimpleData>
	</SchemaData></ExtendedData>
      <Point><coordinates>151.205208290833,-33.894413446482</coordinates></Point>
  </Placemark>
  <Placemark>
	<ExtendedData><SchemaData schemaUrl="#Mobility_parking">
		<SimpleData name="OBJECTID">6</SimpleData>
		<SimpleData name="Address">55</SimpleData>
		<SimpleData name="Street">Moore Park Road</SimpleData>
		<SimpleData name="Location">between Cook Road and Poate Road</SimpleData>
		<SimpleData name="Suburb">Centennial Park</SimpleData>
		<SimpleData name="SideOfStreet">Southside</SimpleData>
		<SimpleData name="NumberParkingSpaces">1</SimpleData>
		<SimpleData name="ParkingSpaceWidth">2.6</SimpleData>
		<SimpleData name="ParkingSpaceLength">7.4</SimpleData>
		<SimpleData name="ParkingSpaceAngle">Parallel</SimpleData>
		<SimpleData name="URL">https://goo.gl/7JLHju</SimpleData>
		<SimpleData name="AuditDate">9/06/2017</SimpleData>
	</SchemaData></ExtendedData>
      <Point><coordinates>151.230902626726,-33.8899893589109</coordinates></Point>
  </Placemark>
  <Placemark>
	<ExtendedData><SchemaData schemaUrl="#Mobility_parking">
		<SimpleData name="OBJECTID">7</SimpleData>
		<SimpleData name="Address">2</SimpleData>
		<SimpleData name="Street">Quay Street</SimpleData>
		<SimpleData name="Location">between Ultimo Road and Hay Street</SimpleData>
		<SimpleData name="Suburb">Haymarket</SimpleData>
		<SimpleData name="SideOfStreet">Westside</SimpleData>
		<SimpleData name="NumberParkingSpaces">1</SimpleData>
		<SimpleData name="ParkingSpaceWidth">3.2</SimpleData>
		<SimpleData name="ParkingSpaceLength">7.1</SimpleData>
		<SimpleData name="ParkingSpaceAngle">Parallel</SimpleData>
		<SimpleData name="URL">https://goo.gl/e7bab6</SimpleData>
		<SimpleData name="AuditDate">6/06/2017</SimpleData>
	</SchemaData></ExtendedData>
      <Point><coordinates>151.202704450497,-33.8806295652371</coordinates></Point>
  </Placemark>
  <Placemark>
	<ExtendedData><SchemaData schemaUrl="#Mobility_parking">
		<SimpleData name="OBJECTID">8</SimpleData>
		<SimpleData name="Address">11</SimpleData>
		<SimpleData name="Street">Rawson Place</SimpleData>
		<SimpleData name="Location">between George Street and Pitt Street</SimpleData>
		<SimpleData name="Suburb">Haymarket</SimpleData>
		<SimpleData name="SideOfStreet">Northside</SimpleData>
		<SimpleData name="NumberParkingSpaces">2</SimpleData>
		<SimpleData name="ParkingSpaceWidth">2.8</SimpleData>
		<SimpleData name="ParkingSpaceLength">5.5</SimpleData>
		<SimpleData name="ParkingSpaceAngle">Parallel</SimpleData>
		<SimpleData name="URL">https://goo.gl/maps/s9yCBUyXEyp3dAGbA</SimpleData>
		<SimpleData name="AuditDate">6/06/2017</SimpleData>
	</SchemaData></ExtendedData>
      <Point><coordinates>151.205111906013,-33.8811831046828</coordinates></Point>
  </Placemark>
  <Placemark>
	<ExtendedData><SchemaData schemaUrl="#Mobility_parking">
		<SimpleData name="OBJECTID">9</SimpleData>
		<SimpleData name="Address">17</SimpleData>
		<SimpleData name="Street">Hansard Street</SimpleData>
		<SimpleData name="Location">between Emmanuel Lane and Dunning Avenue</SimpleData>
		<SimpleData name="Suburb">Zetland</SimpleData>
		<SimpleData name="SideOfStreet">Southside</SimpleData>
		<SimpleData name="NumberParkingSpaces">1</SimpleData>
		<SimpleData name="ParkingSpaceWidth">3.4</SimpleData>
		<SimpleData name="ParkingSpaceLength">5.8</SimpleData>
		<SimpleData name="ParkingSpaceAngle">60-degree</SimpleData>
		<SimpleData name="URL">https://goo.gl/Mx9HBZ</SimpleData>
		<SimpleData name="AuditDate">9/06/2017</SimpleData>
	</SchemaData></ExtendedData>
      <Point><coordinates>151.203632177566,-33.9096174797278</coordinates></Point>
  </Placemark>
  <Placemark>
	<ExtendedData><SchemaData schemaUrl="#Mobility_parking">
		<SimpleData name="OBJECTID">10</SimpleData>
		<SimpleData name="Address">142</SimpleData>
		<SimpleData name="Street">Henderson Road</SimpleData>
		<SimpleData name="Location">between Mitchell Road and Alexander Street</SimpleData>
		<SimpleData name="Suburb">Alexandria</SimpleData>
		<SimpleData name="SideOfStreet">Southside</SimpleData>
		<SimpleData name="NumberParkingSpaces">1</SimpleData>
		<SimpleData name="ParkingSpaceWidth">2.7</SimpleData>
		<SimpleData name="ParkingSpaceLength">6.6</SimpleData>
		<SimpleData name="ParkingSpaceAngle">Parallel</SimpleData>
		<SimpleData name="URL">https://goo.gl/YoPp69</SimpleData>
		<SimpleData name="AuditDate">2/06/2017</SimpleData>
	</SchemaData></ExtendedData>
      <Point><coordinates>151.193174070122,-33.8977089608683</coordinates></Point>
  </Placemark>
  <Placemark>
	<ExtendedData><SchemaData schemaUrl="#Mobility_parking">
		<SimpleData name="OBJECTID">11</SimpleData>
		<SimpleData name="Address">164</SimpleData>
		<SimpleData name="Street">Kingsclear Road</SimpleData>
		<SimpleData name="Location">between Henderson Lane and Henderson Road</SimpleData>
		<SimpleData name="Suburb">Alexandria</SimpleData>
		<SimpleData name="SideOfStreet">Westside</SimpleData>
		<SimpleData name="NumberParkingSpaces">1</SimpleData>
		<SimpleData name="ParkingSpaceWidth">2.2</SimpleData>
		<SimpleData name="ParkingSpaceLength">4</SimpleData>
		<SimpleData name="ParkingSpaceAngle">Parallel</SimpleData>
		<SimpleData name="URL">https://goo.gl/s3eoLu</SimpleData>
		<SimpleData name="AuditDate">2/06/2017</SimpleData>
	</SchemaData></ExtendedData>
      <Point><coordinates>151.19219645563,-33.8977971654626</coordinates></Point>
  </Placemark>
  <Placemark>
	<ExtendedData><SchemaData schemaUrl="#Mobility_parking">
		<SimpleData name="OBJECTID">12</SimpleData>
		<SimpleData name="Street">Lenton Parade</SimpleData>
		<SimpleData name="Location">between Raglan Lane and Wellington Street</SimpleData>
		<SimpleData name="Suburb">Waterloo</SimpleData>
		<SimpleData name="SideOfStreet">Southside</SimpleData>
		<SimpleData name="NumberParkingSpaces">1</SimpleData>
		<SimpleData name="ParkingSpaceWidth">3.2</SimpleData>
		<SimpleData name="ParkingSpaceLength">7.5</SimpleData>
		<SimpleData name="ParkingSpaceAngle">Parallel</SimpleData>
		<SimpleData name="URL">https://goo.gl/LqpVE5</SimpleData>
		<SimpleData name="AuditDate">9/06/2017</SimpleData>
	</SchemaData></ExtendedData>
      <Point><coordinates>151.206211615444,-33.8977288269232</coordinates></Point>
  </Placemark>
  <Placemark>
	<ExtendedData><SchemaData schemaUrl="#Mobility_parking">
		<SimpleData name="OBJECTID">13</SimpleData>
		<SimpleData name="Address">43</SimpleData>
		<SimpleData name="Street">Wellington Street</SimpleData>
		<SimpleData name="Location">between Park Lane and Wellington Lane</SimpleData>
		<SimpleData name="Suburb">Waterloo</SimpleData>
		<SimpleData name="SideOfStreet">Northside</SimpleData>
		<SimpleData name="NumberParkingSpaces">1</SimpleData>
		<SimpleData name="ParkingSpaceWidth">3.2</SimpleData>
		<SimpleData name="ParkingSpaceLength">5.4</SimpleData>
		<SimpleData name="ParkingSpaceAngle">Parallel</SimpleData>
		<SimpleData name="URL">https://goo.gl/z6g5TD</SimpleData>
		<SimpleData name="AuditDate">9/06/2017</SimpleData>
	</SchemaData></ExtendedData>
      <Point><coordinates>151.205895845242,-33.8983356746535</coordinates></Point>
  </Placemark>
  <Placemark>
	<ExtendedData><SchemaData schemaUrl="#Mobility_parking">
		<SimpleData name="OBJECTID">14</SimpleData>
		<SimpleData name="Address">22-26 </SimpleData>
		<SimpleData name="Street">McEvoy Street</SimpleData>
		<SimpleData name="Location">between Hunter Street and Elizabeth Street</SimpleData>
		<SimpleData name="Suburb">Waterloo</SimpleData>
		<SimpleData name="SideOfStreet">Southside</SimpleData>
		<SimpleData name="NumberParkingSpaces">3</SimpleData>
		<SimpleData name="ParkingSpaceWidth">3.2</SimpleData>
		<SimpleData name="ParkingSpaceLength">7.8</SimpleData>
		<SimpleData name="ParkingSpaceAngle">Parallel</SimpleData>
		<SimpleData name="SignText">No parking 4pm to 6pm Monday to Friday</SimpleData>
		<SimpleData name="URL">https://goo.gl/HU5gWL</SimpleData>
		<SimpleData name="AuditDate">9/06/2017</SimpleData>
	</SchemaData></ExtendedData>
      <Point><coordinates>151.206509508579,-33.9003696477411</coordinates></Point>
  </Placemark>
  <Placemark>
	<ExtendedData><SchemaData schemaUrl="#Mobility_parking">
		<SimpleData name="OBJECTID">15</SimpleData>
		<SimpleData name="Address">22-26</SimpleData>
		<SimpleData name="Street">McEvoy Street</SimpleData>
		<SimpleData name="Location">between Hunter Street and Elizabeth Street</SimpleData>
		<SimpleData name="Suburb">Waterloo</SimpleData>
		<SimpleData name="SideOfStreet">Southside</SimpleData>
		<SimpleData name="NumberParkingSpaces">1</SimpleData>
		<SimpleData name="ParkingSpaceWidth">3.2</SimpleData>
		<SimpleData name="ParkingSpaceLength">6.3</SimpleData>
		<SimpleData name="ParkingSpaceAngle">Parallel</SimpleData>
		<SimpleData name="URL">https://goo.gl/P3QJSM</SimpleData>
		<SimpleData name="AuditDate">9/06/2017</SimpleData>
	</SchemaData></ExtendedData>
      <Point><coordinates>151.206917848473,-33.9004400310302</coordinates></Point>
  </Placemark>
  <Placemark>
	<ExtendedData><SchemaData schemaUrl="#Mobility_parking">
		<SimpleData name="OBJECTID">16</SimpleData>
		<SimpleData name="Address">251</SimpleData>
		<SimpleData name="Street">Cope Street</SimpleData>
		<SimpleData name="Location">between John Street and McEvoy Street</SimpleData>
		<SimpleData name="Suburb">Waterloo</SimpleData>
		<SimpleData name="SideOfStreet">Eastside</SimpleData>
		<SimpleData name="NumberParkingSpaces">1</SimpleData>
		<SimpleData name="ParkingSpaceWidth">3.2</SimpleData>
		<SimpleData name="ParkingSpaceLength">7.8</SimpleData>
		<SimpleData name="ParkingSpaceAngle">Parallel</SimpleData>
		<SimpleData name="URL">https://goo.gl/cjbefq</SimpleData>
		<SimpleData name="AuditDate">9/06/2017</SimpleData>
	</SchemaData></ExtendedData>
      <Point><coordinates>151.201693998047,-33.900867428068</coordinates></Point>
  </Placemark>
  <Placemark>
	<ExtendedData><SchemaData schemaUrl="#Mobility_parking">
		<SimpleData name="OBJECTID">17</SimpleData>
		<SimpleData name="Street">Angel Street</SimpleData>
		<SimpleData name="Location">between Newman Lane and Newman Street</SimpleData>
		<SimpleData name="Suburb">Erskineville</SimpleData>
		<SimpleData name="SideOfStreet">Westside</SimpleData>
		<SimpleData name="NumberParkingSpaces">1</SimpleData>
		<SimpleData name="ParkingSpaceWidth">3.2</SimpleData>
		<SimpleData name="ParkingSpaceLength">5.8</SimpleData>
		<SimpleData name="ParkingSpaceAngle">Parallel</SimpleData>
		<SimpleData name="URL">https://goo.gl/jLKurM</SimpleData>
		<SimpleData name="AuditDate">1/06/2017</SimpleData>
	</SchemaData></ExtendedData>
      <Point><coordinates>151.180765381404,-33.8992462476434</coordinates></Point>
  </Placemark>
  <Placemark>
	<ExtendedData><SchemaData schemaUrl="#Mobility_parking">
		<SimpleData name="OBJECTID">18</SimpleData>
		<SimpleData name="Address">24</SimpleData>
		<SimpleData name="Street">Ashmore Street</SimpleData>
		<SimpleData name="Location">between Binning Street and Binning Lane</SimpleData>
		<SimpleData name="Suburb">Erskineville</SimpleData>
		<SimpleData name="SideOfStreet">Southside</SimpleData>
		<SimpleData name="NumberParkingSpaces">1</SimpleData>
		<SimpleData name="ParkingSpaceWidth">3.2</SimpleData>
		<SimpleData name="ParkingSpaceLength">6.4</SimpleData>
		<SimpleData name="ParkingSpaceAngle">Parallel</SimpleData>
		<SimpleData name="URL">https://goo.gl/Yi1r7d</SimpleData>
		<SimpleData name="AuditDate">1/06/2017</SimpleData>
	</SchemaData></ExtendedData>
      <Point><coordinates>151.186831748357,-33.9024682070356</coordinates></Point>
  </Placemark>
  <Placemark>
	<ExtendedData><SchemaData schemaUrl="#Mobility_parking">
		<SimpleData name="OBJECTID">19</SimpleData>
		<SimpleData name="Address">37</SimpleData>
		<SimpleData name="Street">Ashmore Street</SimpleData>
		<SimpleData name="Location">between Mitchell Road and cul de sac</SimpleData>
		<SimpleData name="Suburb">Erskineville</SimpleData>
		<SimpleData name="SideOfStreet">Southside</SimpleData>
		<SimpleData name="NumberParkingSpaces">1</SimpleData>
		<SimpleData name="ParkingSpaceWidth">3.2</SimpleData>
		<SimpleData name="ParkingSpaceLength">5.4</SimpleData>
		<SimpleData name="ParkingSpaceAngle">Parallel</SimpleData>
		<SimpleData name="URL">https://goo.gl/3qxgSr</SimpleData>
		<SimpleData name="AuditDate">1/06/2017</SimpleData>
	</SchemaData></ExtendedData>
      <Point><coordinates>151.187641537654,-33.9025824397383</coordinates></Point>
  </Placemark>
  <Placemark>
	<ExtendedData><SchemaData schemaUrl="#Mobility_parking">
		<SimpleData name="OBJECTID">20</SimpleData>
		<SimpleData name="Address">29</SimpleData>
		<SimpleData name="Street">Swanson Street</SimpleData>
		<SimpleData name="Location">between Elliott Avenue and Malcolm Street</SimpleData>
		<SimpleData name="Suburb">Erskineville</SimpleData>
		<SimpleData name="SideOfStreet">Southside</SimpleData>
		<SimpleData name="NumberParkingSpaces">1</SimpleData>
		<SimpleData name="ParkingSpaceWidth">3</SimpleData>
		<SimpleData name="ParkingSpaceLength">7.8</SimpleData>
		<SimpleData name="ParkingSpaceAngle">Parallel</SimpleData>
		<SimpleData name="URL">https://goo.gl/Z53uj2</SimpleData>
		<SimpleData name="AuditDate">1/06/2017</SimpleData>
	</SchemaData></ExtendedData>
      <Point><coordinates>151.188454826738,-33.9004512411585</coordinates></Point>
  </Placemark>
  <Placemark>
	<ExtendedData><SchemaData schemaUrl="#Mobility_parking">
		<SimpleData name="OBJECTID">21</SimpleData>
		<SimpleData name="Address">25</SimpleData>
		<SimpleData name="Street">Elliott Avenue</SimpleData>
		<SimpleData name="Location">between Binning Street and Swanson Street</SimpleData>
		<SimpleData name="Suburb">Erskineville</SimpleData>
		<SimpleData name="SideOfStreet">Northside</SimpleData>
		<SimpleData name="NumberParkingSpaces">3</SimpleData>
		<SimpleData name="ParkingSpaceWidth">3.2</SimpleData>
		<SimpleData name="ParkingSpaceLength">7</SimpleData>
		<SimpleData name="ParkingSpaceAngle">Parallel</SimpleData>
		<SimpleData name="SignText">Mobility Parking Only</SimpleData>
		<SimpleData name="URL">https://goo.gl/maps/86cz1MrQEFza1C4YA</SimpleData>
		<SimpleData name="AuditDate">3/8/2023</SimpleData>
	</SchemaData></ExtendedData>
      <Point><coordinates>151.188089569593,-33.9014201868645</coordinates></Point>
  </Placemark>
  <Placemark>
	<ExtendedData><SchemaData schemaUrl="#Mobility_parking">
		<SimpleData name="OBJECTID">22</SimpleData>
		<SimpleData name="Address">89</SimpleData>
		<SimpleData name="Street">Erskineville Road</SimpleData>
		<SimpleData name="Location">between George Street and Morrissey Road</SimpleData>
		<SimpleData name="Suburb">Erskineville</SimpleData>
		<SimpleData name="SideOfStreet">Southside</SimpleData>
		<SimpleData name="NumberParkingSpaces">1</SimpleData>
		<SimpleData name="ParkingSpaceWidth">2.9</SimpleData>
		<SimpleData name="ParkingSpaceLength">5.5</SimpleData>
		<SimpleData name="ParkingSpaceAngle">Parallel</SimpleData>
		<SimpleData name="SignText">Mobility parking only, 830am to 6pm Monday to Friday and 830am to 1230pm Saturdays</SimpleData>
		<SimpleData name="URL">https://goo.gl/ndXwhA</SimpleData>
		<SimpleData name="AuditDate">1/06/2017</SimpleData>
	</SchemaData></ExtendedData>
      <Point><coordinates>151.184691513854,-33.8998618257728</coordinates></Point>
  </Placemark>
  <Placemark>
	<ExtendedData><SchemaData schemaUrl="#Mobility_parking">
		<SimpleData name="OBJECTID">23</SimpleData>
		<SimpleData name="Address">8A</SimpleData>
		<SimpleData name="Street">Amy Street</SimpleData>
		<SimpleData name="Location">between MacDonald Street and Knight Street</SimpleData>
		<SimpleData name="Suburb">Erskineville</SimpleData>
		<SimpleData name="SideOfStreet">Eastside</SimpleData>
		<SimpleData name="NumberParkingSpaces">1</SimpleData>
		<SimpleData name="ParkingSpaceWidth">3.2</SimpleData>
		<SimpleData name="ParkingSpaceLength">7</SimpleData>
		<SimpleData name="ParkingSpaceAngle">Parallel</SimpleData>
		<SimpleData name="URL">https://goo.gl/QUAmHJ</SimpleData>
		<SimpleData name="AuditDate">2/06/2017</SimpleData>
	</SchemaData></ExtendedData>
      <Point><coordinates>151.182839896456,-33.904016180715</coordinates></Point>
  </Placemark>
  <Placemark>
	<ExtendedData><SchemaData schemaUrl="#Mobility_parking">
		<SimpleData name="OBJECTID">24</SimpleData>
		<SimpleData name="Address">8</SimpleData>
		<SimpleData name="Street">Flora Street</SimpleData>
		<SimpleData name="Location">between MacDonald Street and Coulson Street</SimpleData>
		<SimpleData name="Suburb">Erskineville</SimpleData>
		<SimpleData name="SideOfStreet">Eastside</SimpleData>
		<SimpleData name="NumberParkingSpaces">1</SimpleData>
		<SimpleData name="ParkingSpaceWidth">2.2</SimpleData>
		<SimpleData name="ParkingSpaceLength">7.3</SimpleData>
		<SimpleData name="ParkingSpaceAngle">Parallel</SimpleData>
		<SimpleData name="URL">https://goo.gl/Bj8Nq1</SimpleData>
		<SimpleData name="AuditDate">2/06/2017</SimpleData>
	</SchemaData></ExtendedData>
      <Point><coordinates>151.183564979492,-33.9041128807788</coordinates></Point>
  </Placemark>
  <Placemark>
	<ExtendedData><SchemaData schemaUrl="#Mobility_parking">
		<SimpleData name="OBJECTID">25</SimpleData>
		<SimpleData name="Address">Shop 14</SimpleData>
		<SimpleData name="Street">Coulson Street</SimpleData>
		<SimpleData name="Location">between Mitchell Road and Eve Street</SimpleData>
		<SimpleData name="Suburb">Erskineville</SimpleData>
		<SimpleData name="SideOfStreet">Southside</SimpleData>
		<SimpleData name="NumberParkingSpaces">1</SimpleData>
		<SimpleData name="ParkingSpaceWidth">3.5</SimpleData>
		<SimpleData name="ParkingSpaceLength">6</SimpleData>
		<SimpleData name="ParkingSpaceAngle">60-degree</SimpleData>
		<SimpleData name="SignText">60 degree angle parking rear to kerb</SimpleData>
		<SimpleData name="URL">https://goo.gl/hJC4mN</SimpleData>
		<SimpleData name="AuditDate">2/06/2017</SimpleData>
	</SchemaData></ExtendedData>
      <Point><coordinates>151.187505961048,-33.9061902318228</coordinates></Point>
  </Placemark>
  <Placemark>
	<ExtendedData><SchemaData schemaUrl="#Mobility_parking">
		<SimpleData name="OBJECTID">26</SimpleData>
		<SimpleData name="Address">Erskineville Mosque</SimpleData>
		<SimpleData name="Street">Charles Street</SimpleData>
		<SimpleData name="Location">between Erskineville Road and Albert Street</SimpleData>
		<SimpleData name="Suburb">Erskineville</SimpleData>
		<SimpleData name="SideOfStreet">Westside</SimpleData>
		<SimpleData name="NumberParkingSpaces">1</SimpleData>
		<SimpleData name="ParkingSpaceWidth">3.2</SimpleData>
		<SimpleData name="ParkingSpaceLength">6.8</SimpleData>
		<SimpleData name="ParkingSpaceAngle">Parallel</SimpleData>
		<SimpleData name="URL">https://goo.gl/ieYiML</SimpleData>
		<SimpleData name="AuditDate">2/06/2017</SimpleData>
	</SchemaData></ExtendedData>
      <Point><coordinates>151.184784137977,-33.8987901947164</coordinates></Point>
  </Placemark>
  <Placemark>
	<ExtendedData><SchemaData schemaUrl="#Mobility_parking">
		<SimpleData name="OBJECTID">27</SimpleData>
		<SimpleData name="Street">Myrtle Street</SimpleData>
		<SimpleData name="Location">between City Road and Paints Lane</SimpleData>
		<SimpleData name="Suburb">Chippendale</SimpleData>
		<SimpleData name="SideOfStreet">Northside</SimpleData>
		<SimpleData name="NumberParkingSpaces">1</SimpleData>
		<SimpleData name="ParkingSpaceWidth">3.2</SimpleData>
		<SimpleData name="ParkingSpaceLength">6.8</SimpleData>
		<SimpleData name="ParkingSpaceAngle">Parallel</SimpleData>
		<SimpleData name="URL">https://goo.gl/ndcijv</SimpleData>
		<SimpleData name="AuditDate">5/06/2017</SimpleData>
	</SchemaData></ExtendedData>
      <Point><coordinates>151.194159245949,-33.8865701455679</coordinates></Point>
  </Placemark>
  <Placemark>
	<ExtendedData><SchemaData schemaUrl="#Mobility_parking">
		<SimpleData name="OBJECTID">28</SimpleData>
		<SimpleData name="Address">13</SimpleData>
		<SimpleData name="Street">Campbell Street</SimpleData>
		<SimpleData name="Location">between Pitt Street and George Street</SimpleData>
		<SimpleData name="Suburb">Haymarket</SimpleData>
		<SimpleData name="SideOfStreet">Southside</SimpleData>
		<SimpleData name="NumberParkingSpaces">2</SimpleData>
		<SimpleData name="ParkingSpaceWidth">3.2</SimpleData>
		<SimpleData name="ParkingSpaceLength">6.4</SimpleData>
		<SimpleData name="ParkingSpaceAngle">Parallel</SimpleData>
		<SimpleData name="URL">https://goo.gl/8UBdBw</SimpleData>
		<SimpleData name="AuditDate">6/06/2017</SimpleData>
	</SchemaData></ExtendedData>
      <Point><coordinates>151.206227330271,-33.8792799392868</coordinates></Point>
  </Placemark>
  <Placemark>
	<ExtendedData><SchemaData schemaUrl="#Mobility_parking">
		<SimpleData name="OBJECTID">29</SimpleData>
		<SimpleData name="Address">65</SimpleData>
		<SimpleData name="Street">Portman Street</SimpleData>
		<SimpleData name="Location">between Hansard Street and Merton Street</SimpleData>
		<SimpleData name="Suburb">Zetland</SimpleData>
		<SimpleData name="SideOfStreet">Westside</SimpleData>
		<SimpleData name="NumberParkingSpaces">1</SimpleData>
		<SimpleData name="ParkingSpaceWidth">3.2</SimpleData>
		<SimpleData name="ParkingSpaceLength">6</SimpleData>
		<SimpleData name="ParkingSpaceAngle">Parallel</SimpleData>
		<SimpleData name="URL">https://goo.gl/TP9iue</SimpleData>
		<SimpleData name="AuditDate">9/06/2017</SimpleData>
	</SchemaData></ExtendedData>
      <Point><coordinates>151.20578841431,-33.9064770667268</coordinates></Point>
  </Placemark>
  <Placemark>
	<ExtendedData><SchemaData schemaUrl="#Mobility_parking">
		<SimpleData name="OBJECTID">30</SimpleData>
		<SimpleData name="Address">71</SimpleData>
		<SimpleData name="Street">Regent Street</SimpleData>
		<SimpleData name="Location">between Kensington Street and Outram Street</SimpleData>
		<SimpleData name="Suburb">Chippendale</SimpleData>
		<SimpleData name="SideOfStreet">Westside</SimpleData>
		<SimpleData name="NumberParkingSpaces">1</SimpleData>
		<SimpleData name="ParkingSpaceWidth">3.5</SimpleData>
		<SimpleData name="ParkingSpaceLength">6.2</SimpleData>
		<SimpleData name="ParkingSpaceAngle">Parallel</SimpleData>
		<SimpleData name="URL">https://goo.gl/maps/QGy3VrKWCaXZKPzp7</SimpleData>
		<SimpleData name="AuditDate">5/06/2017</SimpleData>
	</SchemaData></ExtendedData>
      <Point><coordinates>151.202162731871,-33.8863001990654</coordinates></Point>
  </Placemark>
  <Placemark>
	<ExtendedData><SchemaData schemaUrl="#Mobility_parking">
		<SimpleData name="OBJECTID">31</SimpleData>
		<SimpleData name="Address">76</SimpleData>
		<SimpleData name="Street">George Street</SimpleData>
		<SimpleData name="Location">between Wells Street and James Street</SimpleData>
		<SimpleData name="Suburb">Redfern</SimpleData>
		<SimpleData name="SideOfStreet">Westside</SimpleData>
		<SimpleData name="NumberParkingSpaces">1</SimpleData>
		<SimpleData name="ParkingSpaceWidth">2.4</SimpleData>
		<SimpleData name="ParkingSpaceLength">5.5</SimpleData>
		<SimpleData name="ParkingSpaceAngle">Parallel</SimpleData>
		<SimpleData name="URL">https://goo.gl/NvyXdQ</SimpleData>
		<SimpleData name="AuditDate">5/06/2017</SimpleData>
	</SchemaData></ExtendedData>
      <Point><coordinates>151.202357047317,-33.8912796168963</coordinates></Point>
  </Placemark>
  <Placemark>
	<ExtendedData><SchemaData schemaUrl="#Mobility_parking">
		<SimpleData name="OBJECTID">32</SimpleData>
		<SimpleData name="Address">10</SimpleData>
		<SimpleData name="Street">Pitt Street</SimpleData>
		<SimpleData name="Location">between Wells Street and James Street</SimpleData>
		<SimpleData name="Suburb">Redfern</SimpleData>
		<SimpleData name="SideOfStreet">Westside</SimpleData>
		<SimpleData name="NumberParkingSpaces">1</SimpleData>
		<SimpleData name="ParkingSpaceWidth">3.2</SimpleData>
		<SimpleData name="ParkingSpaceLength">5.4</SimpleData>
		<SimpleData name="ParkingSpaceAngle">60-degree</SimpleData>
		<SimpleData name="URL">https://goo.gl/7JWDNT</SimpleData>
		<SimpleData name="AuditDate">5/06/2017</SimpleData>
	</SchemaData></ExtendedData>
      <Point><coordinates>151.20433804014,-33.8902225432431</coordinates></Point>
  </Placemark>
  <Placemark>
	<ExtendedData><SchemaData schemaUrl="#Mobility_parking">
		<SimpleData name="OBJECTID">33</SimpleData>
		<SimpleData name="Address">107</SimpleData>
		<SimpleData name="Street">Redfern Street</SimpleData>
		<SimpleData name="Location">between Pitt Street and George Street</SimpleData>
		<SimpleData name="Suburb">Redfern</SimpleData>
		<SimpleData name="SideOfStreet">Southside</SimpleData>
		<SimpleData name="NumberParkingSpaces">1</SimpleData>
		<SimpleData name="ParkingSpaceWidth">3.2</SimpleData>
		<SimpleData name="ParkingSpaceLength">5.4</SimpleData>
		<SimpleData name="ParkingSpaceAngle">Parallel</SimpleData>
		<SimpleData name="URL">https://goo.gl/WY8zs8</SimpleData>
		<SimpleData name="AuditDate">5/06/2017</SimpleData>
	</SchemaData></ExtendedData>
      <Point><coordinates>151.203255113064,-33.8927367364946</coordinates></Point>
  </Placemark>
  <Placemark>
	<ExtendedData><SchemaData schemaUrl="#Mobility_parking">
		<SimpleData name="OBJECTID">34</SimpleData>
		<SimpleData name="Address">103-109</SimpleData>
		<SimpleData name="Street">George Street</SimpleData>
		<SimpleData name="Location">between Redfern Street and Turner Street</SimpleData>
		<SimpleData name="Suburb">Redfern</SimpleData>
		<SimpleData name="SideOfStreet">Eastside</SimpleData>
		<SimpleData name="NumberParkingSpaces">1</SimpleData>
		<SimpleData name="ParkingSpaceWidth">2.3</SimpleData>
		<SimpleData name="ParkingSpaceLength">5.8</SimpleData>
		<SimpleData name="ParkingSpaceAngle">Parallel</SimpleData>
		<SimpleData name="URL">https://goo.gl/AtKizC</SimpleData>
		<SimpleData name="AuditDate">5/06/2017</SimpleData>
	</SchemaData></ExtendedData>
      <Point><coordinates>151.202194013065,-33.8928024633489</coordinates></Point>
  </Placemark>
  <Placemark>
	<ExtendedData><SchemaData schemaUrl="#Mobility_parking">
		<SimpleData name="OBJECTID">35</SimpleData>
		<SimpleData name="Street">Boundary Street</SimpleData>
		<SimpleData name="Location">between Wyndham Street and Regent Street</SimpleData>
		<SimpleData name="Suburb">Redfern</SimpleData>
		<SimpleData name="SideOfStreet">Southside</SimpleData>
		<SimpleData name="NumberParkingSpaces">1</SimpleData>
		<SimpleData name="ParkingSpaceWidth">3.2</SimpleData>
		<SimpleData name="ParkingSpaceLength">7.8</SimpleData>
		<SimpleData name="ParkingSpaceAngle">Parallel</SimpleData>
		<SimpleData name="URL">https://goo.gl/bPNUFx</SimpleData>
		<SimpleData name="AuditDate">5/06/2017</SimpleData>
	</SchemaData></ExtendedData>
      <Point><coordinates>151.198418300972,-33.8950476371043</coordinates></Point>
  </Placemark>
  <Placemark>
	<ExtendedData><SchemaData schemaUrl="#Mobility_parking">
		<SimpleData name="OBJECTID">36</SimpleData>
		<SimpleData name="Address">13</SimpleData>
		<SimpleData name="Street">Garden Street</SimpleData>
		<SimpleData name="Location">between Central Avenue and Locomotive Street</SimpleData>
		<SimpleData name="Suburb">Redfern</SimpleData>
		<SimpleData name="SideOfStreet">Westside</SimpleData>
		<SimpleData name="NumberParkingSpaces">3</SimpleData>
		<SimpleData name="ParkingSpaceWidth">4</SimpleData>
		<SimpleData name="ParkingSpaceLength">5.4</SimpleData>
		<SimpleData name="ParkingSpaceAngle">90-degree</SimpleData>
		<SimpleData name="URL">https://goo.gl/DcHyMJ</SimpleData>
		<SimpleData name="AuditDate">5/06/2017</SimpleData>
	</SchemaData></ExtendedData>
      <Point><coordinates>151.197161370204,-33.8957630867035</coordinates></Point>
  </Placemark>
  <Placemark>
	<ExtendedData><SchemaData schemaUrl="#Mobility_parking">
		<SimpleData name="OBJECTID">37</SimpleData>
		<SimpleData name="Street">Reserve Street</SimpleData>
		<SimpleData name="Location">between Botany Road and Beaconsfield Lane</SimpleData>
		<SimpleData name="Suburb">Beaconsfield</SimpleData>
		<SimpleData name="SideOfStreet">Southside</SimpleData>
		<SimpleData name="NumberParkingSpaces">1</SimpleData>
		<SimpleData name="ParkingSpaceWidth">3.2</SimpleData>
		<SimpleData name="ParkingSpaceLength">7.8</SimpleData>
		<SimpleData name="ParkingSpaceAngle">Parallel</SimpleData>
		<SimpleData name="URL">https://goo.gl/X9Gm1z</SimpleData>
		<SimpleData name="AuditDate">9/06/2017</SimpleData>
	</SchemaData></ExtendedData>
      <Point><coordinates>151.201920956741,-33.9108725547277</coordinates></Point>
  </Placemark>
  <Placemark>
	<ExtendedData><SchemaData schemaUrl="#Mobility_parking">
		<SimpleData name="OBJECTID">38</SimpleData>
		<SimpleData name="Address">6</SimpleData>
		<SimpleData name="Street">Zamia Street</SimpleData>
		<SimpleData name="Location">between Baptist Street and Baptist Lane</SimpleData>
		<SimpleData name="Suburb">Redfern</SimpleData>
		<SimpleData name="SideOfStreet">Southside</SimpleData>
		<SimpleData name="NumberParkingSpaces">1</SimpleData>
		<SimpleData name="ParkingSpaceWidth">3.2</SimpleData>
		<SimpleData name="ParkingSpaceLength">5.2</SimpleData>
		<SimpleData name="ParkingSpaceAngle">Parallel</SimpleData>
		<SimpleData name="URL">https://goo.gl/ZGeQzo</SimpleData>
		<SimpleData name="AuditDate">9/06/2017</SimpleData>
	</SchemaData></ExtendedData>
      <Point><coordinates>151.211585830216,-33.8955622824091</coordinates></Point>
  </Placemark>
  <Placemark>
	<ExtendedData><SchemaData schemaUrl="#Mobility_parking">
		<SimpleData name="OBJECTID">39</SimpleData>
		<SimpleData name="Address">19</SimpleData>
		<SimpleData name="Street">Thurlow Street</SimpleData>
		<SimpleData name="Location">between Thurlow Lane and Bourke Street</SimpleData>
		<SimpleData name="Suburb">Redfern</SimpleData>
		<SimpleData name="SideOfStreet">Southside</SimpleData>
		<SimpleData name="NumberParkingSpaces">1</SimpleData>
		<SimpleData name="ParkingSpaceWidth">3.2</SimpleData>
		<SimpleData name="ParkingSpaceLength">7</SimpleData>
		<SimpleData name="ParkingSpaceAngle">Parallel</SimpleData>
		<SimpleData name="URL">https://goo.gl/RZPb4J</SimpleData>
		<SimpleData name="AuditDate">9/06/2017</SimpleData>
	</SchemaData></ExtendedData>
      <Point><coordinates>151.214955795039,-33.8943646683731</coordinates></Point>
  </Placemark>
  <Placemark>
	<ExtendedData><SchemaData schemaUrl="#Mobility_parking">
		<SimpleData name="OBJECTID">40</SimpleData>
		<SimpleData name="Address">267</SimpleData>
		<SimpleData name="Street">Chalmers Street</SimpleData>
		<SimpleData name="Location">between Turner Street and Phillip Street</SimpleData>
		<SimpleData name="Suburb">Redfern</SimpleData>
		<SimpleData name="SideOfStreet">Eastside</SimpleData>
		<SimpleData name="NumberParkingSpaces">1</SimpleData>
		<SimpleData name="ParkingSpaceWidth">3.9</SimpleData>
		<SimpleData name="ParkingSpaceLength">6</SimpleData>
		<SimpleData name="ParkingSpaceAngle">60-degree</SimpleData>
		<SimpleData name="SignText">rear to kerb parking</SimpleData>
		<SimpleData name="URL">https://goo.gl/XQCiHA</SimpleData>
		<SimpleData name="AuditDate">28/06/2017</SimpleData>
	</SchemaData></ExtendedData>
      <Point><coordinates>151.205038236391,-33.8952833356646</coordinates></Point>
  </Placemark>
  <Placemark>
	<ExtendedData><SchemaData schemaUrl="#Mobility_parking">
		<SimpleData name="OBJECTID">41</SimpleData>
		<SimpleData name="Address">16</SimpleData>
		<SimpleData name="Street">Cope Street</SimpleData>
		<SimpleData name="Location">between Phillip Street and Turner Street</SimpleData>
		<SimpleData name="Suburb">Redfern</SimpleData>
		<SimpleData name="SideOfStreet">Westside</SimpleData>
		<SimpleData name="NumberParkingSpaces">3</SimpleData>
		<SimpleData name="ParkingSpaceWidth">3.2</SimpleData>
		<SimpleData name="ParkingSpaceLength">5.6</SimpleData>
		<SimpleData name="ParkingSpaceAngle">Parallel</SimpleData>
		<SimpleData name="SignText">Mobility parking only, 7am to 5pm Monday to Friday</SimpleData>
		<SimpleData name="URL">https://goo.gl/Xke29G</SimpleData>
		<SimpleData name="AuditDate">28/06/2017</SimpleData>
	</SchemaData></ExtendedData>
      <Point><coordinates>151.200211763238,-33.8939386412489</coordinates></Point>
  </Placemark>
  <Placemark>
	<ExtendedData><SchemaData schemaUrl="#Mobility_parking">
		<SimpleData name="OBJECTID">42</SimpleData>
		<SimpleData name="Address">Sydney Park</SimpleData>
		<SimpleData name="Street">Harber Street</SimpleData>
		<SimpleData name="Location">parking bay in Sydney Park</SimpleData>
		<SimpleData name="Suburb">St Peters</SimpleData>
		<SimpleData name="SideOfStreet">Eastside</SimpleData>
		<SimpleData name="NumberParkingSpaces">2</SimpleData>
		<SimpleData name="ParkingSpaceWidth">3.2</SimpleData>
		<SimpleData name="ParkingSpaceLength">5.4</SimpleData>
		<SimpleData name="ParkingSpaceAngle">90-degree</SimpleData>
		<SimpleData name="SignText">90 degree angle parking rear to kerb</SimpleData>
		<SimpleData name="URL">https://goo.gl/maps/hVXN3Xo4aXc5efh36</SimpleData>
		<SimpleData name="AuditDate">2/06/2017</SimpleData>
	</SchemaData></ExtendedData>
      <Point><coordinates>151.183997558255,-33.9143766244139</coordinates></Point>
  </Placemark>
  <Placemark>
	<ExtendedData><SchemaData schemaUrl="#Mobility_parking">
		<SimpleData name="OBJECTID">43</SimpleData>
		<SimpleData name="Address">31</SimpleData>
		<SimpleData name="Street">Roslyn Street</SimpleData>
		<SimpleData name="Location">between Ward Avenue and Roslyn Gardens</SimpleData>
		<SimpleData name="Suburb">Rushcutters Bay</SimpleData>
		<SimpleData name="SideOfStreet">Eastside</SimpleData>
		<SimpleData name="NumberParkingSpaces">1</SimpleData>
		<SimpleData name="ParkingSpaceWidth">3.2</SimpleData>
		<SimpleData name="ParkingSpaceLength">7.3</SimpleData>
		<SimpleData name="ParkingSpaceAngle">Parallel</SimpleData>
		<SimpleData name="URL">https://goo.gl/G6D51Y</SimpleData>
		<SimpleData name="AuditDate">14/06/2017</SimpleData>
	</SchemaData></ExtendedData>
      <Point><coordinates>151.225411136196,-33.8742325309049</coordinates></Point>
  </Placemark>
  <Placemark>
	<ExtendedData><SchemaData schemaUrl="#Mobility_parking">
		<SimpleData name="OBJECTID">44</SimpleData>
		<SimpleData name="Address">81</SimpleData>
		<SimpleData name="Street">Macleay Street</SimpleData>
		<SimpleData name="Location">between Manning Street and Rockwall Crescent</SimpleData>
		<SimpleData name="Suburb">Potts Point</SimpleData>
		<SimpleData name="SideOfStreet">Westside</SimpleData>
		<SimpleData name="NumberParkingSpaces">2</SimpleData>
		<SimpleData name="ParkingSpaceWidth">3.2</SimpleData>
		<SimpleData name="ParkingSpaceLength">5.7</SimpleData>
		<SimpleData name="ParkingSpaceAngle">Parallel</SimpleData>
		<SimpleData name="URL">https://goo.gl/RXagid</SimpleData>
		<SimpleData name="AuditDate">14/06/2017</SimpleData>
	</SchemaData></ExtendedData>
      <Point><coordinates>151.225286282531,-33.8703645144436</coordinates></Point>
  </Placemark>
  <Placemark>
	<ExtendedData><SchemaData schemaUrl="#Mobility_parking">
		<SimpleData name="OBJECTID">45</SimpleData>
		<SimpleData name="Address">41</SimpleData>
		<SimpleData name="Street">Rowley Lane</SimpleData>
		<SimpleData name="Location">between Rowley Street and Alexander Street</SimpleData>
		<SimpleData name="Suburb">Eveleigh</SimpleData>
		<SimpleData name="SideOfStreet">Westside</SimpleData>
		<SimpleData name="NumberParkingSpaces">1</SimpleData>
		<SimpleData name="ParkingSpaceWidth">3.2</SimpleData>
		<SimpleData name="ParkingSpaceLength">7.2</SimpleData>
		<SimpleData name="ParkingSpaceAngle">Parallel</SimpleData>
		<SimpleData name="URL">https://goo.gl/2DYTXL</SimpleData>
		<SimpleData name="AuditDate">2/06/2017</SimpleData>
	</SchemaData></ExtendedData>
      <Point><coordinates>151.192671180706,-33.8967624599081</coordinates></Point>
  </Placemark>
  <Placemark>
	<ExtendedData><SchemaData schemaUrl="#Mobility_parking">
		<SimpleData name="OBJECTID">46</SimpleData>
		<SimpleData name="Address">60</SimpleData>
		<SimpleData name="Street">Cook Road</SimpleData>
		<SimpleData name="Location">between Furber Road and Furber Lane</SimpleData>
		<SimpleData name="Suburb">Centennial Park</SimpleData>
		<SimpleData name="SideOfStreet">Westside</SimpleData>
		<SimpleData name="NumberParkingSpaces">1</SimpleData>
		<SimpleData name="ParkingSpaceWidth">3.2</SimpleData>
		<SimpleData name="ParkingSpaceLength">4.4</SimpleData>
		<SimpleData name="ParkingSpaceAngle">Parallel</SimpleData>
		<SimpleData name="URL">https://goo.gl/qLPyjA</SimpleData>
		<SimpleData name="AuditDate">9/06/2017</SimpleData>
	</SchemaData></ExtendedData>
      <Point><coordinates>151.23036599836,-33.8920436269832</coordinates></Point>
  </Placemark>
  <Placemark>
	<ExtendedData><SchemaData schemaUrl="#Mobility_parking">
		<SimpleData name="OBJECTID">47</SimpleData>
		<SimpleData name="Address">41</SimpleData>
		<SimpleData name="Street">Robertson Road</SimpleData>
		<SimpleData name="Location">between Dibbs Street and Oxley Lane</SimpleData>
		<SimpleData name="Suburb">Centennial Park</SimpleData>
		<SimpleData name="SideOfStreet">Southside</SimpleData>
		<SimpleData name="NumberParkingSpaces">1</SimpleData>
		<SimpleData name="ParkingSpaceWidth">3.2</SimpleData>
		<SimpleData name="ParkingSpaceLength">5.4</SimpleData>
		<SimpleData name="ParkingSpaceAngle">Parallel</SimpleData>
		<SimpleData name="URL">https://goo.gl/WSMvtH</SimpleData>
		<SimpleData name="AuditDate">9/06/2017</SimpleData>
	</SchemaData></ExtendedData>
      <Point><coordinates>151.223778755321,-33.9000798461123</coordinates></Point>
  </Placemark>
  <Placemark>
	<ExtendedData><SchemaData schemaUrl="#Mobility_parking">
		<SimpleData name="OBJECTID">48</SimpleData>
		<SimpleData name="Address">rear of Webber's Carpet Warehouse </SimpleData>
		<SimpleData name="Street">Nelson Street</SimpleData>
		<SimpleData name="Location">corner of Nelson Street and Chapman Road</SimpleData>
		<SimpleData name="Suburb">Annandale</SimpleData>
		<SimpleData name="SideOfStreet">Eastside</SimpleData>
		<SimpleData name="NumberParkingSpaces">2</SimpleData>
		<SimpleData name="ParkingSpaceWidth">3.3</SimpleData>
		<SimpleData name="ParkingSpaceLength">5.4</SimpleData>
		<SimpleData name="ParkingSpaceAngle">90-degree</SimpleData>
		<SimpleData name="URL">https://goo.gl/acv2iD</SimpleData>
		<SimpleData name="AuditDate">13/06/2017</SimpleData>
	</SchemaData></ExtendedData>
      <Point><coordinates>151.176509218575,-33.8761007970335</coordinates></Point>
  </Placemark>
  <Placemark>
	<ExtendedData><SchemaData schemaUrl="#Mobility_parking">
		<SimpleData name="OBJECTID">49</SimpleData>
		<SimpleData name="Address">6</SimpleData>
		<SimpleData name="Street">Chapman Road</SimpleData>
		<SimpleData name="Location">Chapman Road cul de sac near the lightrail bridge</SimpleData>
		<SimpleData name="Suburb">Annandale</SimpleData>
		<SimpleData name="SideOfStreet">Eastside</SimpleData>
		<SimpleData name="NumberParkingSpaces">1</SimpleData>
		<SimpleData name="ParkingSpaceWidth">4.1</SimpleData>
		<SimpleData name="ParkingSpaceLength">5.4</SimpleData>
		<SimpleData name="ParkingSpaceAngle">90-degree</SimpleData>
		<SimpleData name="URL">https://goo.gl/CDdWFs</SimpleData>
		<SimpleData name="AuditDate">13/06/2017</SimpleData>
	</SchemaData></ExtendedData>
      <Point><coordinates>151.175755899532,-33.8746977474662</coordinates></Point>
  </Placemark>
  <Placemark>
	<ExtendedData><SchemaData schemaUrl="#Mobility_parking">
		<SimpleData name="OBJECTID">50</SimpleData>
		<SimpleData name="Address">2-2A</SimpleData>
		<SimpleData name="Street">Chapman Road</SimpleData>
		<SimpleData name="Location">opposite Federal Park Playground</SimpleData>
		<SimpleData name="Suburb">Annandale</SimpleData>
		<SimpleData name="SideOfStreet">Eastside</SimpleData>
		<SimpleData name="NumberParkingSpaces">2</SimpleData>
		<SimpleData name="ParkingSpaceWidth">3.5</SimpleData>
		<SimpleData name="ParkingSpaceLength">4.6</SimpleData>
		<SimpleData name="ParkingSpaceAngle">90-degree</SimpleData>
		<SimpleData name="URL">https://goo.gl/nmRLhB</SimpleData>
		<SimpleData name="AuditDate">28/06/2017</SimpleData>
	</SchemaData></ExtendedData>
      <Point><coordinates>151.175737273665,-33.8731717424148</coordinates></Point>
  </Placemark>
  <Placemark>
	<ExtendedData><SchemaData schemaUrl="#Mobility_parking">
		<SimpleData name="OBJECTID">51</SimpleData>
		<SimpleData name="Address">McKell Building</SimpleData>
		<SimpleData name="Street">Barlow Street</SimpleData>
		<SimpleData name="Location">between Barlow Street and George Street</SimpleData>
		<SimpleData name="Suburb">Haymarket</SimpleData>
		<SimpleData name="SideOfStreet">Southside</SimpleData>
		<SimpleData name="NumberParkingSpaces">2</SimpleData>
		<SimpleData name="ParkingSpaceWidth">3.2</SimpleData>
		<SimpleData name="ParkingSpaceLength">5.4</SimpleData>
		<SimpleData name="ParkingSpaceAngle">Parallel</SimpleData>
		<SimpleData name="URL">https://goo.gl/U9wPy6</SimpleData>
		<SimpleData name="AuditDate">6/06/2017</SimpleData>
	</SchemaData></ExtendedData>
      <Point><coordinates>151.205111591568,-33.8809286171642</coordinates></Point>
  </Placemark>
  <Placemark>
	<ExtendedData><SchemaData schemaUrl="#Mobility_parking">
		<SimpleData name="OBJECTID">52</SimpleData>
		<SimpleData name="Address">10</SimpleData>
		<SimpleData name="Street">Quay Street</SimpleData>
		<SimpleData name="Location">between Bijou Lane and Thomas Street</SimpleData>
		<SimpleData name="Suburb">Haymarket</SimpleData>
		<SimpleData name="SideOfStreet">Eastside</SimpleData>
		<SimpleData name="NumberParkingSpaces">1</SimpleData>
		<SimpleData name="ParkingSpaceWidth">3.2</SimpleData>
		<SimpleData name="ParkingSpaceLength">5.8</SimpleData>
		<SimpleData name="ParkingSpaceAngle">Parallel</SimpleData>
		<SimpleData name="URL">https://goo.gl/SVewpR</SimpleData>
		<SimpleData name="AuditDate">6/06/2017</SimpleData>
	</SchemaData></ExtendedData>
      <Point><coordinates>151.203602910943,-33.8819475372959</coordinates></Point>
  </Placemark>
  <Placemark>
	<ExtendedData><SchemaData schemaUrl="#Mobility_parking">
		<SimpleData name="OBJECTID">53</SimpleData>
		<SimpleData name="Address">405-411</SimpleData>
		<SimpleData name="Street">Sussex Street</SimpleData>
		<SimpleData name="Location">between Hay Street to Little Hay Street</SimpleData>
		<SimpleData name="Suburb">Haymarket</SimpleData>
		<SimpleData name="SideOfStreet">Eastside</SimpleData>
		<SimpleData name="NumberParkingSpaces">1</SimpleData>
		<SimpleData name="ParkingSpaceWidth">3.2</SimpleData>
		<SimpleData name="ParkingSpaceLength">5.7</SimpleData>
		<SimpleData name="ParkingSpaceAngle">Parallel</SimpleData>
		<SimpleData name="URL">https://goo.gl/4a9Csf</SimpleData>
		<SimpleData name="AuditDate">6/06/2017</SimpleData>
	</SchemaData></ExtendedData>
      <Point><coordinates>151.20476210924,-33.8785830095501</coordinates></Point>
  </Placemark>
  <Placemark>
	<ExtendedData><SchemaData schemaUrl="#Mobility_parking">
		<SimpleData name="OBJECTID">54</SimpleData>
		<SimpleData name="Address">100</SimpleData>
		<SimpleData name="Street">Mallett Street</SimpleData>
		<SimpleData name="Location">between Hampshire Lane and Fowler Street</SimpleData>
		<SimpleData name="Suburb">Camperdown</SimpleData>
		<SimpleData name="SideOfStreet">Eastside</SimpleData>
		<SimpleData name="NumberParkingSpaces">2</SimpleData>
		<SimpleData name="ParkingSpaceWidth">3.2</SimpleData>
		<SimpleData name="ParkingSpaceLength">6.8</SimpleData>
		<SimpleData name="ParkingSpaceAngle">Parallel</SimpleData>
		<SimpleData name="URL">https://goo.gl/maps/mEMpdmjoN8JMatCm8</SimpleData>
		<SimpleData name="AuditDate">5/06/2017</SimpleData>
	</SchemaData></ExtendedData>
      <Point><coordinates>151.177641638265,-33.8892244312628</coordinates></Point>
  </Placemark>
  <Placemark>
	<ExtendedData><SchemaData schemaUrl="#Mobility_parking">
		<SimpleData name="OBJECTID">55</SimpleData>
		<SimpleData name="Address">92</SimpleData>
		<SimpleData name="Street">Church Street</SimpleData>
		<SimpleData name="Location">between Dunblane Street and Lucas Street</SimpleData>
		<SimpleData name="Suburb">Camperdown</SimpleData>
		<SimpleData name="SideOfStreet">Eastside</SimpleData>
		<SimpleData name="NumberParkingSpaces">1</SimpleData>
		<SimpleData name="ParkingSpaceWidth">3.2</SimpleData>
		<SimpleData name="ParkingSpaceLength">8.5</SimpleData>
		<SimpleData name="ParkingSpaceAngle">Parallel</SimpleData>
		<SimpleData name="SignText">30 minute parking</SimpleData>
		<SimpleData name="URL">https://goo.gl/grMhhR</SimpleData>
		<SimpleData name="AuditDate">5/06/2017</SimpleData>
	</SchemaData></ExtendedData>
      <Point><coordinates>151.178302566934,-33.888870926269</coordinates></Point>
  </Placemark>
  <Placemark>
	<ExtendedData><SchemaData schemaUrl="#Mobility_parking">
		<SimpleData name="OBJECTID">56</SimpleData>
		<SimpleData name="Address">46</SimpleData>
		<SimpleData name="Street">Dunblane Street</SimpleData>
		<SimpleData name="Location">between Missenden Road and Church Street</SimpleData>
		<SimpleData name="Suburb">Camperdown</SimpleData>
		<SimpleData name="SideOfStreet">Northside</SimpleData>
		<SimpleData name="NumberParkingSpaces">2</SimpleData>
		<SimpleData name="ParkingSpaceWidth">3.2</SimpleData>
		<SimpleData name="ParkingSpaceLength">4.8</SimpleData>
		<SimpleData name="ParkingSpaceAngle">Parallel</SimpleData>
		<SimpleData name="URL">https://goo.gl/tEM9Ed</SimpleData>
		<SimpleData name="AuditDate">5/06/2017</SimpleData>
	</SchemaData></ExtendedData>
      <Point><coordinates>151.180177732598,-33.8881015917783</coordinates></Point>
  </Placemark>
  <Placemark>
	<ExtendedData><SchemaData schemaUrl="#Mobility_parking">
		<SimpleData name="OBJECTID">57</SimpleData>
		<SimpleData name="Address">54-60</SimpleData>
		<SimpleData name="Street">Briggs Street</SimpleData>
		<SimpleData name="Location">between Church Street and Missenden Road</SimpleData>
		<SimpleData name="Suburb">Camperdown</SimpleData>
		<SimpleData name="SideOfStreet">Northside</SimpleData>
		<SimpleData name="NumberParkingSpaces">2</SimpleData>
		<SimpleData name="ParkingSpaceWidth">3.2</SimpleData>
		<SimpleData name="ParkingSpaceLength">6</SimpleData>
		<SimpleData name="ParkingSpaceAngle">Parallel</SimpleData>
		<SimpleData name="URL">https://goo.gl/vcdJqM</SimpleData>
		<SimpleData name="AuditDate">5/06/2017</SimpleData>
	</SchemaData></ExtendedData>
      <Point><coordinates>151.179795622903,-33.8876129900358</coordinates></Point>
  </Placemark>
  <Placemark>
	<ExtendedData><SchemaData schemaUrl="#Mobility_parking">
		<SimpleData name="OBJECTID">58</SimpleData>
		<SimpleData name="Address">4</SimpleData>
		<SimpleData name="Street">Lambert Street</SimpleData>
		<SimpleData name="Location">between Lyons Road and Layton Street</SimpleData>
		<SimpleData name="Suburb">Camperdown</SimpleData>
		<SimpleData name="SideOfStreet">Northside</SimpleData>
		<SimpleData name="NumberParkingSpaces">1</SimpleData>
		<SimpleData name="ParkingSpaceWidth">3.2</SimpleData>
		<SimpleData name="ParkingSpaceLength">5.7</SimpleData>
		<SimpleData name="ParkingSpaceAngle">Parallel</SimpleData>
		<SimpleData name="URL">https://goo.gl/vYdALg</SimpleData>
		<SimpleData name="AuditDate">13/06/2017</SimpleData>
	</SchemaData></ExtendedData>
      <Point><coordinates>151.17728123106,-33.8854860724702</coordinates></Point>
  </Placemark>
  <Placemark>
	<ExtendedData><SchemaData schemaUrl="#Mobility_parking">
		<SimpleData name="OBJECTID">59</SimpleData>
		<SimpleData name="Address">407</SimpleData>
		<SimpleData name="Street">South Dowling Street</SimpleData>
		<SimpleData name="Location">between Flinders Street and Hannam Street</SimpleData>
		<SimpleData name="Suburb">Darlinghurst</SimpleData>
		<SimpleData name="SideOfStreet">Westside</SimpleData>
		<SimpleData name="NumberParkingSpaces">1</SimpleData>
		<SimpleData name="ParkingSpaceWidth">3.2</SimpleData>
		<SimpleData name="ParkingSpaceLength">6</SimpleData>
		<SimpleData name="ParkingSpaceAngle">Parallel</SimpleData>
		<SimpleData name="URL">https://goo.gl/NsPQho</SimpleData>
		<SimpleData name="AuditDate">9/06/2017</SimpleData>
	</SchemaData></ExtendedData>
      <Point><coordinates>151.218356769788,-33.8839934619683</coordinates></Point>
  </Placemark>
  <Placemark>
	<ExtendedData><SchemaData schemaUrl="#Mobility_parking">
		<SimpleData name="OBJECTID">60</SimpleData>
		<SimpleData name="Address">341</SimpleData>
		<SimpleData name="Street">Bourke Street</SimpleData>
		<SimpleData name="Location">between Foley Street and Burton Street</SimpleData>
		<SimpleData name="Suburb">Darlinghurst</SimpleData>
		<SimpleData name="SideOfStreet">Westside</SimpleData>
		<SimpleData name="NumberParkingSpaces">1</SimpleData>
		<SimpleData name="ParkingSpaceWidth">3.2</SimpleData>
		<SimpleData name="ParkingSpaceLength">8.1</SimpleData>
		<SimpleData name="ParkingSpaceAngle">Parallel</SimpleData>
		<SimpleData name="URL">https://goo.gl/btaKxv</SimpleData>
		<SimpleData name="AuditDate">14/06/2017</SimpleData>
	</SchemaData></ExtendedData>
      <Point><coordinates>151.217019312958,-33.8793072524791</coordinates></Point>
  </Placemark>
  <Placemark>
	<ExtendedData><SchemaData schemaUrl="#Mobility_parking">
		<SimpleData name="OBJECTID">61</SimpleData>
		<SimpleData name="Address">301</SimpleData>
		<SimpleData name="Street">Forbes Street</SimpleData>
		<SimpleData name="Location">between Foley Street and Burton Street</SimpleData>
		<SimpleData name="Suburb">Darlinghurst</SimpleData>
		<SimpleData name="SideOfStreet">Westside</SimpleData>
		<SimpleData name="NumberParkingSpaces">7</SimpleData>
		<SimpleData name="ParkingSpaceWidth">3.2</SimpleData>
		<SimpleData name="ParkingSpaceLength">4.8</SimpleData>
		<SimpleData name="ParkingSpaceAngle">60-degree</SimpleData>
		<SimpleData name="SignText">60 degree angle parking front to kerb. Vehicles under 6 metres only</SimpleData>
		<SimpleData name="URL">https://goo.gl/1iio1X</SimpleData>
		<SimpleData name="AuditDate">14/06/2017</SimpleData>
	</SchemaData></ExtendedData>
      <Point><coordinates>151.217347517034,-33.8798079609559</coordinates></Point>
  </Placemark>
  <Placemark>
	<ExtendedData><SchemaData schemaUrl="#Mobility_parking">
		<SimpleData name="OBJECTID">62</SimpleData>
		<SimpleData name="Address">St Vincent's Hospital</SimpleData>
		<SimpleData name="Street">Victoria Street</SimpleData>
		<SimpleData name="Location">between Burton Street and Victoria Street</SimpleData>
		<SimpleData name="Suburb">Darlinghurst</SimpleData>
		<SimpleData name="SideOfStreet">Eastside</SimpleData>
		<SimpleData name="NumberParkingSpaces">1</SimpleData>
		<SimpleData name="ParkingSpaceWidth">3.7</SimpleData>
		<SimpleData name="ParkingSpaceLength">8.2</SimpleData>
		<SimpleData name="ParkingSpaceAngle">45-degree</SimpleData>
		<SimpleData name="SignText">45 degree angle parking rear to kerb. Vehicles under 6 metres only</SimpleData>
		<SimpleData name="URL">https://goo.gl/JfXhxf</SimpleData>
		<SimpleData name="AuditDate">14/06/2017</SimpleData>
	</SchemaData></ExtendedData>
      <Point><coordinates>151.22040737952,-33.8800052848803</coordinates></Point>
  </Placemark>
  <Placemark>
	<ExtendedData><SchemaData schemaUrl="#Mobility_parking">
		<SimpleData name="OBJECTID">63</SimpleData>
		<SimpleData name="Address">265</SimpleData>
		<SimpleData name="Street">Victoria Street</SimpleData>
		<SimpleData name="Location">between Liverpool Street and Burton Street</SimpleData>
		<SimpleData name="Suburb">Darlinghurst</SimpleData>
		<SimpleData name="SideOfStreet">Eastside</SimpleData>
		<SimpleData name="NumberParkingSpaces">1</SimpleData>
		<SimpleData name="ParkingSpaceWidth">3.2</SimpleData>
		<SimpleData name="ParkingSpaceLength">6</SimpleData>
		<SimpleData name="ParkingSpaceAngle">Parallel</SimpleData>
		<SimpleData name="URL">https://goo.gl/9VWhvk</SimpleData>
		<SimpleData name="AuditDate">14/06/2017</SimpleData>
	</SchemaData></ExtendedData>
      <Point><coordinates>151.221311495397,-33.878931141246</coordinates></Point>
  </Placemark>
  <Placemark>
	<ExtendedData><SchemaData schemaUrl="#Mobility_parking">
		<SimpleData name="OBJECTID">64</SimpleData>
		<SimpleData name="Address">26</SimpleData>
		<SimpleData name="Street">Womerah Avenue</SimpleData>
		<SimpleData name="Location">between Oswald Lane and Craigend Street</SimpleData>
		<SimpleData name="Suburb">Darlinghurst</SimpleData>
		<SimpleData name="SideOfStreet">Southside</SimpleData>
		<SimpleData name="NumberParkingSpaces">1</SimpleData>
		<SimpleData name="ParkingSpaceWidth">3.2</SimpleData>
		<SimpleData name="ParkingSpaceLength">6.5</SimpleData>
		<SimpleData name="ParkingSpaceAngle">Parallel</SimpleData>
		<SimpleData name="URL">https://goo.gl/8WoLSk</SimpleData>
		<SimpleData name="AuditDate">14/06/2017</SimpleData>
	</SchemaData></ExtendedData>
      <Point><coordinates>151.226037685473,-33.8771351438604</coordinates></Point>
  </Placemark>
  <Placemark>
	<ExtendedData><SchemaData schemaUrl="#Mobility_parking">
		<SimpleData name="OBJECTID">65</SimpleData>
		<SimpleData name="Address">43</SimpleData>
		<SimpleData name="Street">Boundary Street</SimpleData>
		<SimpleData name="Location">between Glenview Lane and Glenview Street</SimpleData>
		<SimpleData name="Suburb">Darlinghurst</SimpleData>
		<SimpleData name="SideOfStreet">Northside</SimpleData>
		<SimpleData name="NumberParkingSpaces">1</SimpleData>
		<SimpleData name="ParkingSpaceWidth">3.2</SimpleData>
		<SimpleData name="ParkingSpaceLength">7</SimpleData>
		<SimpleData name="ParkingSpaceAngle">Parallel</SimpleData>
		<SimpleData name="URL">https://goo.gl/v1aJtH</SimpleData>
		<SimpleData name="AuditDate">14/06/2017</SimpleData>
	</SchemaData></ExtendedData>
      <Point><coordinates>151.224001184186,-33.8793338309856</coordinates></Point>
  </Placemark>
  <Placemark>
	<ExtendedData><SchemaData schemaUrl="#Mobility_parking">
		<SimpleData name="OBJECTID">66</SimpleData>
		<SimpleData name="Street">Caldwell Street</SimpleData>
		<SimpleData name="Location">between Surry Street and  Nimrod Street</SimpleData>
		<SimpleData name="Suburb">Darlinghurst</SimpleData>
		<SimpleData name="SideOfStreet">Westside</SimpleData>
		<SimpleData name="NumberParkingSpaces">1</SimpleData>
		<SimpleData name="ParkingSpaceWidth">3.2</SimpleData>
		<SimpleData name="ParkingSpaceLength">4.2</SimpleData>
		<SimpleData name="ParkingSpaceAngle">Parallel</SimpleData>
		<SimpleData name="URL">https://goo.gl/ircYPm</SimpleData>
		<SimpleData name="AuditDate">14/06/2017</SimpleData>
	</SchemaData></ExtendedData>
      <Point><coordinates>151.222668752556,-33.8774285885546</coordinates></Point>
  </Placemark>
  <Placemark>
	<ExtendedData><SchemaData schemaUrl="#Mobility_parking">
		<SimpleData name="OBJECTID">67</SimpleData>
		<SimpleData name="Address">77</SimpleData>
		<SimpleData name="Street">Surrey Street</SimpleData>
		<SimpleData name="Location">between Caldwell Street and Surry Lane</SimpleData>
		<SimpleData name="Suburb">Darlinghurst</SimpleData>
		<SimpleData name="SideOfStreet">Northside</SimpleData>
		<SimpleData name="NumberParkingSpaces">1</SimpleData>
		<SimpleData name="ParkingSpaceWidth">3.2</SimpleData>
		<SimpleData name="ParkingSpaceLength">5.5</SimpleData>
		<SimpleData name="ParkingSpaceAngle">Parallel</SimpleData>
		<SimpleData name="URL">https://goo.gl/dmyiAq</SimpleData>
		<SimpleData name="AuditDate">14/06/2017</SimpleData>
	</SchemaData></ExtendedData>
      <Point><coordinates>151.222918949541,-33.8775045944421</coordinates></Point>
  </Placemark>
  <Placemark>
	<ExtendedData><SchemaData schemaUrl="#Mobility_parking">
		<SimpleData name="OBJECTID">68</SimpleData>
		<SimpleData name="Address">7</SimpleData>
		<SimpleData name="Street">Ithaca Road</SimpleData>
		<SimpleData name="Location">between The Esplanade and Ithaca Road</SimpleData>
		<SimpleData name="Suburb">Elizabeth Bay</SimpleData>
		<SimpleData name="SideOfStreet">Eastside</SimpleData>
		<SimpleData name="NumberParkingSpaces">1</SimpleData>
		<SimpleData name="ParkingSpaceWidth">3.7</SimpleData>
		<SimpleData name="ParkingSpaceLength">5.1</SimpleData>
		<SimpleData name="ParkingSpaceAngle">90-degree</SimpleData>
		<SimpleData name="SignText">90 degree angle parking rear to kerb. Vehicles under 6 metres only</SimpleData>
		<SimpleData name="URL">https://goo.gl/JBVMB3</SimpleData>
		<SimpleData name="AuditDate">14/06/2017</SimpleData>
	</SchemaData></ExtendedData>
      <Point><coordinates>151.228887376616,-33.8704200598789</coordinates></Point>
  </Placemark>
  <Placemark>
	<ExtendedData><SchemaData schemaUrl="#Mobility_parking">
		<SimpleData name="OBJECTID">69</SimpleData>
		<SimpleData name="Address">50-58</SimpleData>
		<SimpleData name="Street">Macleay Street</SimpleData>
		<SimpleData name="Location">between Fitzroy Gardens and Greenknowe Avenue</SimpleData>
		<SimpleData name="Suburb">Elizabeth Bay</SimpleData>
		<SimpleData name="SideOfStreet">Eastside</SimpleData>
		<SimpleData name="NumberParkingSpaces">3</SimpleData>
		<SimpleData name="ParkingSpaceWidth">3.2</SimpleData>
		<SimpleData name="ParkingSpaceLength">6</SimpleData>
		<SimpleData name="ParkingSpaceAngle">Parallel</SimpleData>
		<SimpleData name="URL">https://goo.gl/7vRYiY</SimpleData>
		<SimpleData name="AuditDate">14/06/2017</SimpleData>
	</SchemaData></ExtendedData>
      <Point><coordinates>151.225110285427,-33.8719613731114</coordinates></Point>
  </Placemark>
  <Placemark>
	<ExtendedData><SchemaData schemaUrl="#Mobility_parking">
		<SimpleData name="OBJECTID">70</SimpleData>
		<SimpleData name="Address">39</SimpleData>
		<SimpleData name="Street">Elizabeth Bay Road</SimpleData>
		<SimpleData name="Location">between Greenknowe Avenue and Amos Lane</SimpleData>
		<SimpleData name="Suburb">Elizabeth Bay</SimpleData>
		<SimpleData name="SideOfStreet">Eastside</SimpleData>
		<SimpleData name="NumberParkingSpaces">1</SimpleData>
		<SimpleData name="ParkingSpaceWidth">3.2</SimpleData>
		<SimpleData name="ParkingSpaceLength">5.7</SimpleData>
		<SimpleData name="ParkingSpaceAngle">Parallel</SimpleData>
		<SimpleData name="URL">https://goo.gl/auE8iC</SimpleData>
		<SimpleData name="AuditDate">14/06/2017</SimpleData>
	</SchemaData></ExtendedData>
      <Point><coordinates>151.227555066654,-33.8721032801728</coordinates></Point>
  </Placemark>
  <Placemark>
	<ExtendedData><SchemaData schemaUrl="#Mobility_parking">
		<SimpleData name="OBJECTID">71</SimpleData>
		<SimpleData name="Address">Darlington Public School</SimpleData>
		<SimpleData name="Street">Abercrombie Street</SimpleData>
		<SimpleData name="Location">between Golden Grove Street and Codrington Street</SimpleData>
		<SimpleData name="Suburb">Darlington</SimpleData>
		<SimpleData name="SideOfStreet">Northside</SimpleData>
		<SimpleData name="NumberParkingSpaces">2</SimpleData>
		<SimpleData name="ParkingSpaceWidth">3.2</SimpleData>
		<SimpleData name="ParkingSpaceLength">6.8</SimpleData>
		<SimpleData name="ParkingSpaceAngle">Parallel</SimpleData>
		<SimpleData name="SignText">Mobility parking only 8am to 6pm school days</SimpleData>
		<SimpleData name="URL">https://goo.gl/j4EtFL</SimpleData>
		<SimpleData name="AuditDate">5/06/2017</SimpleData>
	</SchemaData></ExtendedData>
      <Point><coordinates>151.189690475019,-33.8930611942991</coordinates></Point>
  </Placemark>
  <Placemark>
	<ExtendedData><SchemaData schemaUrl="#Mobility_parking">
		<SimpleData name="OBJECTID">72</SimpleData>
		<SimpleData name="Address">444</SimpleData>
		<SimpleData name="Street">Wilson Street</SimpleData>
		<SimpleData name="Location">between Codrington Street and Sheppard Street</SimpleData>
		<SimpleData name="Suburb">Darlington</SimpleData>
		<SimpleData name="SideOfStreet">Northside</SimpleData>
		<SimpleData name="NumberParkingSpaces">1</SimpleData>
		<SimpleData name="ParkingSpaceWidth">3.2</SimpleData>
		<SimpleData name="ParkingSpaceLength">6.2</SimpleData>
		<SimpleData name="ParkingSpaceAngle">Parallel</SimpleData>
		<SimpleData name="URL">https://goo.gl/AqndD5</SimpleData>
		<SimpleData name="AuditDate">5/06/2017</SimpleData>
	</SchemaData></ExtendedData>
      <Point><coordinates>151.193762346695,-33.8925702859113</coordinates></Point>
  </Placemark>
  <Placemark>
	<ExtendedData><SchemaData schemaUrl="#Mobility_parking">
		<SimpleData name="OBJECTID">73</SimpleData>
		<SimpleData name="Address">502</SimpleData>
		<SimpleData name="Street">Wilson Street</SimpleData>
		<SimpleData name="Location">between Sheppard Street and Sheppard Lane</SimpleData>
		<SimpleData name="Suburb">Darlington</SimpleData>
		<SimpleData name="SideOfStreet">Northside</SimpleData>
		<SimpleData name="NumberParkingSpaces">1</SimpleData>
		<SimpleData name="ParkingSpaceWidth">3.2</SimpleData>
		<SimpleData name="ParkingSpaceLength">6.6</SimpleData>
		<SimpleData name="ParkingSpaceAngle">Parallel</SimpleData>
		<SimpleData name="URL">https://goo.gl/VjqJWA</SimpleData>
		<SimpleData name="AuditDate">5/06/2017</SimpleData>
	</SchemaData></ExtendedData>
      <Point><coordinates>151.195464063587,-33.8920507543711</coordinates></Point>
  </Placemark>
  <Placemark>
	<ExtendedData><SchemaData schemaUrl="#Mobility_parking">
		<SimpleData name="OBJECTID">74</SimpleData>
		<SimpleData name="Address">314</SimpleData>
		<SimpleData name="Street">Wilson Street</SimpleData>
		<SimpleData name="Location">between Golden Grove Street and Codrington Street</SimpleData>
		<SimpleData name="Suburb">Darlington</SimpleData>
		<SimpleData name="SideOfStreet">Northside</SimpleData>
		<SimpleData name="NumberParkingSpaces">1</SimpleData>
		<SimpleData name="ParkingSpaceWidth">3.2</SimpleData>
		<SimpleData name="ParkingSpaceLength">6.6</SimpleData>
		<SimpleData name="ParkingSpaceAngle">Parallel</SimpleData>
		<SimpleData name="URL">https://goo.gl/3j4tk2</SimpleData>
		<SimpleData name="AuditDate">5/06/2017</SimpleData>
	</SchemaData></ExtendedData>
      <Point><coordinates>151.190900784441,-33.8935005637036</coordinates></Point>
  </Placemark>
  <Placemark>
	<ExtendedData><SchemaData schemaUrl="#Mobility_parking">
		<SimpleData name="OBJECTID">75</SimpleData>
		<SimpleData name="Street">Darlington Road</SimpleData>
		<SimpleData name="Location">between Golden Grove Street and King Street</SimpleData>
		<SimpleData name="Suburb">Darlington</SimpleData>
		<SimpleData name="SideOfStreet">Southside</SimpleData>
		<SimpleData name="NumberParkingSpaces">2</SimpleData>
		<SimpleData name="ParkingSpaceWidth">3.2</SimpleData>
		<SimpleData name="ParkingSpaceLength">6.5</SimpleData>
		<SimpleData name="ParkingSpaceAngle">Parallel</SimpleData>
		<SimpleData name="URL">https://goo.gl/Wjkp9o</SimpleData>
		<SimpleData name="AuditDate">5/06/2017</SimpleData>
	</SchemaData></ExtendedData>
      <Point><coordinates>151.188035871511,-33.8921116041442</coordinates></Point>
  </Placemark>
  <Placemark>
	<ExtendedData><SchemaData schemaUrl="#Mobility_parking">
		<SimpleData name="OBJECTID">76</SimpleData>
		<SimpleData name="Address">121</SimpleData>
		<SimpleData name="Street">Darlington Road</SimpleData>
		<SimpleData name="Location">between Codrington Street and Golden Grove Street</SimpleData>
		<SimpleData name="Suburb">Darlington</SimpleData>
		<SimpleData name="SideOfStreet">Southside</SimpleData>
		<SimpleData name="NumberParkingSpaces">1</SimpleData>
		<SimpleData name="ParkingSpaceWidth">3.2</SimpleData>
		<SimpleData name="ParkingSpaceLength">5.4</SimpleData>
		<SimpleData name="ParkingSpaceAngle">Parallel</SimpleData>
		<SimpleData name="SignText">Mobility parking 830am to 530pm Monday to Friday</SimpleData>
		<SimpleData name="URL">https://goo.gl/KwYqxG</SimpleData>
		<SimpleData name="AuditDate">5/06/2017</SimpleData>
	</SchemaData></ExtendedData>
      <Point><coordinates>151.189371547668,-33.8916533876027</coordinates></Point>
  </Placemark>
  <Placemark>
	<ExtendedData><SchemaData schemaUrl="#Mobility_parking">
		<SimpleData name="OBJECTID">77</SimpleData>
		<SimpleData name="Address">45</SimpleData>
		<SimpleData name="Street">Golden Grove Street</SimpleData>
		<SimpleData name="Location">between Wilson Street and Abercrombie Street</SimpleData>
		<SimpleData name="Suburb">Darlington</SimpleData>
		<SimpleData name="SideOfStreet">Westside</SimpleData>
		<SimpleData name="NumberParkingSpaces">2</SimpleData>
		<SimpleData name="ParkingSpaceWidth">2.4</SimpleData>
		<SimpleData name="ParkingSpaceLength">3.6</SimpleData>
		<SimpleData name="ParkingSpaceAngle">Parallel</SimpleData>
		<SimpleData name="URL">https://goo.gl/4cuFJp</SimpleData>
		<SimpleData name="AuditDate">2/06/2017</SimpleData>
	</SchemaData></ExtendedData>
      <Point><coordinates>151.189171576985,-33.893845997569</coordinates></Point>
  </Placemark>
  <Placemark>
	<ExtendedData><SchemaData schemaUrl="#Mobility_parking">
		<SimpleData name="OBJECTID">78</SimpleData>
		<SimpleData name="Address">54</SimpleData>
		<SimpleData name="Street">Calder Road</SimpleData>
		<SimpleData name="Location">between Shephard Street and Shepard Lane</SimpleData>
		<SimpleData name="Suburb">Darlington</SimpleData>
		<SimpleData name="SideOfStreet">Northside</SimpleData>
		<SimpleData name="NumberParkingSpaces">1</SimpleData>
		<SimpleData name="ParkingSpaceWidth">2.2</SimpleData>
		<SimpleData name="ParkingSpaceLength">8.6</SimpleData>
		<SimpleData name="ParkingSpaceAngle">Parallel</SimpleData>
		<SimpleData name="URL">https://goo.gl/XaUZfa</SimpleData>
		<SimpleData name="AuditDate">5/06/2017</SimpleData>
	</SchemaData></ExtendedData>
      <Point><coordinates>151.194354245333,-33.890401598302</coordinates></Point>
  </Placemark>
  <Placemark>
	<ExtendedData><SchemaData schemaUrl="#Mobility_parking">
		<SimpleData name="OBJECTID">79</SimpleData>
		<SimpleData name="Address">108-118</SimpleData>
		<SimpleData name="Street">Shephard Street</SimpleData>
		<SimpleData name="Location">between Vine Street and Ivy Street</SimpleData>
		<SimpleData name="Suburb">Darlington</SimpleData>
		<SimpleData name="SideOfStreet">Eastside</SimpleData>
		<SimpleData name="NumberParkingSpaces">2</SimpleData>
		<SimpleData name="ParkingSpaceWidth">2</SimpleData>
		<SimpleData name="ParkingSpaceLength">6.2</SimpleData>
		<SimpleData name="ParkingSpaceAngle">Parallel</SimpleData>
		<SimpleData name="URL">https://goo.gl/TUukuT</SimpleData>
		<SimpleData name="AuditDate">5/06/2017</SimpleData>
	</SchemaData></ExtendedData>
      <Point><coordinates>151.19500288978,-33.888581519508</coordinates></Point>
  </Placemark>
  <Placemark>
	<ExtendedData><SchemaData schemaUrl="#Mobility_parking">
		<SimpleData name="OBJECTID">80</SimpleData>
		<SimpleData name="Address">30</SimpleData>
		<SimpleData name="Street">Thomas Street</SimpleData>
		<SimpleData name="Location">between Vine Street and Ivy Lane</SimpleData>
		<SimpleData name="Suburb">Darlington</SimpleData>
		<SimpleData name="SideOfStreet">Westside</SimpleData>
		<SimpleData name="NumberParkingSpaces">1</SimpleData>
		<SimpleData name="ParkingSpaceWidth">3.2</SimpleData>
		<SimpleData name="ParkingSpaceLength">6.4</SimpleData>
		<SimpleData name="ParkingSpaceAngle">Parallel</SimpleData>
		<SimpleData name="URL">https://goo.gl/HTkHBq</SimpleData>
		<SimpleData name="AuditDate">5/06/2017</SimpleData>
	</SchemaData></ExtendedData>
      <Point><coordinates>151.196355963771,-33.889148908706</coordinates></Point>
  </Placemark>
  <Placemark>
	<ExtendedData><SchemaData schemaUrl="#Mobility_parking">
		<SimpleData name="OBJECTID">81</SimpleData>
		<SimpleData name="Address">129-131</SimpleData>
		<SimpleData name="Street">Little Eveleigh Street</SimpleData>
		<SimpleData name="Location">between Lawson Street and Ivy Lane</SimpleData>
		<SimpleData name="Suburb">Darlington</SimpleData>
		<SimpleData name="SideOfStreet">Southside</SimpleData>
		<SimpleData name="NumberParkingSpaces">1</SimpleData>
		<SimpleData name="ParkingSpaceWidth">2.4</SimpleData>
		<SimpleData name="ParkingSpaceLength">6.4</SimpleData>
		<SimpleData name="ParkingSpaceAngle">Parallel</SimpleData>
		<SimpleData name="URL">https://goo.gl/VrJU74</SimpleData>
		<SimpleData name="AuditDate">5/06/2017</SimpleData>
	</SchemaData></ExtendedData>
      <Point><coordinates>151.197494199165,-33.8919863225714</coordinates></Point>
  </Placemark>
  <Placemark>
	<ExtendedData><SchemaData schemaUrl="#Mobility_parking">
		<SimpleData name="OBJECTID">82</SimpleData>
		<SimpleData name="Address">121-127</SimpleData>
		<SimpleData name="Street">Harrington Street</SimpleData>
		<SimpleData name="Location">between Essex Street and Grosvenor Street</SimpleData>
		<SimpleData name="Suburb">The Rocks</SimpleData>
		<SimpleData name="SideOfStreet">Eastside</SimpleData>
		<SimpleData name="NumberParkingSpaces">3</SimpleData>
		<SimpleData name="ParkingSpaceWidth">3.2</SimpleData>
		<SimpleData name="ParkingSpaceLength">6.7</SimpleData>
		<SimpleData name="ParkingSpaceAngle">Parallel</SimpleData>
		<SimpleData name="URL">https://goo.gl/tqS7An</SimpleData>
		<SimpleData name="AuditDate">6/06/2017</SimpleData>
	</SchemaData></ExtendedData>
      <Point><coordinates>151.20673787151,-33.8624615838219</coordinates></Point>
  </Placemark>
  <Placemark>
	<ExtendedData><SchemaData schemaUrl="#Mobility_parking">
		<SimpleData name="OBJECTID">83</SimpleData>
		<SimpleData name="Address">King George Fifth Recreation Centre</SimpleData>
		<SimpleData name="Street">Cumberland Street</SimpleData>
		<SimpleData name="Location">between Cahill Walk and Gloucester Street</SimpleData>
		<SimpleData name="Suburb">The Rocks</SimpleData>
		<SimpleData name="SideOfStreet">Westside</SimpleData>
		<SimpleData name="NumberParkingSpaces">1</SimpleData>
		<SimpleData name="ParkingSpaceWidth">2.5</SimpleData>
		<SimpleData name="ParkingSpaceLength">9.4</SimpleData>
		<SimpleData name="ParkingSpaceAngle">Parallel</SimpleData>
		<SimpleData name="URL">https://goo.gl/4xPAMm</SimpleData>
		<SimpleData name="AuditDate">6/06/2017</SimpleData>
	</SchemaData></ExtendedData>
      <Point><coordinates>151.206584932376,-33.8601320552445</coordinates></Point>
  </Placemark>
  <Placemark>
	<ExtendedData><SchemaData schemaUrl="#Mobility_parking">
		<SimpleData name="OBJECTID">85</SimpleData>
		<SimpleData name="Address">5</SimpleData>
		<SimpleData name="Street">Hickson Road</SimpleData>
		<SimpleData name="Location">between Pottinger Street and Napoleon Street</SimpleData>
		<SimpleData name="Suburb">Dawes Point</SimpleData>
		<SimpleData name="SideOfStreet">Southside</SimpleData>
		<SimpleData name="NumberParkingSpaces">2</SimpleData>
		<SimpleData name="ParkingSpaceWidth">2.5</SimpleData>
		<SimpleData name="ParkingSpaceLength">6.1</SimpleData>
		<SimpleData name="ParkingSpaceAngle">Parallel</SimpleData>
		<SimpleData name="URL">https://goo.gl/eKdHvy</SimpleData>
		<SimpleData name="AuditDate">6/06/2017</SimpleData>
	</SchemaData></ExtendedData>
      <Point><coordinates>151.205497234797,-33.8568290593905</coordinates></Point>
  </Placemark>
  <Placemark>
	<ExtendedData><SchemaData schemaUrl="#Mobility_parking">
		<SimpleData name="OBJECTID">86</SimpleData>
		<SimpleData name="Address">5</SimpleData>
		<SimpleData name="Street">Hickson Road</SimpleData>
		<SimpleData name="Location">between Napoleon Street and Pottinger Street</SimpleData>
		<SimpleData name="Suburb">Dawes Point</SimpleData>
		<SimpleData name="SideOfStreet">Southside</SimpleData>
		<SimpleData name="NumberParkingSpaces">1</SimpleData>
		<SimpleData name="ParkingSpaceWidth">2.5</SimpleData>
		<SimpleData name="ParkingSpaceLength">6.8</SimpleData>
		<SimpleData name="ParkingSpaceAngle">Parallel</SimpleData>
		<SimpleData name="URL">https://goo.gl/9a8MWt</SimpleData>
		<SimpleData name="AuditDate">6/06/2017</SimpleData>
	</SchemaData></ExtendedData>
      <Point><coordinates>151.205349775781,-33.8568005864623</coordinates></Point>
  </Placemark>
  <Placemark>
	<ExtendedData><SchemaData schemaUrl="#Mobility_parking">
		<SimpleData name="OBJECTID">87</SimpleData>
		<SimpleData name="Address">5</SimpleData>
		<SimpleData name="Street">Hickson Road</SimpleData>
		<SimpleData name="Location">between Napoleon Street and Pottinger Street</SimpleData>
		<SimpleData name="Suburb">Dawes Point</SimpleData>
		<SimpleData name="SideOfStreet">Southside</SimpleData>
		<SimpleData name="NumberParkingSpaces">1</SimpleData>
		<SimpleData name="ParkingSpaceWidth">2.5</SimpleData>
		<SimpleData name="ParkingSpaceLength">6.4</SimpleData>
		<SimpleData name="ParkingSpaceAngle">Parallel</SimpleData>
		<SimpleData name="URL">https://goo.gl/VFbY18</SimpleData>
		<SimpleData name="AuditDate">6/06/2017</SimpleData>
	</SchemaData></ExtendedData>
      <Point><coordinates>151.205445126787,-33.8567633073782</coordinates></Point>
  </Placemark>
  <Placemark>
	<ExtendedData><SchemaData schemaUrl="#Mobility_parking">
		<SimpleData name="OBJECTID">88</SimpleData>
		<SimpleData name="Address">84</SimpleData>
		<SimpleData name="Street">Kent Street</SimpleData>
		<SimpleData name="Location">between Argyle Street and High Street</SimpleData>
		<SimpleData name="Suburb">Millers Point</SimpleData>
		<SimpleData name="SideOfStreet">Eastside</SimpleData>
		<SimpleData name="NumberParkingSpaces">1</SimpleData>
		<SimpleData name="ParkingSpaceWidth">3.2</SimpleData>
		<SimpleData name="ParkingSpaceLength">6.3</SimpleData>
		<SimpleData name="ParkingSpaceAngle">Parallel</SimpleData>
		<SimpleData name="URL">https://goo.gl/J95Hjx</SimpleData>
		<SimpleData name="AuditDate">6/06/2017</SimpleData>
	</SchemaData></ExtendedData>
      <Point><coordinates>151.203723104034,-33.8603002199586</coordinates></Point>
  </Placemark>
  <Placemark>
	<ExtendedData><SchemaData schemaUrl="#Mobility_parking">
		<SimpleData name="OBJECTID">89</SimpleData>
		<SimpleData name="Address">Nawi Square Lawn</SimpleData>
		<SimpleData name="Street">Hickson Road</SimpleData>
		<SimpleData name="Location">between Towns Place and Napoleon Street</SimpleData>
		<SimpleData name="Suburb">Millers Point</SimpleData>
		<SimpleData name="SideOfStreet">Westside</SimpleData>
		<SimpleData name="NumberParkingSpaces">2</SimpleData>
		<SimpleData name="ParkingSpaceWidth">3.6</SimpleData>
		<SimpleData name="ParkingSpaceLength">5.2</SimpleData>
		<SimpleData name="ParkingSpaceAngle">90-degree</SimpleData>
		<SimpleData name="URL">https://goo.gl/7p29Jh</SimpleData>
		<SimpleData name="AuditDate">28/06/2017</SimpleData>
	</SchemaData></ExtendedData>
      <Point><coordinates>151.202490894162,-33.8593512343099</coordinates></Point>
  </Placemark>
  <Placemark>
	<ExtendedData><SchemaData schemaUrl="#Mobility_parking">
		<SimpleData name="OBJECTID">90</SimpleData>
		<SimpleData name="Address">6</SimpleData>
		<SimpleData name="Street">Towns Place</SimpleData>
		<SimpleData name="Location">between Dalgety Road and Hickson Road</SimpleData>
		<SimpleData name="Suburb">Millers Point</SimpleData>
		<SimpleData name="SideOfStreet">Northside</SimpleData>
		<SimpleData name="NumberParkingSpaces">2</SimpleData>
		<SimpleData name="ParkingSpaceWidth">2.5</SimpleData>
		<SimpleData name="ParkingSpaceLength">4.8</SimpleData>
		<SimpleData name="ParkingSpaceAngle">90-degree</SimpleData>
		<SimpleData name="SignText">90 degree angle parking rear to kerb. Vehicles under 6 metres only</SimpleData>
		<SimpleData name="URL">https://goo.gl/maps/ra9o9hMAuExWH7hq7</SimpleData>
		<SimpleData name="AuditDate">28/06/2017</SimpleData>
	</SchemaData></ExtendedData>
      <Point><coordinates>151.202786920214,-33.8564451107547</coordinates></Point>
  </Placemark>
  <Placemark>
	<ExtendedData><SchemaData schemaUrl="#Mobility_parking">
		<SimpleData name="OBJECTID">91</SimpleData>
		<SimpleData name="Address">107</SimpleData>
		<SimpleData name="Street">George Street</SimpleData>
		<SimpleData name="Location">between Globe Street and Argyle Street</SimpleData>
		<SimpleData name="Suburb">The Rocks</SimpleData>
		<SimpleData name="SideOfStreet">Westside</SimpleData>
		<SimpleData name="NumberParkingSpaces">3</SimpleData>
		<SimpleData name="ParkingSpaceWidth">3.3</SimpleData>
		<SimpleData name="ParkingSpaceLength">6.2</SimpleData>
		<SimpleData name="ParkingSpaceAngle">Parallel</SimpleData>
		<SimpleData name="SignText">15 minute drop off only 9am to 6pm</SimpleData>
		<SimpleData name="URL">https://goo.gl/X1eEXa</SimpleData>
		<SimpleData name="AuditDate">28/06/2017</SimpleData>
	</SchemaData></ExtendedData>
      <Point><coordinates>151.208639273386,-33.8598727153061</coordinates></Point>
  </Placemark>
  <Placemark>
	<ExtendedData><SchemaData schemaUrl="#Mobility_parking">
		<SimpleData name="OBJECTID">92</SimpleData>
		<SimpleData name="Address">16</SimpleData>
		<SimpleData name="Street">Albion Avenue</SimpleData>
		<SimpleData name="Location">between South Dowling Street and Selwyn Street</SimpleData>
		<SimpleData name="Suburb">Paddington</SimpleData>
		<SimpleData name="SideOfStreet">Northside</SimpleData>
		<SimpleData name="NumberParkingSpaces">1</SimpleData>
		<SimpleData name="ParkingSpaceWidth">3.2</SimpleData>
		<SimpleData name="ParkingSpaceLength">7</SimpleData>
		<SimpleData name="ParkingSpaceAngle">Parallel</SimpleData>
		<SimpleData name="URL">https://goo.gl/365Shu</SimpleData>
		<SimpleData name="AuditDate">9/06/2017</SimpleData>
	</SchemaData></ExtendedData>
      <Point><coordinates>151.219270855106,-33.8843457995672</coordinates></Point>
  </Placemark>
  <Placemark>
	<ExtendedData><SchemaData schemaUrl="#Mobility_parking">
		<SimpleData name="OBJECTID">93</SimpleData>
		<SimpleData name="Address">26</SimpleData>
		<SimpleData name="Street">Josephson Street</SimpleData>
		<SimpleData name="Location">between Greens Road and Selwyn Street</SimpleData>
		<SimpleData name="Suburb">Paddington</SimpleData>
		<SimpleData name="SideOfStreet">Southside</SimpleData>
		<SimpleData name="NumberParkingSpaces">1</SimpleData>
		<SimpleData name="ParkingSpaceWidth">3.2</SimpleData>
		<SimpleData name="ParkingSpaceLength">6.7</SimpleData>
		<SimpleData name="ParkingSpaceAngle">Parallel</SimpleData>
		<SimpleData name="URL">https://goo.gl/2YAvEY</SimpleData>
		<SimpleData name="AuditDate">9/06/2017</SimpleData>
	</SchemaData></ExtendedData>
      <Point><coordinates>151.220188566858,-33.88623653373</coordinates></Point>
  </Placemark>
  <Placemark>
	<ExtendedData><SchemaData schemaUrl="#Mobility_parking">
		<SimpleData name="OBJECTID">94</SimpleData>
		<SimpleData name="Address">16</SimpleData>
		<SimpleData name="Street">Albert Street</SimpleData>
		<SimpleData name="Location">between Arthur Street and Upper Road</SimpleData>
		<SimpleData name="Suburb">Forest Lodge</SimpleData>
		<SimpleData name="SideOfStreet">Southside</SimpleData>
		<SimpleData name="NumberParkingSpaces">1</SimpleData>
		<SimpleData name="ParkingSpaceWidth">3.2</SimpleData>
		<SimpleData name="ParkingSpaceLength">6.2</SimpleData>
		<SimpleData name="ParkingSpaceAngle">Parallel</SimpleData>
		<SimpleData name="URL">https://goo.gl/4fZtay</SimpleData>
		<SimpleData name="AuditDate">13/06/2017</SimpleData>
	</SchemaData></ExtendedData>
      <Point><coordinates>151.17785149248,-33.8806868486198</coordinates></Point>
  </Placemark>
  <Placemark>
	<ExtendedData><SchemaData schemaUrl="#Mobility_parking">
		<SimpleData name="OBJECTID">95</SimpleData>
		<SimpleData name="Address">3</SimpleData>
		<SimpleData name="Street">Albert Street</SimpleData>
		<SimpleData name="Location">between Upper Road and Arthur Street</SimpleData>
		<SimpleData name="Suburb">Forest Lodge</SimpleData>
		<SimpleData name="SideOfStreet">Northside</SimpleData>
		<SimpleData name="NumberParkingSpaces">1</SimpleData>
		<SimpleData name="ParkingSpaceWidth">3.2</SimpleData>
		<SimpleData name="ParkingSpaceLength">6</SimpleData>
		<SimpleData name="ParkingSpaceAngle">Parallel</SimpleData>
		<SimpleData name="URL">https://goo.gl/7HKG81</SimpleData>
		<SimpleData name="AuditDate">13/06/2017</SimpleData>
	</SchemaData></ExtendedData>
      <Point><coordinates>151.178152322283,-33.8804266115813</coordinates></Point>
  </Placemark>
  <Placemark>
	<ExtendedData><SchemaData schemaUrl="#Mobility_parking">
		<SimpleData name="OBJECTID">96</SimpleData>
		<SimpleData name="Address">9-10</SimpleData>
		<SimpleData name="Street">Arthur Street</SimpleData>
		<SimpleData name="Location">between Albert Street and Wigram Road</SimpleData>
		<SimpleData name="Suburb">Forest Lodge</SimpleData>
		<SimpleData name="SideOfStreet">Eastside</SimpleData>
		<SimpleData name="NumberParkingSpaces">2</SimpleData>
		<SimpleData name="ParkingSpaceWidth">3.2</SimpleData>
		<SimpleData name="ParkingSpaceLength">7.2</SimpleData>
		<SimpleData name="ParkingSpaceAngle">Parallel</SimpleData>
		<SimpleData name="URL">https://goo.gl/LAkRjn</SimpleData>
		<SimpleData name="AuditDate">13/06/2017</SimpleData>
	</SchemaData></ExtendedData>
      <Point><coordinates>151.178589374617,-33.8805767732615</coordinates></Point>
  </Placemark>
  <Placemark>
	<ExtendedData><SchemaData schemaUrl="#Mobility_parking">
		<SimpleData name="OBJECTID">97</SimpleData>
		<SimpleData name="Address">1</SimpleData>
		<SimpleData name="Street">Oatley Road</SimpleData>
		<SimpleData name="Location">between Renny Street and Oatley Road</SimpleData>
		<SimpleData name="Suburb">Paddington</SimpleData>
		<SimpleData name="SideOfStreet">Westside</SimpleData>
		<SimpleData name="NumberParkingSpaces">1</SimpleData>
		<SimpleData name="ParkingSpaceWidth">3.2</SimpleData>
		<SimpleData name="ParkingSpaceLength">5.6</SimpleData>
		<SimpleData name="ParkingSpaceAngle">Parallel</SimpleData>
		<SimpleData name="URL">https://goo.gl/2jPTsV</SimpleData>
		<SimpleData name="AuditDate">30/06/2017</SimpleData>
	</SchemaData></ExtendedData>
      <Point><coordinates>151.22607063946,-33.8853738339667</coordinates></Point>
  </Placemark>
  <Placemark>
	<ExtendedData><SchemaData schemaUrl="#Mobility_parking">
		<SimpleData name="OBJECTID">98</SimpleData>
		<SimpleData name="Address">22-28</SimpleData>
		<SimpleData name="Street">Wilson Street</SimpleData>
		<SimpleData name="Location">between Erskineville Road and Brown Street</SimpleData>
		<SimpleData name="Suburb">Newtown</SimpleData>
		<SimpleData name="SideOfStreet">Southside</SimpleData>
		<SimpleData name="NumberParkingSpaces">2</SimpleData>
		<SimpleData name="ParkingSpaceWidth">2.6</SimpleData>
		<SimpleData name="ParkingSpaceLength">5.3</SimpleData>
		<SimpleData name="ParkingSpaceAngle">90-degree</SimpleData>
		<SimpleData name="URL">https://goo.gl/SrSsRW</SimpleData>
		<SimpleData name="AuditDate">2/06/2017</SimpleData>
	</SchemaData></ExtendedData>
      <Point><coordinates>151.181116768235,-33.8962794977474</coordinates></Point>
  </Placemark>
  <Placemark>
	<ExtendedData><SchemaData schemaUrl="#Mobility_parking">
		<SimpleData name="OBJECTID">99</SimpleData>
		<SimpleData name="Address">25</SimpleData>
		<SimpleData name="Street">Brown Street</SimpleData>
		<SimpleData name="Location">between Linthorpe Street and Linthorpe Lane</SimpleData>
		<SimpleData name="Suburb">Newtown</SimpleData>
		<SimpleData name="SideOfStreet">Westside</SimpleData>
		<SimpleData name="NumberParkingSpaces">1</SimpleData>
		<SimpleData name="ParkingSpaceWidth">3.2</SimpleData>
		<SimpleData name="ParkingSpaceLength">6.4</SimpleData>
		<SimpleData name="ParkingSpaceAngle">Parallel</SimpleData>
		<SimpleData name="URL">https://goo.gl/maps/ySHcUczpZA942pHx6</SimpleData>
		<SimpleData name="AuditDate">1/06/2017</SimpleData>
	</SchemaData></ExtendedData>
      <Point><coordinates>151.182962299343,-33.8966699689772</coordinates></Point>
  </Placemark>
  <Placemark>
	<ExtendedData><SchemaData schemaUrl="#Mobility_parking">
		<SimpleData name="OBJECTID">100</SimpleData>
		<SimpleData name="Address">16</SimpleData>
		<SimpleData name="Street">Brown Street</SimpleData>
		<SimpleData name="Location">between Buckland Lane and Bruce Lane</SimpleData>
		<SimpleData name="Suburb">Newtown</SimpleData>
		<SimpleData name="SideOfStreet">Eastside</SimpleData>
		<SimpleData name="NumberParkingSpaces">1</SimpleData>
		<SimpleData name="ParkingSpaceWidth">2.3</SimpleData>
		<SimpleData name="ParkingSpaceLength">4.8</SimpleData>
		<SimpleData name="ParkingSpaceAngle">Parallel</SimpleData>
		<SimpleData name="URL">https://goo.gl/KDXzVs</SimpleData>
		<SimpleData name="AuditDate">2/06/2017</SimpleData>
	</SchemaData></ExtendedData>
      <Point><coordinates>151.182747693284,-33.8956476975005</coordinates></Point>
  </Placemark>
  <Placemark>
	<ExtendedData><SchemaData schemaUrl="#Mobility_parking">
		<SimpleData name="OBJECTID">101</SimpleData>
		<SimpleData name="Address">Newtown Library</SimpleData>
		<SimpleData name="Street">Brown Street</SimpleData>
		<SimpleData name="Location">between Buckland Lane and Brown Lane</SimpleData>
		<SimpleData name="Suburb">Newtown</SimpleData>
		<SimpleData name="SideOfStreet">Eastside</SimpleData>
		<SimpleData name="NumberParkingSpaces">1</SimpleData>
		<SimpleData name="ParkingSpaceWidth">2.3</SimpleData>
		<SimpleData name="ParkingSpaceLength">5.8</SimpleData>
		<SimpleData name="ParkingSpaceAngle">Parallel</SimpleData>
		<SimpleData name="URL">https://goo.gl/eC5hPc</SimpleData>
		<SimpleData name="AuditDate">2/06/2017</SimpleData>
	</SchemaData></ExtendedData>
      <Point><coordinates>151.182632564043,-33.895391602273</coordinates></Point>
  </Placemark>
  <Placemark>
	<ExtendedData><SchemaData schemaUrl="#Mobility_parking">
		<SimpleData name="OBJECTID">102</SimpleData>
		<SimpleData name="Street">Watkin Street</SimpleData>
		<SimpleData name="Location">between Buckland Lane and King Street</SimpleData>
		<SimpleData name="Suburb">Newtown</SimpleData>
		<SimpleData name="SideOfStreet">Westside</SimpleData>
		<SimpleData name="NumberParkingSpaces">2</SimpleData>
		<SimpleData name="ParkingSpaceWidth">3.2</SimpleData>
		<SimpleData name="ParkingSpaceLength">6.3</SimpleData>
		<SimpleData name="ParkingSpaceAngle">Parallel</SimpleData>
		<SimpleData name="URL">https://goo.gl/oD7rkC</SimpleData>
		<SimpleData name="AuditDate">2/06/2017</SimpleData>
	</SchemaData></ExtendedData>
      <Point><coordinates>151.183071552917,-33.8943452850195</coordinates></Point>
  </Placemark>
  <Placemark>
	<ExtendedData><SchemaData schemaUrl="#Mobility_parking">
		<SimpleData name="OBJECTID">103</SimpleData>
		<SimpleData name="Street">Stephen Street</SimpleData>
		<SimpleData name="Location">between Longdown Street and Victoria Street</SimpleData>
		<SimpleData name="Suburb">Newtown</SimpleData>
		<SimpleData name="SideOfStreet">Eastside</SimpleData>
		<SimpleData name="NumberParkingSpaces">1</SimpleData>
		<SimpleData name="ParkingSpaceWidth">3.2</SimpleData>
		<SimpleData name="ParkingSpaceLength">7</SimpleData>
		<SimpleData name="ParkingSpaceAngle">Parallel</SimpleData>
		<SimpleData name="URL">https://goo.gl/4J3E9h</SimpleData>
		<SimpleData name="AuditDate">2/06/2017</SimpleData>
	</SchemaData></ExtendedData>
      <Point><coordinates>151.182907718722,-33.8931421035337</coordinates></Point>
  </Placemark>
  <Placemark>
	<ExtendedData><SchemaData schemaUrl="#Mobility_parking">
		<SimpleData name="OBJECTID">104</SimpleData>
		<SimpleData name="Address">69</SimpleData>
		<SimpleData name="Street">Campbell Street</SimpleData>
		<SimpleData name="Location">between Missenden Road and Little Queen Street</SimpleData>
		<SimpleData name="Suburb">Newtown</SimpleData>
		<SimpleData name="SideOfStreet">Northside</SimpleData>
		<SimpleData name="NumberParkingSpaces">2</SimpleData>
		<SimpleData name="ParkingSpaceWidth">3.2</SimpleData>
		<SimpleData name="ParkingSpaceLength">6.3</SimpleData>
		<SimpleData name="ParkingSpaceAngle">Parallel</SimpleData>
		<SimpleData name="URL">https://goo.gl/XdDaua</SimpleData>
		<SimpleData name="AuditDate">2/06/2017</SimpleData>
	</SchemaData></ExtendedData>
      <Point><coordinates>151.184827281377,-33.8922842640392</coordinates></Point>
  </Placemark>
  <Placemark>
	<ExtendedData><SchemaData schemaUrl="#Mobility_parking">
		<SimpleData name="OBJECTID">105</SimpleData>
		<SimpleData name="Address">67</SimpleData>
		<SimpleData name="Street">O'Connell Street</SimpleData>
		<SimpleData name="Location">between Carillon Street and Campbell Street</SimpleData>
		<SimpleData name="Suburb">Newtown</SimpleData>
		<SimpleData name="SideOfStreet">Eastside</SimpleData>
		<SimpleData name="NumberParkingSpaces">1</SimpleData>
		<SimpleData name="ParkingSpaceWidth">3.2</SimpleData>
		<SimpleData name="ParkingSpaceLength">7.6</SimpleData>
		<SimpleData name="ParkingSpaceAngle">Parallel</SimpleData>
		<SimpleData name="URL">https://goo.gl/4AGV7b</SimpleData>
		<SimpleData name="AuditDate">2/06/2017</SimpleData>
	</SchemaData></ExtendedData>
      <Point><coordinates>151.181818590129,-33.8922016018715</coordinates></Point>
  </Placemark>
  <Placemark>
	<ExtendedData><SchemaData schemaUrl="#Mobility_parking">
		<SimpleData name="OBJECTID">106</SimpleData>
		<SimpleData name="Address">50</SimpleData>
		<SimpleData name="Street">O'Connell Street</SimpleData>
		<SimpleData name="Location">between Chalder Street and Prospect Street</SimpleData>
		<SimpleData name="Suburb">Newtown</SimpleData>
		<SimpleData name="SideOfStreet">Westside</SimpleData>
		<SimpleData name="NumberParkingSpaces">1</SimpleData>
		<SimpleData name="ParkingSpaceWidth">3.2</SimpleData>
		<SimpleData name="ParkingSpaceLength">5.4</SimpleData>
		<SimpleData name="ParkingSpaceAngle">Parallel</SimpleData>
		<SimpleData name="URL">https://goo.gl/vgVP1R</SimpleData>
		<SimpleData name="AuditDate">2/06/2017</SimpleData>
	</SchemaData></ExtendedData>
      <Point><coordinates>151.181992393657,-33.8927406590325</coordinates></Point>
  </Placemark>
  <Placemark>
	<ExtendedData><SchemaData schemaUrl="#Mobility_parking">
		<SimpleData name="OBJECTID">107</SimpleData>
		<SimpleData name="Address">56</SimpleData>
		<SimpleData name="Street">Forbes Street</SimpleData>
		<SimpleData name="Location">between Elvy Place and Wilson Street</SimpleData>
		<SimpleData name="Suburb">Newtown</SimpleData>
		<SimpleData name="SideOfStreet">Eastside</SimpleData>
		<SimpleData name="NumberParkingSpaces">1</SimpleData>
		<SimpleData name="ParkingSpaceWidth">3.2</SimpleData>
		<SimpleData name="ParkingSpaceLength">6.2</SimpleData>
		<SimpleData name="ParkingSpaceAngle">Parallel</SimpleData>
		<SimpleData name="URL">https://goo.gl/3ASDoa</SimpleData>
		<SimpleData name="AuditDate">5/06/2017</SimpleData>
	</SchemaData></ExtendedData>
      <Point><coordinates>151.188310471444,-33.8938691429966</coordinates></Point>
  </Placemark>
  <Placemark>
	<ExtendedData><SchemaData schemaUrl="#Mobility_parking">
		<SimpleData name="OBJECTID">108</SimpleData>
		<SimpleData name="Address">52</SimpleData>
		<SimpleData name="Street">McElhone Street</SimpleData>
		<SimpleData name="Location">between Nesbitt Street and Pring Street</SimpleData>
		<SimpleData name="Suburb">Woolloomooloo</SimpleData>
		<SimpleData name="SideOfStreet">Eastside</SimpleData>
		<SimpleData name="NumberParkingSpaces">1</SimpleData>
		<SimpleData name="ParkingSpaceWidth">3.2</SimpleData>
		<SimpleData name="ParkingSpaceLength">6</SimpleData>
		<SimpleData name="ParkingSpaceAngle">Parallel</SimpleData>
		<SimpleData name="URL">https://goo.gl/SckAE1</SimpleData>
		<SimpleData name="AuditDate">14/06/2017</SimpleData>
	</SchemaData></ExtendedData>
      <Point><coordinates>151.221838108731,-33.8706424242975</coordinates></Point>
  </Placemark>
  <Placemark>
	<ExtendedData><SchemaData schemaUrl="#Mobility_parking">
		<SimpleData name="OBJECTID">109</SimpleData>
		<SimpleData name="Address">13</SimpleData>
		<SimpleData name="Street">Nicholson Street</SimpleData>
		<SimpleData name="Location">between Maclean Street and Forbes Street</SimpleData>
		<SimpleData name="Suburb">Woolloomooloo</SimpleData>
		<SimpleData name="SideOfStreet">Southside</SimpleData>
		<SimpleData name="NumberParkingSpaces">2</SimpleData>
		<SimpleData name="ParkingSpaceWidth">3.2</SimpleData>
		<SimpleData name="ParkingSpaceLength">7.5</SimpleData>
		<SimpleData name="ParkingSpaceAngle">Parallel</SimpleData>
		<SimpleData name="URL">https://goo.gl/QeY8hJ</SimpleData>
		<SimpleData name="AuditDate">14/06/2017</SimpleData>
	</SchemaData></ExtendedData>
      <Point><coordinates>151.220402901797,-33.8700246581158</coordinates></Point>
  </Placemark>
  <Placemark>
	<ExtendedData><SchemaData schemaUrl="#Mobility_parking">
		<SimpleData name="OBJECTID">110</SimpleData>
		<SimpleData name="Address">128</SimpleData>
		<SimpleData name="Street">McElhone Street</SimpleData>
		<SimpleData name="Location">between Windeyer Street and Rae Place</SimpleData>
		<SimpleData name="Suburb">Woolloomooloo</SimpleData>
		<SimpleData name="SideOfStreet">Eastside</SimpleData>
		<SimpleData name="NumberParkingSpaces">2</SimpleData>
		<SimpleData name="ParkingSpaceWidth">3.2</SimpleData>
		<SimpleData name="ParkingSpaceLength">5.8</SimpleData>
		<SimpleData name="ParkingSpaceAngle">Parallel</SimpleData>
		<SimpleData name="URL">https://goo.gl/QByd9G</SimpleData>
		<SimpleData name="AuditDate">14/06/2017</SimpleData>
	</SchemaData></ExtendedData>
      <Point><coordinates>151.221395589688,-33.8724026968907</coordinates></Point>
  </Placemark>
  <Placemark>
	<ExtendedData><SchemaData schemaUrl="#Mobility_parking">
		<SimpleData name="OBJECTID">111</SimpleData>
		<SimpleData name="Address">153</SimpleData>
		<SimpleData name="Street">Dowling Street</SimpleData>
		<SimpleData name="Location">between William Street and Reid Avenue</SimpleData>
		<SimpleData name="Suburb">Woolloomooloo</SimpleData>
		<SimpleData name="SideOfStreet">Westside</SimpleData>
		<SimpleData name="NumberParkingSpaces">1</SimpleData>
		<SimpleData name="ParkingSpaceWidth">3.2</SimpleData>
		<SimpleData name="ParkingSpaceLength">5.1</SimpleData>
		<SimpleData name="ParkingSpaceAngle">Parallel</SimpleData>
		<SimpleData name="URL">https://goo.gl/4id59s</SimpleData>
		<SimpleData name="AuditDate">14/06/2017</SimpleData>
	</SchemaData></ExtendedData>
      <Point><coordinates>151.22053582564,-33.8739838622567</coordinates></Point>
  </Placemark>
  <Placemark>
	<ExtendedData><SchemaData schemaUrl="#Mobility_parking">
		<SimpleData name="OBJECTID">112</SimpleData>
		<SimpleData name="Address">18</SimpleData>
		<SimpleData name="Street">Crown Street</SimpleData>
		<SimpleData name="Location">between Sir John Young Crescent and Cathedral Street</SimpleData>
		<SimpleData name="Suburb">Woolloomooloo</SimpleData>
		<SimpleData name="SideOfStreet">Eastside</SimpleData>
		<SimpleData name="NumberParkingSpaces">1</SimpleData>
		<SimpleData name="ParkingSpaceWidth">2.2</SimpleData>
		<SimpleData name="ParkingSpaceLength">8.4</SimpleData>
		<SimpleData name="ParkingSpaceAngle">Parallel</SimpleData>
		<SimpleData name="URL">https://goo.gl/d4cHLQ</SimpleData>
		<SimpleData name="AuditDate">14/06/2017</SimpleData>
	</SchemaData></ExtendedData>
      <Point><coordinates>151.216988249576,-33.8715517246994</coordinates></Point>
  </Placemark>
  <Placemark>
	<ExtendedData><SchemaData schemaUrl="#Mobility_parking">
		<SimpleData name="OBJECTID">113</SimpleData>
		<SimpleData name="Address">120</SimpleData>
		<SimpleData name="Street">Chalmers Street</SimpleData>
		<SimpleData name="Location">between Chalmers Lane and Rutland Street</SimpleData>
		<SimpleData name="Suburb">Surry Hills</SimpleData>
		<SimpleData name="SideOfStreet">Westside</SimpleData>
		<SimpleData name="NumberParkingSpaces">2</SimpleData>
		<SimpleData name="ParkingSpaceWidth">3.2</SimpleData>
		<SimpleData name="ParkingSpaceLength">7</SimpleData>
		<SimpleData name="ParkingSpaceAngle">Parallel</SimpleData>
		<SimpleData name="SignText">Mobility parking only, 10am to 3pm Monday to Friday and 6am to 8pm Saturday to Sunday</SimpleData>
		<SimpleData name="URL">https://goo.gl/Bt2qxq</SimpleData>
		<SimpleData name="AuditDate">6/06/2017</SimpleData>
	</SchemaData></ExtendedData>
      <Point><coordinates>151.206650078589,-33.8866645991269</coordinates></Point>
  </Placemark>
  <Placemark>
	<ExtendedData><SchemaData schemaUrl="#Mobility_parking">
		<SimpleData name="OBJECTID">114</SimpleData>
		<SimpleData name="Address">11</SimpleData>
		<SimpleData name="Street">Ann Street</SimpleData>
		<SimpleData name="Location">between Batman Lane and Smith Street</SimpleData>
		<SimpleData name="Suburb">Surry Hills</SimpleData>
		<SimpleData name="SideOfStreet">Northside</SimpleData>
		<SimpleData name="NumberParkingSpaces">1</SimpleData>
		<SimpleData name="ParkingSpaceWidth">3.2</SimpleData>
		<SimpleData name="ParkingSpaceLength">5.4</SimpleData>
		<SimpleData name="ParkingSpaceAngle">Parallel</SimpleData>
		<SimpleData name="URL">https://goo.gl/aipcnm</SimpleData>
		<SimpleData name="AuditDate">6/06/2017</SimpleData>
	</SchemaData></ExtendedData>
      <Point><coordinates>151.211350990593,-33.8820811060125</coordinates></Point>
  </Placemark>
  <Placemark>
	<ExtendedData><SchemaData schemaUrl="#Mobility_parking">
		<SimpleData name="OBJECTID">115</SimpleData>
		<SimpleData name="Address">63-73</SimpleData>
		<SimpleData name="Street">Ann Street</SimpleData>
		<SimpleData name="Location">between Riley Street and Lt Riley Street</SimpleData>
		<SimpleData name="Suburb">Surry Hills</SimpleData>
		<SimpleData name="SideOfStreet">Southside</SimpleData>
		<SimpleData name="NumberParkingSpaces">1</SimpleData>
		<SimpleData name="ParkingSpaceWidth">3.2</SimpleData>
		<SimpleData name="ParkingSpaceLength">6.4</SimpleData>
		<SimpleData name="ParkingSpaceAngle">Parallel</SimpleData>
		<SimpleData name="URL">https://goo.gl/ebEHya</SimpleData>
		<SimpleData name="AuditDate">6/06/2017</SimpleData>
	</SchemaData></ExtendedData>
      <Point><coordinates>151.213121944103,-33.8824088051949</coordinates></Point>
  </Placemark>
  <Placemark>
	<ExtendedData><SchemaData schemaUrl="#Mobility_parking">
		<SimpleData name="OBJECTID">116</SimpleData>
		<SimpleData name="Address">25</SimpleData>
		<SimpleData name="Street">Pelican Street</SimpleData>
		<SimpleData name="Location">between Goulburn Street and Poplar Street</SimpleData>
		<SimpleData name="Suburb">Surry Hills</SimpleData>
		<SimpleData name="SideOfStreet">Westside</SimpleData>
		<SimpleData name="NumberParkingSpaces">1</SimpleData>
		<SimpleData name="ParkingSpaceWidth">3.2</SimpleData>
		<SimpleData name="ParkingSpaceLength">6.6</SimpleData>
		<SimpleData name="ParkingSpaceAngle">Parallel</SimpleData>
		<SimpleData name="URL">https://goo.gl/vyvrtQ</SimpleData>
		<SimpleData name="AuditDate">6/06/2017</SimpleData>
	</SchemaData></ExtendedData>
      <Point><coordinates>151.213097126874,-33.8787357420119</coordinates></Point>
  </Placemark>
  <Placemark>
	<ExtendedData><SchemaData schemaUrl="#Mobility_parking">
		<SimpleData name="OBJECTID">117</SimpleData>
		<SimpleData name="Address">33</SimpleData>
		<SimpleData name="Street">Phelps Street</SimpleData>
		<SimpleData name="Location">between Kendall Street and Phelps Lane</SimpleData>
		<SimpleData name="Suburb">Surry Hills</SimpleData>
		<SimpleData name="SideOfStreet">Northside</SimpleData>
		<SimpleData name="NumberParkingSpaces">1</SimpleData>
		<SimpleData name="ParkingSpaceWidth">3.2</SimpleData>
		<SimpleData name="ParkingSpaceLength">5.8</SimpleData>
		<SimpleData name="ParkingSpaceAngle">Parallel</SimpleData>
		<SimpleData name="URL">https://goo.gl/J2B5ng</SimpleData>
		<SimpleData name="AuditDate">9/06/2017</SimpleData>
	</SchemaData></ExtendedData>
      <Point><coordinates>151.216125936126,-33.8873672674095</coordinates></Point>
  </Placemark>
  <Placemark>
	<ExtendedData><SchemaData schemaUrl="#Mobility_parking">
		<SimpleData name="OBJECTID">118</SimpleData>
		<SimpleData name="Address">16</SimpleData>
		<SimpleData name="Street">Chapman Street</SimpleData>
		<SimpleData name="Location">between Phelps Street and Prospect Street</SimpleData>
		<SimpleData name="Suburb">Surry Hills</SimpleData>
		<SimpleData name="SideOfStreet">Eastside</SimpleData>
		<SimpleData name="NumberParkingSpaces">1</SimpleData>
		<SimpleData name="ParkingSpaceWidth">2.5</SimpleData>
		<SimpleData name="ParkingSpaceLength">5</SimpleData>
		<SimpleData name="ParkingSpaceAngle">90-degree</SimpleData>
		<SimpleData name="SignText">Vehicles under 6 metres only</SimpleData>
		<SimpleData name="URL">https://goo.gl/HFRS5q</SimpleData>
		<SimpleData name="AuditDate">9/06/2017</SimpleData>
	</SchemaData></ExtendedData>
      <Point><coordinates>151.217060868268,-33.8873530760339</coordinates></Point>
  </Placemark>
  <Placemark>
	<ExtendedData><SchemaData schemaUrl="#Mobility_parking">
		<SimpleData name="OBJECTID">119</SimpleData>
		<SimpleData name="Address">468</SimpleData>
		<SimpleData name="Street">Bourke Street</SimpleData>
		<SimpleData name="Location">between Prospect Street and Phelps Street</SimpleData>
		<SimpleData name="Suburb">Surry Hills</SimpleData>
		<SimpleData name="SideOfStreet">Westside</SimpleData>
		<SimpleData name="NumberParkingSpaces">1</SimpleData>
		<SimpleData name="ParkingSpaceWidth">3.2</SimpleData>
		<SimpleData name="ParkingSpaceLength">6.2</SimpleData>
		<SimpleData name="ParkingSpaceAngle">Parallel</SimpleData>
		<SimpleData name="URL">https://goo.gl/p2QCfk</SimpleData>
		<SimpleData name="AuditDate">9/06/2017</SimpleData>
	</SchemaData></ExtendedData>
      <Point><coordinates>151.215433395858,-33.8868122124174</coordinates></Point>
  </Placemark>
  <Placemark>
	<ExtendedData><SchemaData schemaUrl="#Mobility_parking">
		<SimpleData name="OBJECTID">120</SimpleData>
		<SimpleData name="Street">Arthur Street</SimpleData>
		<SimpleData name="Location">between Crown Street and Tudor Place</SimpleData>
		<SimpleData name="Suburb">Surry Hills</SimpleData>
		<SimpleData name="SideOfStreet">Southside</SimpleData>
		<SimpleData name="NumberParkingSpaces">1</SimpleData>
		<SimpleData name="ParkingSpaceWidth">3.2</SimpleData>
		<SimpleData name="ParkingSpaceLength">7</SimpleData>
		<SimpleData name="ParkingSpaceAngle">Parallel</SimpleData>
		<SimpleData name="URL">https://goo.gl/y7sMq1</SimpleData>
		<SimpleData name="AuditDate">9/06/2017</SimpleData>
	</SchemaData></ExtendedData>
      <Point><coordinates>151.213301287516,-33.8870242500356</coordinates></Point>
  </Placemark>
  <Placemark>
	<ExtendedData><SchemaData schemaUrl="#Mobility_parking">
		<SimpleData name="OBJECTID">121</SimpleData>
		<SimpleData name="Address">3</SimpleData>
		<SimpleData name="Street">Little Norton Street</SimpleData>
		<SimpleData name="Location">between Foveaux Street and Fitzroy Street</SimpleData>
		<SimpleData name="Suburb">Surry Hills</SimpleData>
		<SimpleData name="SideOfStreet">Westside</SimpleData>
		<SimpleData name="NumberParkingSpaces">1</SimpleData>
		<SimpleData name="ParkingSpaceWidth">3.2</SimpleData>
		<SimpleData name="ParkingSpaceLength">8.8</SimpleData>
		<SimpleData name="ParkingSpaceAngle">Parallel</SimpleData>
		<SimpleData name="URL">https://goo.gl/mVYAdM</SimpleData>
		<SimpleData name="AuditDate">9/06/2017</SimpleData>
	</SchemaData></ExtendedData>
      <Point><coordinates>151.213486034724,-33.8844678158282</coordinates></Point>
  </Placemark>
  <Placemark>
	<ExtendedData><SchemaData schemaUrl="#Mobility_parking">
		<SimpleData name="OBJECTID">122</SimpleData>
		<SimpleData name="Address">71</SimpleData>
		<SimpleData name="Street">Macarthur Street</SimpleData>
		<SimpleData name="Location">between Hackett Street and Bulwara Road</SimpleData>
		<SimpleData name="Suburb">Ultimo</SimpleData>
		<SimpleData name="SideOfStreet">Southside</SimpleData>
		<SimpleData name="NumberParkingSpaces">1</SimpleData>
		<SimpleData name="ParkingSpaceWidth">3.4</SimpleData>
		<SimpleData name="ParkingSpaceLength">5.4</SimpleData>
		<SimpleData name="ParkingSpaceAngle">90-degree</SimpleData>
		<SimpleData name="SignText">90 degree angle parking front to kerb. Vehicles under 6 metres only</SimpleData>
		<SimpleData name="URL">https://goo.gl/bgK47y</SimpleData>
		<SimpleData name="AuditDate">14/06/2017</SimpleData>
	</SchemaData></ExtendedData>
      <Point><coordinates>151.198742747287,-33.8797076045727</coordinates></Point>
  </Placemark>
  <Placemark>
	<ExtendedData><SchemaData schemaUrl="#Mobility_parking">
		<SimpleData name="OBJECTID">123</SimpleData>
		<SimpleData name="Address">Ultimo TAFE</SimpleData>
		<SimpleData name="Street">Mary Ann Street</SimpleData>
		<SimpleData name="Location">between Jones Street and Harris Street</SimpleData>
		<SimpleData name="Suburb">Ultimo</SimpleData>
		<SimpleData name="SideOfStreet">Southside</SimpleData>
		<SimpleData name="NumberParkingSpaces">2</SimpleData>
		<SimpleData name="ParkingSpaceWidth">2.2</SimpleData>
		<SimpleData name="ParkingSpaceLength">5.4</SimpleData>
		<SimpleData name="ParkingSpaceAngle">Parallel</SimpleData>
		<SimpleData name="URL">https://goo.gl/bQvmXe</SimpleData>
		<SimpleData name="AuditDate">14/06/2017</SimpleData>
	</SchemaData></ExtendedData>
      <Point><coordinates>151.198667707012,-33.8815552608689</coordinates></Point>
  </Placemark>
  <Placemark>
	<ExtendedData><SchemaData schemaUrl="#Mobility_parking">
		<SimpleData name="OBJECTID">124</SimpleData>
		<SimpleData name="Street">Bulwara Road</SimpleData>
		<SimpleData name="Location">between Macarthur Street and Mary Ann Street</SimpleData>
		<SimpleData name="Suburb">Ultimo</SimpleData>
		<SimpleData name="SideOfStreet">Eastside</SimpleData>
		<SimpleData name="NumberParkingSpaces">1</SimpleData>
		<SimpleData name="ParkingSpaceWidth">3.2</SimpleData>
		<SimpleData name="ParkingSpaceLength">7.9</SimpleData>
		<SimpleData name="ParkingSpaceAngle">Parallel</SimpleData>
		<SimpleData name="URL">https://goo.gl/C37U71</SimpleData>
		<SimpleData name="AuditDate">14/06/2017</SimpleData>
	</SchemaData></ExtendedData>
      <Point><coordinates>151.199387626922,-33.8810746688858</coordinates></Point>
  </Placemark>
  <Placemark>
	<ExtendedData><SchemaData schemaUrl="#Mobility_parking">
		<SimpleData name="OBJECTID">125</SimpleData>
		<SimpleData name="Address">23</SimpleData>
		<SimpleData name="Street">Mountain Street</SimpleData>
		<SimpleData name="Location">between Kelly Street and Small Street</SimpleData>
		<SimpleData name="Suburb">Ultimo</SimpleData>
		<SimpleData name="SideOfStreet">Eastside</SimpleData>
		<SimpleData name="NumberParkingSpaces">2</SimpleData>
		<SimpleData name="ParkingSpaceWidth">3.2</SimpleData>
		<SimpleData name="ParkingSpaceLength">5.6</SimpleData>
		<SimpleData name="ParkingSpaceAngle">Parallel</SimpleData>
		<SimpleData name="URL">https://goo.gl/z41YLJ</SimpleData>
		<SimpleData name="AuditDate">14/06/2017</SimpleData>
	</SchemaData></ExtendedData>
      <Point><coordinates>151.196144367075,-33.8819726499326</coordinates></Point>
  </Placemark>
  <Placemark>
	<ExtendedData><SchemaData schemaUrl="#Mobility_parking">
		<SimpleData name="OBJECTID">126</SimpleData>
		<SimpleData name="Address">352</SimpleData>
		<SimpleData name="Street">Jones Street</SimpleData>
		<SimpleData name="Location">between Fig Lane and Quarry Lane</SimpleData>
		<SimpleData name="Suburb">Ultimo</SimpleData>
		<SimpleData name="SideOfStreet">Eastside</SimpleData>
		<SimpleData name="NumberParkingSpaces">1</SimpleData>
		<SimpleData name="ParkingSpaceWidth">3.2</SimpleData>
		<SimpleData name="ParkingSpaceLength">6.1</SimpleData>
		<SimpleData name="ParkingSpaceAngle">Parallel</SimpleData>
		<SimpleData name="URL">https://goo.gl/ceQ7xf</SimpleData>
		<SimpleData name="AuditDate">14/06/2017</SimpleData>
	</SchemaData></ExtendedData>
      <Point><coordinates>151.195511388379,-33.8763516333045</coordinates></Point>
  </Placemark>
  <Placemark>
	<ExtendedData><SchemaData schemaUrl="#Mobility_parking">
		<SimpleData name="OBJECTID">127</SimpleData>
		<SimpleData name="Address">80</SimpleData>
		<SimpleData name="Street">Upper Fig Street</SimpleData>
		<SimpleData name="Location">between Bulwara Road and Jones Street</SimpleData>
		<SimpleData name="Suburb">Ultimo</SimpleData>
		<SimpleData name="SideOfStreet">Southside</SimpleData>
		<SimpleData name="NumberParkingSpaces">2</SimpleData>
		<SimpleData name="ParkingSpaceWidth">3.2</SimpleData>
		<SimpleData name="ParkingSpaceLength">6.2</SimpleData>
		<SimpleData name="ParkingSpaceAngle">Parallel</SimpleData>
		<SimpleData name="URL">https://goo.gl/81L6iq</SimpleData>
		<SimpleData name="AuditDate">14/06/2017</SimpleData>
	</SchemaData></ExtendedData>
      <Point><coordinates>151.195849271623,-33.8753945682576</coordinates></Point>
  </Placemark>
  <Placemark>
	<ExtendedData><SchemaData schemaUrl="#Mobility_parking">
		<SimpleData name="OBJECTID">128</SimpleData>
		<SimpleData name="Address">292</SimpleData>
		<SimpleData name="Street">Jones Lane</SimpleData>
		<SimpleData name="Location">between Fig Street</SimpleData>
		<SimpleData name="Suburb">Ultimo</SimpleData>
		<SimpleData name="SideOfStreet">Eastside</SimpleData>
		<SimpleData name="NumberParkingSpaces">1</SimpleData>
		<SimpleData name="ParkingSpaceWidth">3.2</SimpleData>
		<SimpleData name="ParkingSpaceLength">5</SimpleData>
		<SimpleData name="ParkingSpaceAngle">90-degree</SimpleData>
		<SimpleData name="URL">https://goo.gl/9SJ1uM</SimpleData>
		<SimpleData name="AuditDate">14/06/2017</SimpleData>
	</SchemaData></ExtendedData>
      <Point><coordinates>151.195302945416,-33.8748364168997</coordinates></Point>
  </Placemark>
  <Placemark>
	<ExtendedData><SchemaData schemaUrl="#Mobility_parking">
		<SimpleData name="OBJECTID">129</SimpleData>
		<SimpleData name="Address">Central Station</SimpleData>
		<SimpleData name="Street">Chalmers Street</SimpleData>
		<SimpleData name="Location">between Randle Street and Elizabeth Street</SimpleData>
		<SimpleData name="Suburb">Surry Hills</SimpleData>
		<SimpleData name="SideOfStreet">Eastside</SimpleData>
		<SimpleData name="NumberParkingSpaces">3</SimpleData>
		<SimpleData name="ParkingSpaceWidth">3.2</SimpleData>
		<SimpleData name="ParkingSpaceLength">6</SimpleData>
		<SimpleData name="ParkingSpaceAngle">Parallel</SimpleData>
		<SimpleData name="URL">https://goo.gl/jgwWMr</SimpleData>
		<SimpleData name="AuditDate">30/06/2017</SimpleData>
	</SchemaData></ExtendedData>
      <Point><coordinates>151.207614299556,-33.8844640524746</coordinates></Point>
  </Placemark>
  <Placemark>
	<ExtendedData><SchemaData schemaUrl="#Mobility_parking">
		<SimpleData name="OBJECTID">130</SimpleData>
		<SimpleData name="Address">624</SimpleData>
		<SimpleData name="Street">Crown Street</SimpleData>
		<SimpleData name="Location">between Lansdowne Street and Cleveland Street</SimpleData>
		<SimpleData name="Suburb">Surry Hills</SimpleData>
		<SimpleData name="SideOfStreet">Eastside</SimpleData>
		<SimpleData name="NumberParkingSpaces">1</SimpleData>
		<SimpleData name="ParkingSpaceWidth">3.2</SimpleData>
		<SimpleData name="ParkingSpaceLength">7.5</SimpleData>
		<SimpleData name="ParkingSpaceAngle">Parallel</SimpleData>
		<SimpleData name="URL">https://goo.gl/1zr3xa</SimpleData>
		<SimpleData name="AuditDate">30/06/2017</SimpleData>
	</SchemaData></ExtendedData>
      <Point><coordinates>151.213103225072,-33.8903236207003</coordinates></Point>
  </Placemark>
  <Placemark>
	<ExtendedData><SchemaData schemaUrl="#Mobility_parking">
		<SimpleData name="OBJECTID">131</SimpleData>
		<SimpleData name="Address">21-27</SimpleData>
		<SimpleData name="Street">Jones Street</SimpleData>
		<SimpleData name="Location">between Miller Street and Clifftop Walk</SimpleData>
		<SimpleData name="Suburb">Pyrmont</SimpleData>
		<SimpleData name="SideOfStreet">Westside</SimpleData>
		<SimpleData name="NumberParkingSpaces">1</SimpleData>
		<SimpleData name="ParkingSpaceWidth">3.5</SimpleData>
		<SimpleData name="ParkingSpaceLength">5</SimpleData>
		<SimpleData name="ParkingSpaceAngle">90-degree</SimpleData>
		<SimpleData name="SignText">90 degree angle parking front to kerb</SimpleData>
		<SimpleData name="URL">https://goo.gl/m7QXpm</SimpleData>
		<SimpleData name="AuditDate">15/06/2017</SimpleData>
	</SchemaData></ExtendedData>
      <Point><coordinates>151.191740367915,-33.8700386182973</coordinates></Point>
  </Placemark>
  <Placemark>
	<ExtendedData><SchemaData schemaUrl="#Mobility_parking">
		<SimpleData name="OBJECTID">132</SimpleData>
		<SimpleData name="Address">Pirrama Park</SimpleData>
		<SimpleData name="Street">Pirrama Road</SimpleData>
		<SimpleData name="Location">between Herbert Street and Jones Bay Wharf</SimpleData>
		<SimpleData name="Suburb">Pyrmont</SimpleData>
		<SimpleData name="SideOfStreet">Northside</SimpleData>
		<SimpleData name="NumberParkingSpaces">2</SimpleData>
		<SimpleData name="ParkingSpaceWidth">3.2</SimpleData>
		<SimpleData name="ParkingSpaceLength">5.4</SimpleData>
		<SimpleData name="ParkingSpaceAngle">90-degree</SimpleData>
		<SimpleData name="SignText">90 degree angle parking rear to kerb. Vehicles under 6 metres only</SimpleData>
		<SimpleData name="URL">https://goo.gl/4nmGs4</SimpleData>
		<SimpleData name="AuditDate">15/06/2017</SimpleData>
	</SchemaData></ExtendedData>
      <Point><coordinates>151.192366594622,-33.8636552978964</coordinates></Point>
  </Placemark>
  <Placemark>
	<ExtendedData><SchemaData schemaUrl="#Mobility_parking">
		<SimpleData name="OBJECTID">133</SimpleData>
		<SimpleData name="Address">18</SimpleData>
		<SimpleData name="Street">Point Street</SimpleData>
		<SimpleData name="Location">between Scott Street and Bowman Street</SimpleData>
		<SimpleData name="Suburb">Pyrmont</SimpleData>
		<SimpleData name="SideOfStreet">Eastside</SimpleData>
		<SimpleData name="NumberParkingSpaces">1</SimpleData>
		<SimpleData name="ParkingSpaceWidth">3.2</SimpleData>
		<SimpleData name="ParkingSpaceLength">7</SimpleData>
		<SimpleData name="ParkingSpaceAngle">Parallel</SimpleData>
		<SimpleData name="URL">https://goo.gl/MmAbGw</SimpleData>
		<SimpleData name="AuditDate">15/06/2017</SimpleData>
	</SchemaData></ExtendedData>
      <Point><coordinates>151.19327849559,-33.8659039041716</coordinates></Point>
  </Placemark>
  <Placemark>
	<ExtendedData><SchemaData schemaUrl="#Mobility_parking">
		<SimpleData name="OBJECTID">134</SimpleData>
		<SimpleData name="Address">9</SimpleData>
		<SimpleData name="Street">Harris Street</SimpleData>
		<SimpleData name="Location">between Pirrama Road and Pirrama Park</SimpleData>
		<SimpleData name="Suburb">Pyrmont</SimpleData>
		<SimpleData name="SideOfStreet">Eastside</SimpleData>
		<SimpleData name="NumberParkingSpaces">2</SimpleData>
		<SimpleData name="ParkingSpaceWidth">3.2</SimpleData>
		<SimpleData name="ParkingSpaceLength">7.6</SimpleData>
		<SimpleData name="ParkingSpaceAngle">Parallel</SimpleData>
		<SimpleData name="URL">https://goo.gl/K6QydD</SimpleData>
		<SimpleData name="AuditDate">15/06/2017</SimpleData>
	</SchemaData></ExtendedData>
      <Point><coordinates>151.191705424606,-33.8657291865639</coordinates></Point>
  </Placemark>
  <Placemark>
	<ExtendedData><SchemaData schemaUrl="#Mobility_parking">
		<SimpleData name="OBJECTID">135</SimpleData>
		<SimpleData name="Address">Pirrama Park</SimpleData>
		<SimpleData name="Street">Pirrama Road</SimpleData>
		<SimpleData name="Location">between Harris Street and Jones Bay Road</SimpleData>
		<SimpleData name="Suburb">Pyrmont</SimpleData>
		<SimpleData name="SideOfStreet">Westside</SimpleData>
		<SimpleData name="NumberParkingSpaces">2</SimpleData>
		<SimpleData name="ParkingSpaceWidth">3.2</SimpleData>
		<SimpleData name="ParkingSpaceLength">5.4</SimpleData>
		<SimpleData name="ParkingSpaceAngle">90-degree</SimpleData>
		<SimpleData name="SignText">90 degree angle parking rear to kerb. Vehicles under 6 metres only</SimpleData>
		<SimpleData name="URL">https://goo.gl/6Heazt</SimpleData>
		<SimpleData name="AuditDate">15/06/2017</SimpleData>
	</SchemaData></ExtendedData>
      <Point><coordinates>151.192206216505,-33.8649983255004</coordinates></Point>
  </Placemark>
  <Placemark>
	<ExtendedData><SchemaData schemaUrl="#Mobility_parking">
		<SimpleData name="OBJECTID">136</SimpleData>
		<SimpleData name="Address">451</SimpleData>
		<SimpleData name="Street">Glebe Point Road</SimpleData>
		<SimpleData name="Location">between Federal Road and Mary Street</SimpleData>
		<SimpleData name="Suburb">Glebe</SimpleData>
		<SimpleData name="SideOfStreet">Eastside</SimpleData>
		<SimpleData name="NumberParkingSpaces">1</SimpleData>
		<SimpleData name="ParkingSpaceWidth">2.2</SimpleData>
		<SimpleData name="ParkingSpaceLength">6.8</SimpleData>
		<SimpleData name="ParkingSpaceAngle">Parallel</SimpleData>
		<SimpleData name="URL">https://goo.gl/q4Y1e7</SimpleData>
		<SimpleData name="AuditDate">13/06/2017</SimpleData>
	</SchemaData></ExtendedData>
      <Point><coordinates>151.181336980102,-33.8725842757793</coordinates></Point>
  </Placemark>
  <Placemark>
	<ExtendedData><SchemaData schemaUrl="#Mobility_parking">
		<SimpleData name="OBJECTID">137</SimpleData>
		<SimpleData name="Address">155</SimpleData>
		<SimpleData name="Street">Macquarie Street</SimpleData>
		<SimpleData name="Location">between Bent Street and Bridge Street</SimpleData>
		<SimpleData name="Suburb">Sydney</SimpleData>
		<SimpleData name="SideOfStreet">Westside</SimpleData>
		<SimpleData name="NumberParkingSpaces">2</SimpleData>
		<SimpleData name="ParkingSpaceWidth">2.8</SimpleData>
		<SimpleData name="ParkingSpaceLength">7</SimpleData>
		<SimpleData name="ParkingSpaceAngle">Parallel</SimpleData>
		<SimpleData name="URL">https://goo.gl/4NxDEr</SimpleData>
		<SimpleData name="AuditDate">6/06/2017</SimpleData>
	</SchemaData></ExtendedData>
      <Point><coordinates>151.212534970736,-33.8651450228937</coordinates></Point>
  </Placemark>
  <Placemark>
	<ExtendedData><SchemaData schemaUrl="#Mobility_parking">
		<SimpleData name="OBJECTID">139</SimpleData>
		<SimpleData name="Address">32</SimpleData>
		<SimpleData name="Street">Grosvenor Street</SimpleData>
		<SimpleData name="Location">between Harrington Street and George Street</SimpleData>
		<SimpleData name="Suburb">Sydney</SimpleData>
		<SimpleData name="SideOfStreet">Northside</SimpleData>
		<SimpleData name="NumberParkingSpaces">1</SimpleData>
		<SimpleData name="ParkingSpaceWidth">2.5</SimpleData>
		<SimpleData name="ParkingSpaceLength">7.8</SimpleData>
		<SimpleData name="ParkingSpaceAngle">Parallel</SimpleData>
		<SimpleData name="URL">https://goo.gl/oUgcFA</SimpleData>
		<SimpleData name="AuditDate">6/06/2017</SimpleData>
	</SchemaData></ExtendedData>
      <Point><coordinates>151.207054362452,-33.8633149535983</coordinates></Point>
  </Placemark>
  <Placemark>
	<ExtendedData><SchemaData schemaUrl="#Mobility_parking">
		<SimpleData name="OBJECTID">140</SimpleData>
		<SimpleData name="Address">28</SimpleData>
		<SimpleData name="Street">Clarence Street</SimpleData>
		<SimpleData name="Location">between Margaret Street and Jamison Street</SimpleData>
		<SimpleData name="Suburb">Sydney</SimpleData>
		<SimpleData name="SideOfStreet">Eastside</SimpleData>
		<SimpleData name="NumberParkingSpaces">2</SimpleData>
		<SimpleData name="ParkingSpaceWidth">2.6</SimpleData>
		<SimpleData name="ParkingSpaceLength">6.1</SimpleData>
		<SimpleData name="ParkingSpaceAngle">Parallel</SimpleData>
		<SimpleData name="URL">https://goo.gl/8B2udp</SimpleData>
		<SimpleData name="AuditDate">6/06/2017</SimpleData>
	</SchemaData></ExtendedData>
      <Point><coordinates>151.204895147638,-33.864997858277</coordinates></Point>
  </Placemark>
  <Placemark>
	<ExtendedData><SchemaData schemaUrl="#Mobility_parking">
		<SimpleData name="OBJECTID">141</SimpleData>
		<SimpleData name="Address">252</SimpleData>
		<SimpleData name="Street">Pitt Street</SimpleData>
		<SimpleData name="Location">between Druitt Street and Market Street</SimpleData>
		<SimpleData name="Suburb">Sydney</SimpleData>
		<SimpleData name="SideOfStreet">Westside</SimpleData>
		<SimpleData name="NumberParkingSpaces">2</SimpleData>
		<SimpleData name="ParkingSpaceWidth">2.6</SimpleData>
		<SimpleData name="ParkingSpaceLength">8.7</SimpleData>
		<SimpleData name="ParkingSpaceAngle">Parallel</SimpleData>
		<SimpleData name="SignText">Loading zone from 6am to 6pm Monday to Friday and 6am to 10am Saturdays</SimpleData>
		<SimpleData name="URL">https://goo.gl/TRPpgv</SimpleData>
		<SimpleData name="AuditDate">6/06/2017</SimpleData>
	</SchemaData></ExtendedData>
      <Point><coordinates>151.208106032439,-33.8728939859264</coordinates></Point>
  </Placemark>
  <Placemark>
	<ExtendedData><SchemaData schemaUrl="#Mobility_parking">
		<SimpleData name="OBJECTID">142</SimpleData>
		<SimpleData name="Address">Saint Mary's Cathedral</SimpleData>
		<SimpleData name="Street">College Street</SimpleData>
		<SimpleData name="Location">between Cathedral Square and Saint Marys Road</SimpleData>
		<SimpleData name="Suburb">Sydney</SimpleData>
		<SimpleData name="SideOfStreet">Eastside</SimpleData>
		<SimpleData name="NumberParkingSpaces">2</SimpleData>
		<SimpleData name="ParkingSpaceWidth">2.8</SimpleData>
		<SimpleData name="ParkingSpaceLength">5.3</SimpleData>
		<SimpleData name="ParkingSpaceAngle">Parallel</SimpleData>
		<SimpleData name="URL">https://goo.gl/kvqBWx</SimpleData>
		<SimpleData name="AuditDate">6/06/2017</SimpleData>
	</SchemaData></ExtendedData>
      <Point><coordinates>151.21298471292,-33.8714014922754</coordinates></Point>
  </Placemark>
  <Placemark>
	<ExtendedData><SchemaData schemaUrl="#Mobility_parking">
		<SimpleData name="OBJECTID">143</SimpleData>
		<SimpleData name="Address">Christian Brothers College</SimpleData>
		<SimpleData name="Street">Cathedral Street</SimpleData>
		<SimpleData name="Location">between Cathedral Square and Saint Marys Road</SimpleData>
		<SimpleData name="Suburb">Sydney</SimpleData>
		<SimpleData name="SideOfStreet">Northside</SimpleData>
		<SimpleData name="NumberParkingSpaces">1</SimpleData>
		<SimpleData name="ParkingSpaceWidth">2.8</SimpleData>
		<SimpleData name="ParkingSpaceLength">6.8</SimpleData>
		<SimpleData name="ParkingSpaceAngle">Parallel</SimpleData>
		<SimpleData name="SignText">4 hour parking, 8am to 6pm</SimpleData>
		<SimpleData name="URL">https://goo.gl/ojBZL7</SimpleData>
		<SimpleData name="AuditDate">6/06/2017</SimpleData>
	</SchemaData></ExtendedData>
      <Point><coordinates>151.213975692587,-33.8719108153729</coordinates></Point>
  </Placemark>
  <Placemark>
	<ExtendedData><SchemaData schemaUrl="#Mobility_parking">
		<SimpleData name="OBJECTID">144</SimpleData>
		<SimpleData name="Address">Supreme Court of NSW</SimpleData>
		<SimpleData name="Street">Saint James Road</SimpleData>
		<SimpleData name="Location">between Macquarie Street and Elizabeth Street</SimpleData>
		<SimpleData name="Suburb">Sydney</SimpleData>
		<SimpleData name="SideOfStreet">Southside</SimpleData>
		<SimpleData name="NumberParkingSpaces">6</SimpleData>
		<SimpleData name="ParkingSpaceWidth">3.2</SimpleData>
		<SimpleData name="ParkingSpaceLength">5.6</SimpleData>
		<SimpleData name="ParkingSpaceAngle">Parallel</SimpleData>
		<SimpleData name="URL">https://goo.gl/sDUU7M</SimpleData>
		<SimpleData name="AuditDate">6/06/2017</SimpleData>
	</SchemaData></ExtendedData>
      <Point><coordinates>151.210946130858,-33.869969197762</coordinates></Point>
  </Placemark>
  <Placemark>
	<ExtendedData><SchemaData schemaUrl="#Mobility_parking">
		<SimpleData name="OBJECTID">145</SimpleData>
		<SimpleData name="Address">227</SimpleData>
		<SimpleData name="Street">Macquarie Street</SimpleData>
		<SimpleData name="Location">between Saint James Road and Martin Place</SimpleData>
		<SimpleData name="Suburb">Sydney</SimpleData>
		<SimpleData name="SideOfStreet">Westside</SimpleData>
		<SimpleData name="NumberParkingSpaces">2</SimpleData>
		<SimpleData name="ParkingSpaceWidth">2.9</SimpleData>
		<SimpleData name="ParkingSpaceLength">6.9</SimpleData>
		<SimpleData name="ParkingSpaceAngle">Parallel</SimpleData>
		<SimpleData name="URL">https://goo.gl/AF774s</SimpleData>
		<SimpleData name="AuditDate">6/06/2017</SimpleData>
	</SchemaData></ExtendedData>
      <Point><coordinates>151.21211451827,-33.8682625761742</coordinates></Point>
  </Placemark>
  <Placemark>
	<ExtendedData><SchemaData schemaUrl="#Mobility_parking">
		<SimpleData name="OBJECTID">146</SimpleData>
		<SimpleData name="Address">182</SimpleData>
		<SimpleData name="Street">Phillip Street</SimpleData>
		<SimpleData name="Location">between Martin Place and King Street</SimpleData>
		<SimpleData name="Suburb">Sydney</SimpleData>
		<SimpleData name="SideOfStreet">Eastside</SimpleData>
		<SimpleData name="NumberParkingSpaces">2</SimpleData>
		<SimpleData name="ParkingSpaceWidth">3.2</SimpleData>
		<SimpleData name="ParkingSpaceLength">16</SimpleData>
		<SimpleData name="ParkingSpaceAngle">Parallel</SimpleData>
		<SimpleData name="SignText">Mobility Parking 8am-6pm Mon-Fri &amp; 4P Ticket 6pm-12am Mon-Fri, 8am-10pm Sat-Sun &amp; Public Holidays</SimpleData>
		<SimpleData name="URL">https://goo.gl/pThXao</SimpleData>
		<SimpleData name="AuditDate">20/07/2023</SimpleData>
	</SchemaData></ExtendedData>
      <Point><coordinates>151.211216220876,-33.86870008407</coordinates></Point>
  </Placemark>
  <Placemark>
	<ExtendedData><SchemaData schemaUrl="#Mobility_parking">
		<SimpleData name="OBJECTID">147</SimpleData>
		<SimpleData name="Address">State Library of NSW</SimpleData>
		<SimpleData name="Street">Shakespeare Place</SimpleData>
		<SimpleData name="Location">between Sir John Young Crescent and Macquarie Street</SimpleData>
		<SimpleData name="Suburb">Sydney</SimpleData>
		<SimpleData name="SideOfStreet">Southside</SimpleData>
		<SimpleData name="NumberParkingSpaces">4</SimpleData>
		<SimpleData name="ParkingSpaceWidth">3.2</SimpleData>
		<SimpleData name="ParkingSpaceLength">5.9</SimpleData>
		<SimpleData name="ParkingSpaceAngle">Parallel</SimpleData>
		<SimpleData name="URL">https://goo.gl/QCZzdD</SimpleData>
		<SimpleData name="AuditDate">6/06/2017</SimpleData>
	</SchemaData></ExtendedData>
      <Point><coordinates>151.212878946814,-33.8659032934063</coordinates></Point>
  </Placemark>
  <Placemark>
	<ExtendedData><SchemaData schemaUrl="#Mobility_parking">
		<SimpleData name="OBJECTID">150</SimpleData>
		<SimpleData name="Address">Art Gallery of NSW</SimpleData>
		<SimpleData name="Street">Art Gallery Road</SimpleData>
		<SimpleData name="Location">between Sir John Young Crescent and Prince Albert Road</SimpleData>
		<SimpleData name="Suburb">Sydney</SimpleData>
		<SimpleData name="SideOfStreet">Eastside</SimpleData>
		<SimpleData name="NumberParkingSpaces">2</SimpleData>
		<SimpleData name="ParkingSpaceWidth">2.7</SimpleData>
		<SimpleData name="ParkingSpaceLength">5.2</SimpleData>
		<SimpleData name="ParkingSpaceAngle">90-degree</SimpleData>
		<SimpleData name="URL">https://goo.gl/2DtPjC</SimpleData>
		<SimpleData name="AuditDate">14/06/2017</SimpleData>
	</SchemaData></ExtendedData>
      <Point><coordinates>151.217074102966,-33.8683700854366</coordinates></Point>
  </Placemark>
  <Placemark>
	<ExtendedData><SchemaData schemaUrl="#Mobility_parking">
		<SimpleData name="OBJECTID">151</SimpleData>
		<SimpleData name="Street">Barrack Street</SimpleData>
		<SimpleData name="Location">between York Street and York Lane</SimpleData>
		<SimpleData name="Suburb">Sydney</SimpleData>
		<SimpleData name="SideOfStreet">Northside</SimpleData>
		<SimpleData name="NumberParkingSpaces">2</SimpleData>
		<SimpleData name="ParkingSpaceWidth">2.6</SimpleData>
		<SimpleData name="ParkingSpaceLength">7.4</SimpleData>
		<SimpleData name="ParkingSpaceAngle">Parallel</SimpleData>
		<SimpleData name="SignText">Loading zone from 6am to 10pm, Monday to Saturday. Mobility parking other times</SimpleData>
		<SimpleData name="URL">https://goo.gl/LVnFmK</SimpleData>
		<SimpleData name="AuditDate">28/06/2017</SimpleData>
	</SchemaData></ExtendedData>
      <Point><coordinates>151.20567829226,-33.8676549287764</coordinates></Point>
  </Placemark>
  <Placemark>
	<ExtendedData><SchemaData schemaUrl="#Mobility_parking">
		<SimpleData name="OBJECTID">152</SimpleData>
		<SimpleData name="Address">2-6</SimpleData>
		<SimpleData name="Street">Barrack Street</SimpleData>
		<SimpleData name="Location">between York Lane and Clarence Street</SimpleData>
		<SimpleData name="Suburb">Sydney</SimpleData>
		<SimpleData name="SideOfStreet">Northside</SimpleData>
		<SimpleData name="NumberParkingSpaces">2</SimpleData>
		<SimpleData name="ParkingSpaceWidth">2.6</SimpleData>
		<SimpleData name="ParkingSpaceLength">6.6</SimpleData>
		<SimpleData name="ParkingSpaceAngle">Parallel</SimpleData>
		<SimpleData name="SignText">Loading zone from 6am to 10pm, Monday to Saturday. Mobility parking other times</SimpleData>
		<SimpleData name="URL">https://goo.gl/chvsyk</SimpleData>
		<SimpleData name="AuditDate">28/06/2017</SimpleData>
	</SchemaData></ExtendedData>
      <Point><coordinates>151.205420922397,-33.8676620581575</coordinates></Point>
  </Placemark>
  <Placemark>
	<ExtendedData><SchemaData schemaUrl="#Mobility_parking">
		<SimpleData name="OBJECTID">153</SimpleData>
		<SimpleData name="Address">7</SimpleData>
		<SimpleData name="Street">Wheat Road</SimpleData>
		<SimpleData name="Location">between Harbour Street and Pyrmont Bridge</SimpleData>
		<SimpleData name="Suburb">Sydney</SimpleData>
		<SimpleData name="SideOfStreet">Westside</SimpleData>
		<SimpleData name="NumberParkingSpaces">5</SimpleData>
		<SimpleData name="ParkingSpaceWidth">3.5</SimpleData>
		<SimpleData name="ParkingSpaceLength">5.4</SimpleData>
		<SimpleData name="ParkingSpaceAngle">90-degree</SimpleData>
		<SimpleData name="URL">https://goo.gl/qiX4mn</SimpleData>
		<SimpleData name="AuditDate">30/06/2017</SimpleData>
	</SchemaData></ExtendedData>
      <Point><coordinates>151.202683190831,-33.8710179703772</coordinates></Point>
  </Placemark>
  <Placemark>
	<ExtendedData><SchemaData schemaUrl="#Mobility_parking">
		<SimpleData name="OBJECTID">154</SimpleData>
		<SimpleData name="Address">1</SimpleData>
		<SimpleData name="Street">Jamison Street</SimpleData>
		<SimpleData name="Location">between Clarence Street and York Street</SimpleData>
		<SimpleData name="Suburb">Sydney</SimpleData>
		<SimpleData name="SideOfStreet">Northside</SimpleData>
		<SimpleData name="NumberParkingSpaces">2</SimpleData>
		<SimpleData name="ParkingSpaceWidth">3.2</SimpleData>
		<SimpleData name="ParkingSpaceLength">5.6</SimpleData>
		<SimpleData name="ParkingSpaceAngle">Parallel</SimpleData>
		<SimpleData name="URL">https://goo.gl/7n9rj1</SimpleData>
		<SimpleData name="AuditDate">30/06/2017</SimpleData>
	</SchemaData></ExtendedData>
      <Point><coordinates>151.205063134993,-33.8643054892455</coordinates></Point>
  </Placemark>
  <Placemark>
	<ExtendedData><SchemaData schemaUrl="#Mobility_parking">
		<SimpleData name="OBJECTID">155</SimpleData>
		<SimpleData name="Address">338</SimpleData>
		<SimpleData name="Street">Pitt Street</SimpleData>
		<SimpleData name="Location">between Liverpool Street and Central Street</SimpleData>
		<SimpleData name="Suburb">Sydney</SimpleData>
		<SimpleData name="SideOfStreet">Eastside</SimpleData>
		<SimpleData name="NumberParkingSpaces">1</SimpleData>
		<SimpleData name="ParkingSpaceWidth">2.4</SimpleData>
		<SimpleData name="ParkingSpaceLength">6</SimpleData>
		<SimpleData name="ParkingSpaceAngle">Parallel</SimpleData>
		<SimpleData name="SignText">Loading zone from 6am to 10am, Monday to Friday</SimpleData>
		<SimpleData name="URL">https://goo.gl/Jmd5z6</SimpleData>
		<SimpleData name="AuditDate">30/06/2017</SimpleData>
	</SchemaData></ExtendedData>
      <Point><coordinates>151.207920775301,-33.8764809451193</coordinates></Point>
  </Placemark>
  <Placemark>
	<ExtendedData><SchemaData schemaUrl="#Mobility_parking">
		<SimpleData name="OBJECTID">156</SimpleData>
		<SimpleData name="Address">Redfern Police Station</SimpleData>
		<SimpleData name="Street">Lawson Square</SimpleData>
		<SimpleData name="Location">between Regent Street and Gibbons Street</SimpleData>
		<SimpleData name="Suburb">Redfern</SimpleData>
		<SimpleData name="SideOfStreet">Southside</SimpleData>
		<SimpleData name="NumberParkingSpaces">1</SimpleData>
		<SimpleData name="ParkingSpaceWidth">3</SimpleData>
		<SimpleData name="ParkingSpaceLength">5.9</SimpleData>
		<SimpleData name="ParkingSpaceAngle">60-degree</SimpleData>
		<SimpleData name="SignText">Police vehicles excepted</SimpleData>
		<SimpleData name="URL">https://goo.gl/PXz678</SimpleData>
		<SimpleData name="AuditDate">5/06/2017</SimpleData>
	</SchemaData></ExtendedData>
      <Point><coordinates>151.200032039153,-33.8918865218625</coordinates></Point>
  </Placemark>
  <Placemark>
	<ExtendedData><SchemaData schemaUrl="#Mobility_parking">
		<SimpleData name="OBJECTID">157</SimpleData>
		<SimpleData name="Address">16</SimpleData>
		<SimpleData name="Street">Leichhardt Street</SimpleData>
		<SimpleData name="Location">parking bay near Blackwattle Bay Park</SimpleData>
		<SimpleData name="Suburb">Glebe</SimpleData>
		<SimpleData name="SideOfStreet">Southside</SimpleData>
		<SimpleData name="NumberParkingSpaces">1</SimpleData>
		<SimpleData name="ParkingSpaceWidth">3.3</SimpleData>
		<SimpleData name="ParkingSpaceLength">5.7</SimpleData>
		<SimpleData name="ParkingSpaceAngle">90-degree</SimpleData>
		<SimpleData name="URL">https://goo.gl/96zdAZ</SimpleData>
		<SimpleData name="AuditDate">13/06/2017</SimpleData>
	</SchemaData></ExtendedData>
      <Point><coordinates>151.184676616398,-33.8717249289993</coordinates></Point>
  </Placemark>
  <Placemark>
	<ExtendedData><SchemaData schemaUrl="#Mobility_parking">
		<SimpleData name="OBJECTID">158</SimpleData>
		<SimpleData name="Street">Forsyth Street</SimpleData>
		<SimpleData name="Location">parking bay east of Taylor Street near Glebe foreshore</SimpleData>
		<SimpleData name="Suburb">Glebe</SimpleData>
		<SimpleData name="SideOfStreet">Southside</SimpleData>
		<SimpleData name="NumberParkingSpaces">1</SimpleData>
		<SimpleData name="ParkingSpaceWidth">3.2</SimpleData>
		<SimpleData name="ParkingSpaceLength">5.4</SimpleData>
		<SimpleData name="ParkingSpaceAngle">90-degree</SimpleData>
		<SimpleData name="URL">https://goo.gl/ZebpTR</SimpleData>
		<SimpleData name="AuditDate">13/06/2017</SimpleData>
	</SchemaData></ExtendedData>
      <Point><coordinates>151.18683209173,-33.8740739044821</coordinates></Point>
  </Placemark>
  <Placemark>
	<ExtendedData><SchemaData schemaUrl="#Mobility_parking">
		<SimpleData name="OBJECTID">159</SimpleData>
		<SimpleData name="Street">Cardigan Street</SimpleData>
		<SimpleData name="Location">between Bellevue Lane and Wentworth Park Road</SimpleData>
		<SimpleData name="Suburb">Glebe</SimpleData>
		<SimpleData name="SideOfStreet">Southside</SimpleData>
		<SimpleData name="NumberParkingSpaces">1</SimpleData>
		<SimpleData name="ParkingSpaceWidth">3.2</SimpleData>
		<SimpleData name="ParkingSpaceLength">5.6</SimpleData>
		<SimpleData name="ParkingSpaceAngle">Parallel</SimpleData>
		<SimpleData name="URL">https://goo.gl/XVMd15</SimpleData>
		<SimpleData name="AuditDate">13/06/2017</SimpleData>
	</SchemaData></ExtendedData>
      <Point><coordinates>151.190838086681,-33.8765622957745</coordinates></Point>
  </Placemark>
  <Placemark>
	<ExtendedData><SchemaData schemaUrl="#Mobility_parking">
		<SimpleData name="OBJECTID">160</SimpleData>
		<SimpleData name="Address">21</SimpleData>
		<SimpleData name="Street">Mitchell Street</SimpleData>
		<SimpleData name="Location">between Wentworth Street and Phillip Street</SimpleData>
		<SimpleData name="Suburb">Glebe</SimpleData>
		<SimpleData name="SideOfStreet">Northside</SimpleData>
		<SimpleData name="NumberParkingSpaces">1</SimpleData>
		<SimpleData name="ParkingSpaceWidth">3.2</SimpleData>
		<SimpleData name="ParkingSpaceLength">5.5</SimpleData>
		<SimpleData name="ParkingSpaceAngle">Parallel</SimpleData>
		<SimpleData name="URL">https://goo.gl/S9hExH</SimpleData>
		<SimpleData name="AuditDate">1/06/2017</SimpleData>
	</SchemaData></ExtendedData>
      <Point><coordinates>151.191869896333,-33.8797157826346</coordinates></Point>
  </Placemark>
  <Placemark>
	<ExtendedData><SchemaData schemaUrl="#Mobility_parking">
		<SimpleData name="OBJECTID">161</SimpleData>
		<SimpleData name="Address">58</SimpleData>
		<SimpleData name="Street">Mitchell Street</SimpleData>
		<SimpleData name="Location">between Phillip Street and Broughton Street</SimpleData>
		<SimpleData name="Suburb">Glebe</SimpleData>
		<SimpleData name="SideOfStreet">Southside</SimpleData>
		<SimpleData name="NumberParkingSpaces">1</SimpleData>
		<SimpleData name="ParkingSpaceWidth">3.2</SimpleData>
		<SimpleData name="ParkingSpaceLength">5.8</SimpleData>
		<SimpleData name="ParkingSpaceAngle">Parallel</SimpleData>
		<SimpleData name="URL">https://goo.gl/GjMvkT</SimpleData>
		<SimpleData name="AuditDate">1/06/2017</SimpleData>
	</SchemaData></ExtendedData>
      <Point><coordinates>151.19162645018,-33.8801162032551</coordinates></Point>
  </Placemark>
  <Placemark>
	<ExtendedData><SchemaData schemaUrl="#Mobility_parking">
		<SimpleData name="OBJECTID">162</SimpleData>
		<SimpleData name="Address">37</SimpleData>
		<SimpleData name="Street">Mitchell Street</SimpleData>
		<SimpleData name="Location">between Phillip Street and Broughton Street</SimpleData>
		<SimpleData name="Suburb">Glebe</SimpleData>
		<SimpleData name="SideOfStreet">Northside</SimpleData>
		<SimpleData name="NumberParkingSpaces">1</SimpleData>
		<SimpleData name="ParkingSpaceWidth">3.2</SimpleData>
		<SimpleData name="ParkingSpaceLength">5.6</SimpleData>
		<SimpleData name="ParkingSpaceAngle">Parallel</SimpleData>
		<SimpleData name="URL">https://goo.gl/Ah1sXM</SimpleData>
		<SimpleData name="AuditDate">1/06/2017</SimpleData>
	</SchemaData></ExtendedData>
      <Point><coordinates>151.19156110376,-33.8800596491057</coordinates></Point>
  </Placemark>
  <Placemark>
	<ExtendedData><SchemaData schemaUrl="#Mobility_parking">
		<SimpleData name="OBJECTID">163</SimpleData>
		<SimpleData name="Address">49</SimpleData>
		<SimpleData name="Street">Mitchell Street</SimpleData>
		<SimpleData name="Location">between Phillip Street and Broughton Street</SimpleData>
		<SimpleData name="Suburb">Glebe</SimpleData>
		<SimpleData name="SideOfStreet">Northside</SimpleData>
		<SimpleData name="NumberParkingSpaces">1</SimpleData>
		<SimpleData name="ParkingSpaceWidth">3.2</SimpleData>
		<SimpleData name="ParkingSpaceLength">6.4</SimpleData>
		<SimpleData name="ParkingSpaceAngle">Parallel</SimpleData>
		<SimpleData name="URL">https://goo.gl/nz4Jdy</SimpleData>
		<SimpleData name="AuditDate">1/06/2017</SimpleData>
	</SchemaData></ExtendedData>
      <Point><coordinates>151.191396878349,-33.8802395254106</coordinates></Point>
  </Placemark>
  <Placemark>
	<ExtendedData><SchemaData schemaUrl="#Mobility_parking">
		<SimpleData name="OBJECTID">164</SimpleData>
		<SimpleData name="Address">11</SimpleData>
		<SimpleData name="Street">Phillip Street</SimpleData>
		<SimpleData name="Location">between Mitchell Lane East and Cowper Lane</SimpleData>
		<SimpleData name="Suburb">Glebe</SimpleData>
		<SimpleData name="SideOfStreet">Eastside</SimpleData>
		<SimpleData name="NumberParkingSpaces">1</SimpleData>
		<SimpleData name="ParkingSpaceWidth">3.2</SimpleData>
		<SimpleData name="ParkingSpaceLength">6.2</SimpleData>
		<SimpleData name="ParkingSpaceAngle">Parallel</SimpleData>
		<SimpleData name="URL">https://goo.gl/JD68b8</SimpleData>
		<SimpleData name="AuditDate">1/06/2017</SimpleData>
	</SchemaData></ExtendedData>
      <Point><coordinates>151.192184753973,-33.8801907358989</coordinates></Point>
  </Placemark>
  <Placemark>
	<ExtendedData><SchemaData schemaUrl="#Mobility_parking">
		<SimpleData name="OBJECTID">165</SimpleData>
		<SimpleData name="Address">43</SimpleData>
		<SimpleData name="Street">Cowper Street</SimpleData>
		<SimpleData name="Location">between Wentworth Street and Phillip Street</SimpleData>
		<SimpleData name="Suburb">Glebe</SimpleData>
		<SimpleData name="SideOfStreet">Northside</SimpleData>
		<SimpleData name="NumberParkingSpaces">1</SimpleData>
		<SimpleData name="ParkingSpaceWidth">3.2</SimpleData>
		<SimpleData name="ParkingSpaceLength">6</SimpleData>
		<SimpleData name="ParkingSpaceAngle">Parallel</SimpleData>
		<SimpleData name="URL">https://goo.gl/JYRske</SimpleData>
		<SimpleData name="AuditDate">1/06/2017</SimpleData>
	</SchemaData></ExtendedData>
      <Point><coordinates>151.19290514126,-33.8800859867706</coordinates></Point>
  </Placemark>
  <Placemark>
	<ExtendedData><SchemaData schemaUrl="#Mobility_parking">
		<SimpleData name="OBJECTID">166</SimpleData>
		<SimpleData name="Address">1</SimpleData>
		<SimpleData name="Street">Phillip Street</SimpleData>
		<SimpleData name="Location">between Mitchell Lane East and Cowper Lane</SimpleData>
		<SimpleData name="Suburb">Glebe</SimpleData>
		<SimpleData name="SideOfStreet">Eastside</SimpleData>
		<SimpleData name="NumberParkingSpaces">1</SimpleData>
		<SimpleData name="ParkingSpaceWidth">3.2</SimpleData>
		<SimpleData name="ParkingSpaceLength">5.2</SimpleData>
		<SimpleData name="ParkingSpaceAngle">Parallel</SimpleData>
		<SimpleData name="URL">https://goo.gl/dmY2bP</SimpleData>
		<SimpleData name="AuditDate">1/06/2017</SimpleData>
	</SchemaData></ExtendedData>
      <Point><coordinates>151.192357681999,-33.8803158233753</coordinates></Point>
  </Placemark>
  <Placemark>
	<ExtendedData><SchemaData schemaUrl="#Mobility_parking">
		<SimpleData name="OBJECTID">167</SimpleData>
		<SimpleData name="Address">16</SimpleData>
		<SimpleData name="Street">Broughton Street</SimpleData>
		<SimpleData name="Location">between Cowper Lane and Mitchell Street</SimpleData>
		<SimpleData name="Suburb">Glebe</SimpleData>
		<SimpleData name="SideOfStreet">Westside</SimpleData>
		<SimpleData name="NumberParkingSpaces">2</SimpleData>
		<SimpleData name="ParkingSpaceWidth">3.2</SimpleData>
		<SimpleData name="ParkingSpaceLength">5.5</SimpleData>
		<SimpleData name="ParkingSpaceAngle">Parallel</SimpleData>
		<SimpleData name="URL">https://goo.gl/aWZnT2</SimpleData>
		<SimpleData name="AuditDate">1/06/2017</SimpleData>
	</SchemaData></ExtendedData>
      <Point><coordinates>151.191866105968,-33.8809300356926</coordinates></Point>
  </Placemark>
  <Placemark>
	<ExtendedData><SchemaData schemaUrl="#Mobility_parking">
		<SimpleData name="OBJECTID">168</SimpleData>
		<SimpleData name="Address">11</SimpleData>
		<SimpleData name="Street">Broughton Street</SimpleData>
		<SimpleData name="Location">between Cowper Lane and Mitchell Lane East</SimpleData>
		<SimpleData name="Suburb">Glebe</SimpleData>
		<SimpleData name="SideOfStreet">Eastside</SimpleData>
		<SimpleData name="NumberParkingSpaces">1</SimpleData>
		<SimpleData name="ParkingSpaceWidth">3.2</SimpleData>
		<SimpleData name="ParkingSpaceLength">6.6</SimpleData>
		<SimpleData name="ParkingSpaceAngle">Parallel</SimpleData>
		<SimpleData name="URL">https://goo.gl/1LJ5R8</SimpleData>
		<SimpleData name="AuditDate">1/06/2017</SimpleData>
	</SchemaData></ExtendedData>
      <Point><coordinates>151.191837279825,-33.8807962734586</coordinates></Point>
  </Placemark>
  <Placemark>
	<ExtendedData><SchemaData schemaUrl="#Mobility_parking">
		<SimpleData name="OBJECTID">169</SimpleData>
		<SimpleData name="Address">24</SimpleData>
		<SimpleData name="Street">Broughton Street</SimpleData>
		<SimpleData name="Location">between Cowper Lane and Mitchell Street</SimpleData>
		<SimpleData name="Suburb">Glebe</SimpleData>
		<SimpleData name="SideOfStreet">Westside</SimpleData>
		<SimpleData name="NumberParkingSpaces">1</SimpleData>
		<SimpleData name="ParkingSpaceWidth">3.2</SimpleData>
		<SimpleData name="ParkingSpaceLength">6</SimpleData>
		<SimpleData name="ParkingSpaceAngle">Parallel</SimpleData>
		<SimpleData name="URL">https://goo.gl/f2KQWX</SimpleData>
		<SimpleData name="AuditDate">1/06/2017</SimpleData>
	</SchemaData></ExtendedData>
      <Point><coordinates>151.191636992514,-33.8807587265486</coordinates></Point>
  </Placemark>
  <Placemark>
	<ExtendedData><SchemaData schemaUrl="#Mobility_parking">
		<SimpleData name="OBJECTID">170</SimpleData>
		<SimpleData name="Address">21</SimpleData>
		<SimpleData name="Street">Broughton Street</SimpleData>
		<SimpleData name="Location">between Mitchell Lane West and Saint Johns Road</SimpleData>
		<SimpleData name="Suburb">Glebe</SimpleData>
		<SimpleData name="SideOfStreet">Eastside</SimpleData>
		<SimpleData name="NumberParkingSpaces">1</SimpleData>
		<SimpleData name="ParkingSpaceWidth">3.2</SimpleData>
		<SimpleData name="ParkingSpaceLength">5.8</SimpleData>
		<SimpleData name="ParkingSpaceAngle">Parallel</SimpleData>
		<SimpleData name="URL">https://goo.gl/WNLLiU</SimpleData>
		<SimpleData name="AuditDate">1/06/2017</SimpleData>
	</SchemaData></ExtendedData>
      <Point><coordinates>151.190876568099,-33.8800880878679</coordinates></Point>
  </Placemark>
  <Placemark>
	<ExtendedData><SchemaData schemaUrl="#Mobility_parking">
		<SimpleData name="OBJECTID">171</SimpleData>
		<SimpleData name="Address">10</SimpleData>
		<SimpleData name="Street">Colbourne Avenue</SimpleData>
		<SimpleData name="Location">between Saint Johns Road and Lyndhurst Street</SimpleData>
		<SimpleData name="Suburb">Glebe</SimpleData>
		<SimpleData name="SideOfStreet">Westside</SimpleData>
		<SimpleData name="NumberParkingSpaces">1</SimpleData>
		<SimpleData name="ParkingSpaceWidth">3.2</SimpleData>
		<SimpleData name="ParkingSpaceLength">5.9</SimpleData>
		<SimpleData name="ParkingSpaceAngle">Parallel</SimpleData>
		<SimpleData name="URL">https://goo.gl/2zKWYC</SimpleData>
		<SimpleData name="AuditDate">1/06/2017</SimpleData>
	</SchemaData></ExtendedData>
      <Point><coordinates>151.189366882806,-33.8793252490918</coordinates></Point>
  </Placemark>
  <Placemark>
	<ExtendedData><SchemaData schemaUrl="#Mobility_parking">
		<SimpleData name="OBJECTID">172</SimpleData>
		<SimpleData name="Address">84</SimpleData>
		<SimpleData name="Street">Saint Johns Road</SimpleData>
		<SimpleData name="Location">between Glebe Street and Bernard Lane</SimpleData>
		<SimpleData name="Suburb">Glebe</SimpleData>
		<SimpleData name="SideOfStreet">Southside</SimpleData>
		<SimpleData name="NumberParkingSpaces">1</SimpleData>
		<SimpleData name="ParkingSpaceWidth">3.2</SimpleData>
		<SimpleData name="ParkingSpaceLength">6.3</SimpleData>
		<SimpleData name="ParkingSpaceAngle">Parallel</SimpleData>
		<SimpleData name="URL">https://goo.gl/M1MS3s</SimpleData>
		<SimpleData name="AuditDate">1/06/2017</SimpleData>
	</SchemaData></ExtendedData>
      <Point><coordinates>151.18960687877,-33.8798706387238</coordinates></Point>
  </Placemark>
  <Placemark>
	<ExtendedData><SchemaData schemaUrl="#Mobility_parking">
		<SimpleData name="OBJECTID">173</SimpleData>
		<SimpleData name="Address">128</SimpleData>
		<SimpleData name="Street">Saint Johns Road</SimpleData>
		<SimpleData name="Location">between Glebe Point Road and Derwent Lane</SimpleData>
		<SimpleData name="Suburb">Glebe</SimpleData>
		<SimpleData name="SideOfStreet">Southside</SimpleData>
		<SimpleData name="NumberParkingSpaces">1</SimpleData>
		<SimpleData name="ParkingSpaceWidth">2</SimpleData>
		<SimpleData name="ParkingSpaceLength">6.9</SimpleData>
		<SimpleData name="ParkingSpaceAngle">Parallel</SimpleData>
		<SimpleData name="URL">https://goo.gl/d6pCVX</SimpleData>
		<SimpleData name="AuditDate">1/06/2017</SimpleData>
	</SchemaData></ExtendedData>
      <Point><coordinates>151.187629367076,-33.880955967162</coordinates></Point>
  </Placemark>
  <Placemark>
	<ExtendedData><SchemaData schemaUrl="#Mobility_parking">
		<SimpleData name="OBJECTID">174</SimpleData>
		<SimpleData name="Address">75</SimpleData>
		<SimpleData name="Street">Saint Johns Road</SimpleData>
		<SimpleData name="Location">between Glebe Point Road and Purves Street</SimpleData>
		<SimpleData name="Suburb">Glebe</SimpleData>
		<SimpleData name="SideOfStreet">Northside</SimpleData>
		<SimpleData name="NumberParkingSpaces">1</SimpleData>
		<SimpleData name="ParkingSpaceWidth">3.2</SimpleData>
		<SimpleData name="ParkingSpaceLength">9.2</SimpleData>
		<SimpleData name="ParkingSpaceAngle">Parallel</SimpleData>
		<SimpleData name="URL">https://goo.gl/9vTSEP</SimpleData>
		<SimpleData name="AuditDate">1/06/2017</SimpleData>
	</SchemaData></ExtendedData>
      <Point><coordinates>151.187198637528,-33.881049109932</coordinates></Point>
  </Placemark>
  <Placemark>
	<ExtendedData><SchemaData schemaUrl="#Mobility_parking">
		<SimpleData name="OBJECTID">175</SimpleData>
		<SimpleData name="Address">94</SimpleData>
		<SimpleData name="Street">Campbell Street</SimpleData>
		<SimpleData name="Location">between Norton Street and Saint Johns Road</SimpleData>
		<SimpleData name="Suburb">Glebe</SimpleData>
		<SimpleData name="SideOfStreet">Westside</SimpleData>
		<SimpleData name="NumberParkingSpaces">1</SimpleData>
		<SimpleData name="ParkingSpaceWidth">3.2</SimpleData>
		<SimpleData name="ParkingSpaceLength">5.4</SimpleData>
		<SimpleData name="ParkingSpaceAngle">Parallel</SimpleData>
		<SimpleData name="URL">https://goo.gl/qjWF5y</SimpleData>
		<SimpleData name="AuditDate">1/06/2017</SimpleData>
	</SchemaData></ExtendedData>
      <Point><coordinates>151.188868631295,-33.8807145019744</coordinates></Point>
  </Placemark>
  <Placemark>
	<ExtendedData><SchemaData schemaUrl="#Mobility_parking">
		<SimpleData name="OBJECTID">176</SimpleData>
		<SimpleData name="Address">87</SimpleData>
		<SimpleData name="Street">Campbell Street</SimpleData>
		<SimpleData name="Location">between Norton Street and Mitchell Street</SimpleData>
		<SimpleData name="Suburb">Glebe</SimpleData>
		<SimpleData name="SideOfStreet">Eastside</SimpleData>
		<SimpleData name="NumberParkingSpaces">2</SimpleData>
		<SimpleData name="ParkingSpaceWidth">3.2</SimpleData>
		<SimpleData name="ParkingSpaceLength">5.9</SimpleData>
		<SimpleData name="ParkingSpaceAngle">Parallel</SimpleData>
		<SimpleData name="URL">https://goo.gl/pqDm8U</SimpleData>
		<SimpleData name="AuditDate">1/06/2017</SimpleData>
	</SchemaData></ExtendedData>
      <Point><coordinates>151.189492261029,-33.8810043359051</coordinates></Point>
  </Placemark>
  <Placemark>
	<ExtendedData><SchemaData schemaUrl="#Mobility_parking">
		<SimpleData name="OBJECTID">177</SimpleData>
		<SimpleData name="Address">31</SimpleData>
		<SimpleData name="Street">Campbell Street</SimpleData>
		<SimpleData name="Location">between Mitchell Street and Cowper Street</SimpleData>
		<SimpleData name="Suburb">Glebe</SimpleData>
		<SimpleData name="SideOfStreet">Eastside</SimpleData>
		<SimpleData name="NumberParkingSpaces">3</SimpleData>
		<SimpleData name="ParkingSpaceWidth">3.2</SimpleData>
		<SimpleData name="ParkingSpaceLength">5.1</SimpleData>
		<SimpleData name="ParkingSpaceAngle">Parallel</SimpleData>
		<SimpleData name="URL">https://goo.gl/8sF9wF</SimpleData>
		<SimpleData name="AuditDate">1/06/2017</SimpleData>
	</SchemaData></ExtendedData>
      <Point><coordinates>151.191071921492,-33.8819650008702</coordinates></Point>
  </Placemark>
  <Placemark>
	<ExtendedData><SchemaData schemaUrl="#Mobility_parking">
		<SimpleData name="OBJECTID">178</SimpleData>
		<SimpleData name="Address">117</SimpleData>
		<SimpleData name="Street">Cowper Street</SimpleData>
		<SimpleData name="Location">between Campbell Street and Campbell Lane</SimpleData>
		<SimpleData name="Suburb">Glebe</SimpleData>
		<SimpleData name="SideOfStreet">Northside</SimpleData>
		<SimpleData name="NumberParkingSpaces">1</SimpleData>
		<SimpleData name="ParkingSpaceWidth">3.2</SimpleData>
		<SimpleData name="ParkingSpaceLength">6</SimpleData>
		<SimpleData name="ParkingSpaceAngle">Parallel</SimpleData>
		<SimpleData name="URL">https://goo.gl/EUkGWC</SimpleData>
		<SimpleData name="AuditDate">1/06/2017</SimpleData>
	</SchemaData></ExtendedData>
      <Point><coordinates>151.191505806258,-33.8826614057276</coordinates></Point>
  </Placemark>
  <Placemark>
	<ExtendedData><SchemaData schemaUrl="#Mobility_parking">
		<SimpleData name="OBJECTID">179</SimpleData>
		<SimpleData name="Address">103</SimpleData>
		<SimpleData name="Street">Glebe Street</SimpleData>
		<SimpleData name="Location">between Cowper Street and Mitchell Street</SimpleData>
		<SimpleData name="Suburb">Glebe</SimpleData>
		<SimpleData name="SideOfStreet">Eastside</SimpleData>
		<SimpleData name="NumberParkingSpaces">1</SimpleData>
		<SimpleData name="ParkingSpaceWidth">3.2</SimpleData>
		<SimpleData name="ParkingSpaceLength">6</SimpleData>
		<SimpleData name="ParkingSpaceAngle">Parallel</SimpleData>
		<SimpleData name="URL">https://goo.gl/49hFMs</SimpleData>
		<SimpleData name="AuditDate">1/06/2017</SimpleData>
	</SchemaData></ExtendedData>
      <Point><coordinates>151.192037997269,-33.8817795549132</coordinates></Point>
  </Placemark>
  <Placemark>
	<ExtendedData><SchemaData schemaUrl="#Mobility_parking">
		<SimpleData name="OBJECTID">180</SimpleData>
		<SimpleData name="Address">96</SimpleData>
		<SimpleData name="Street">Glebe Street</SimpleData>
		<SimpleData name="Location">between Cowper Street and Mitchell Street</SimpleData>
		<SimpleData name="Suburb">Glebe</SimpleData>
		<SimpleData name="SideOfStreet">Westside</SimpleData>
		<SimpleData name="NumberParkingSpaces">1</SimpleData>
		<SimpleData name="ParkingSpaceWidth">3.2</SimpleData>
		<SimpleData name="ParkingSpaceLength">6.8</SimpleData>
		<SimpleData name="ParkingSpaceAngle">Parallel</SimpleData>
		<SimpleData name="URL">https://goo.gl/uA8xEd</SimpleData>
		<SimpleData name="AuditDate">1/06/2017</SimpleData>
	</SchemaData></ExtendedData>
      <Point><coordinates>151.191104720161,-33.8812898264923</coordinates></Point>
  </Placemark>
  <Placemark>
	<ExtendedData><SchemaData schemaUrl="#Mobility_parking">
		<SimpleData name="OBJECTID">181</SimpleData>
		<SimpleData name="Address">119</SimpleData>
		<SimpleData name="Street">Glebe Street</SimpleData>
		<SimpleData name="Location">between Norton Street and Mitchell Street</SimpleData>
		<SimpleData name="Suburb">Glebe</SimpleData>
		<SimpleData name="SideOfStreet">Eastside</SimpleData>
		<SimpleData name="NumberParkingSpaces">2</SimpleData>
		<SimpleData name="ParkingSpaceWidth">3.2</SimpleData>
		<SimpleData name="ParkingSpaceLength">6.2</SimpleData>
		<SimpleData name="ParkingSpaceAngle">Parallel</SimpleData>
		<SimpleData name="URL">https://goo.gl/AFy7BR</SimpleData>
		<SimpleData name="AuditDate">1/06/2017</SimpleData>
	</SchemaData></ExtendedData>
      <Point><coordinates>151.190081203526,-33.8805285496766</coordinates></Point>
  </Placemark>
  <Placemark>
	<ExtendedData><SchemaData schemaUrl="#Mobility_parking">
		<SimpleData name="OBJECTID">182</SimpleData>
		<SimpleData name="Address">48</SimpleData>
		<SimpleData name="Street">Saint Johns Road</SimpleData>
		<SimpleData name="Location">between Phillip Street and Wentworth Street</SimpleData>
		<SimpleData name="Suburb">Glebe</SimpleData>
		<SimpleData name="SideOfStreet">Southside</SimpleData>
		<SimpleData name="NumberParkingSpaces">1</SimpleData>
		<SimpleData name="ParkingSpaceWidth">3.2</SimpleData>
		<SimpleData name="ParkingSpaceLength">5.4</SimpleData>
		<SimpleData name="ParkingSpaceAngle">Parallel</SimpleData>
		<SimpleData name="URL">https://goo.gl/cmvCaJ</SimpleData>
		<SimpleData name="AuditDate">1/06/2017</SimpleData>
	</SchemaData></ExtendedData>
      <Point><coordinates>151.190987133049,-33.8791100460512</coordinates></Point>
  </Placemark>
  <Placemark>
	<ExtendedData><SchemaData schemaUrl="#Mobility_parking">
		<SimpleData name="OBJECTID">183</SimpleData>
		<SimpleData name="Address">3</SimpleData>
		<SimpleData name="Street">Westmoreland Street</SimpleData>
		<SimpleData name="Location">between Mitchell Street and Catherine Street</SimpleData>
		<SimpleData name="Suburb">Glebe</SimpleData>
		<SimpleData name="SideOfStreet">Eastside</SimpleData>
		<SimpleData name="NumberParkingSpaces">1</SimpleData>
		<SimpleData name="ParkingSpaceWidth">3.2</SimpleData>
		<SimpleData name="ParkingSpaceLength">4.7</SimpleData>
		<SimpleData name="ParkingSpaceAngle">Parallel</SimpleData>
		<SimpleData name="URL">https://goo.gl/qsmjjg</SimpleData>
		<SimpleData name="AuditDate">13/06/2017</SimpleData>
	</SchemaData></ExtendedData>
      <Point><coordinates>151.188913899131,-33.8838339094011</coordinates></Point>
  </Placemark>
  <Placemark>
	<ExtendedData><SchemaData schemaUrl="#Mobility_parking">
		<SimpleData name="OBJECTID">184</SimpleData>
		<SimpleData name="Street">Catherine Street</SimpleData>
		<SimpleData name="Location">between Mount Vernon Street and Mount Vernon Lane</SimpleData>
		<SimpleData name="Suburb">Glebe</SimpleData>
		<SimpleData name="SideOfStreet">Northside</SimpleData>
		<SimpleData name="NumberParkingSpaces">1</SimpleData>
		<SimpleData name="ParkingSpaceWidth">3.5</SimpleData>
		<SimpleData name="ParkingSpaceLength">10.1</SimpleData>
		<SimpleData name="ParkingSpaceAngle">Parallel</SimpleData>
		<SimpleData name="URL">https://goo.gl/7ikZZi</SimpleData>
		<SimpleData name="AuditDate">13/06/2017</SimpleData>
	</SchemaData></ExtendedData>
      <Point><coordinates>151.187638534439,-33.8838519723799</coordinates></Point>
  </Placemark>
  <Placemark>
	<ExtendedData><SchemaData schemaUrl="#Mobility_parking">
		<SimpleData name="OBJECTID">185</SimpleData>
		<SimpleData name="Address">65</SimpleData>
		<SimpleData name="Street">Arundel Street</SimpleData>
		<SimpleData name="Location">between Derwent Street and Seamer Street</SimpleData>
		<SimpleData name="Suburb">Glebe</SimpleData>
		<SimpleData name="SideOfStreet">Southside</SimpleData>
		<SimpleData name="NumberParkingSpaces">1</SimpleData>
		<SimpleData name="ParkingSpaceWidth">4.8</SimpleData>
		<SimpleData name="ParkingSpaceLength">4.9</SimpleData>
		<SimpleData name="ParkingSpaceAngle">90-degree</SimpleData>
		<SimpleData name="URL">https://goo.gl/tiknsZ</SimpleData>
		<SimpleData name="AuditDate">13/06/2017</SimpleData>
	</SchemaData></ExtendedData>
      <Point><coordinates>151.187128415574,-33.8845648392361</coordinates></Point>
  </Placemark>
  <Placemark>
	<ExtendedData><SchemaData schemaUrl="#Mobility_parking">
		<SimpleData name="OBJECTID">186</SimpleData>
		<SimpleData name="Address">45</SimpleData>
		<SimpleData name="Street">Arundel Street</SimpleData>
		<SimpleData name="Location">between Derwent Street and Seamer Street</SimpleData>
		<SimpleData name="Suburb">Glebe</SimpleData>
		<SimpleData name="SideOfStreet">Northside</SimpleData>
		<SimpleData name="NumberParkingSpaces">1</SimpleData>
		<SimpleData name="ParkingSpaceWidth">2.2</SimpleData>
		<SimpleData name="ParkingSpaceLength">6.5</SimpleData>
		<SimpleData name="ParkingSpaceAngle">Parallel</SimpleData>
		<SimpleData name="URL">https://goo.gl/Zx1W2d</SimpleData>
		<SimpleData name="AuditDate">13/06/2017</SimpleData>
	</SchemaData></ExtendedData>
      <Point><coordinates>151.188211388256,-33.8844572230549</coordinates></Point>
  </Placemark>
  <Placemark>
	<ExtendedData><SchemaData schemaUrl="#Mobility_parking">
		<SimpleData name="OBJECTID">187</SimpleData>
		<SimpleData name="Address">93</SimpleData>
		<SimpleData name="Street">Arundel Street</SimpleData>
		<SimpleData name="Location">between Forest Street and Lodge Street</SimpleData>
		<SimpleData name="Suburb">Glebe</SimpleData>
		<SimpleData name="SideOfStreet">Northside</SimpleData>
		<SimpleData name="NumberParkingSpaces">1</SimpleData>
		<SimpleData name="ParkingSpaceWidth">3.2</SimpleData>
		<SimpleData name="ParkingSpaceLength">5.2</SimpleData>
		<SimpleData name="ParkingSpaceAngle">Parallel</SimpleData>
		<SimpleData name="URL">https://goo.gl/HBewQW</SimpleData>
		<SimpleData name="AuditDate">13/06/2017</SimpleData>
	</SchemaData></ExtendedData>
      <Point><coordinates>151.185536311991,-33.8840663376598</coordinates></Point>
  </Placemark>
  <Placemark>
	<ExtendedData><SchemaData schemaUrl="#Mobility_parking">
		<SimpleData name="OBJECTID">188</SimpleData>
		<SimpleData name="Address">21</SimpleData>
		<SimpleData name="Street">Mount Vernon Street</SimpleData>
		<SimpleData name="Location">between Saint Johns Road and Catherine Street</SimpleData>
		<SimpleData name="Suburb">Glebe</SimpleData>
		<SimpleData name="SideOfStreet">Eastside</SimpleData>
		<SimpleData name="NumberParkingSpaces">3</SimpleData>
		<SimpleData name="ParkingSpaceWidth">3.2</SimpleData>
		<SimpleData name="ParkingSpaceLength">6.4</SimpleData>
		<SimpleData name="ParkingSpaceAngle">Parallel</SimpleData>
		<SimpleData name="URL">https://goo.gl/iSdT63</SimpleData>
		<SimpleData name="AuditDate">13/06/2017</SimpleData>
	</SchemaData></ExtendedData>
      <Point><coordinates>151.186748796384,-33.8834016750687</coordinates></Point>
  </Placemark>
  <Placemark>
	<ExtendedData><SchemaData schemaUrl="#Mobility_parking">
		<SimpleData name="OBJECTID">189</SimpleData>
		<SimpleData name="Address">20</SimpleData>
		<SimpleData name="Street">Derwent Street</SimpleData>
		<SimpleData name="Location">between Catherine Street and Mitchell Street</SimpleData>
		<SimpleData name="Suburb">Glebe</SimpleData>
		<SimpleData name="SideOfStreet">Westside</SimpleData>
		<SimpleData name="NumberParkingSpaces">1</SimpleData>
		<SimpleData name="ParkingSpaceWidth">3.2</SimpleData>
		<SimpleData name="ParkingSpaceLength">8.6</SimpleData>
		<SimpleData name="ParkingSpaceAngle">Parallel</SimpleData>
		<SimpleData name="URL">https://goo.gl/nJtjxa</SimpleData>
		<SimpleData name="AuditDate">13/06/2017</SimpleData>
	</SchemaData></ExtendedData>
      <Point><coordinates>151.189802670145,-33.8834315023339</coordinates></Point>
  </Placemark>
  <Placemark>
	<ExtendedData><SchemaData schemaUrl="#Mobility_parking">
		<SimpleData name="OBJECTID">190</SimpleData>
		<SimpleData name="Address">71-73</SimpleData>
		<SimpleData name="Street">Derwent Street</SimpleData>
		<SimpleData name="Location">between Saint Johns Road and Mitchell Street</SimpleData>
		<SimpleData name="Suburb">Glebe</SimpleData>
		<SimpleData name="SideOfStreet">Eastside</SimpleData>
		<SimpleData name="NumberParkingSpaces">3</SimpleData>
		<SimpleData name="ParkingSpaceWidth">3.2</SimpleData>
		<SimpleData name="ParkingSpaceLength">8.2</SimpleData>
		<SimpleData name="ParkingSpaceAngle">Parallel</SimpleData>
		<SimpleData name="URL">https://goo.gl/DRCW6G</SimpleData>
		<SimpleData name="AuditDate">13/06/2017</SimpleData>
	</SchemaData></ExtendedData>
      <Point><coordinates>151.188634936409,-33.8824740140881</coordinates></Point>
  </Placemark>
  <Placemark>
	<ExtendedData><SchemaData schemaUrl="#Mobility_parking">
		<SimpleData name="OBJECTID">191</SimpleData>
		<SimpleData name="Address">62</SimpleData>
		<SimpleData name="Street">Derwent Street</SimpleData>
		<SimpleData name="Location">between Mitchell Road and Saint Johns Road</SimpleData>
		<SimpleData name="Suburb">Glebe</SimpleData>
		<SimpleData name="SideOfStreet">Westside</SimpleData>
		<SimpleData name="NumberParkingSpaces">1</SimpleData>
		<SimpleData name="ParkingSpaceWidth">3.2</SimpleData>
		<SimpleData name="ParkingSpaceLength">8.3</SimpleData>
		<SimpleData name="ParkingSpaceAngle">Parallel</SimpleData>
		<SimpleData name="URL">https://goo.gl/KL1ddc</SimpleData>
		<SimpleData name="AuditDate">13/06/2017</SimpleData>
	</SchemaData></ExtendedData>
      <Point><coordinates>151.188427441081,-33.8824691818715</coordinates></Point>
  </Placemark>
  <Placemark>
	<ExtendedData><SchemaData schemaUrl="#Mobility_parking">
		<SimpleData name="OBJECTID">192</SimpleData>
		<SimpleData name="Address">79</SimpleData>
		<SimpleData name="Street">Westmoreland Street</SimpleData>
		<SimpleData name="Location">between Saint Johns Road and Mitchell Street</SimpleData>
		<SimpleData name="Suburb">Glebe</SimpleData>
		<SimpleData name="SideOfStreet">Eastside</SimpleData>
		<SimpleData name="NumberParkingSpaces">1</SimpleData>
		<SimpleData name="ParkingSpaceWidth">3.2</SimpleData>
		<SimpleData name="ParkingSpaceLength">7.2</SimpleData>
		<SimpleData name="ParkingSpaceAngle">Parallel</SimpleData>
		<SimpleData name="URL">https://goo.gl/xusV3n</SimpleData>
		<SimpleData name="AuditDate">13/06/2017</SimpleData>
	</SchemaData></ExtendedData>
      <Point><coordinates>151.186453955399,-33.8821071799841</coordinates></Point>
  </Placemark>
  <Placemark>
	<ExtendedData><SchemaData schemaUrl="#Mobility_parking">
		<SimpleData name="OBJECTID">193</SimpleData>
		<SimpleData name="Address">63</SimpleData>
		<SimpleData name="Street">Westmoreland Street</SimpleData>
		<SimpleData name="Location">between Saint Johns Road and Mitchell Street</SimpleData>
		<SimpleData name="Suburb">Glebe</SimpleData>
		<SimpleData name="SideOfStreet">Eastside</SimpleData>
		<SimpleData name="NumberParkingSpaces">2</SimpleData>
		<SimpleData name="ParkingSpaceWidth">3.2</SimpleData>
		<SimpleData name="ParkingSpaceLength">6</SimpleData>
		<SimpleData name="ParkingSpaceAngle">Parallel</SimpleData>
		<SimpleData name="URL">https://goo.gl/Abqgtw</SimpleData>
		<SimpleData name="AuditDate">13/06/2017</SimpleData>
	</SchemaData></ExtendedData>
      <Point><coordinates>151.186935514692,-33.8824437137436</coordinates></Point>
  </Placemark>
  <Placemark>
	<ExtendedData><SchemaData schemaUrl="#Mobility_parking">
		<SimpleData name="OBJECTID">194</SimpleData>
		<SimpleData name="Address">45</SimpleData>
		<SimpleData name="Street">Westmoreland Street</SimpleData>
		<SimpleData name="Location">between Saint Johns Road and Mitchell Street</SimpleData>
		<SimpleData name="Suburb">Glebe</SimpleData>
		<SimpleData name="SideOfStreet">Eastside</SimpleData>
		<SimpleData name="NumberParkingSpaces">1</SimpleData>
		<SimpleData name="ParkingSpaceWidth">3.2</SimpleData>
		<SimpleData name="ParkingSpaceLength">10.1</SimpleData>
		<SimpleData name="ParkingSpaceAngle">Parallel</SimpleData>
		<SimpleData name="URL">https://goo.gl/u8s9ib</SimpleData>
		<SimpleData name="AuditDate">13/06/2017</SimpleData>
	</SchemaData></ExtendedData>
      <Point><coordinates>151.18754015546,-33.8828663663974</coordinates></Point>
  </Placemark>
  <Placemark>
	<ExtendedData><SchemaData schemaUrl="#Mobility_parking">
		<SimpleData name="OBJECTID">195</SimpleData>
		<SimpleData name="Address">18</SimpleData>
		<SimpleData name="Street">Westmoreland Street</SimpleData>
		<SimpleData name="Location">between Mitchell Street and Saint Johns Road</SimpleData>
		<SimpleData name="Suburb">Glebe</SimpleData>
		<SimpleData name="SideOfStreet">Westside</SimpleData>
		<SimpleData name="NumberParkingSpaces">1</SimpleData>
		<SimpleData name="ParkingSpaceWidth">3.2</SimpleData>
		<SimpleData name="ParkingSpaceLength">6</SimpleData>
		<SimpleData name="ParkingSpaceAngle">Parallel</SimpleData>
		<SimpleData name="URL">https://goo.gl/xh7Bnr</SimpleData>
		<SimpleData name="AuditDate">13/06/2017</SimpleData>
	</SchemaData></ExtendedData>
      <Point><coordinates>151.187731749085,-33.8831507562747</coordinates></Point>
  </Placemark>
  <Placemark>
	<ExtendedData><SchemaData schemaUrl="#Mobility_parking">
		<SimpleData name="OBJECTID">196</SimpleData>
		<SimpleData name="Address">76</SimpleData>
		<SimpleData name="Street">Forsyth Street</SimpleData>
		<SimpleData name="Location">between Taylor Street and Avon Street</SimpleData>
		<SimpleData name="Suburb">Glebe</SimpleData>
		<SimpleData name="SideOfStreet">Southside</SimpleData>
		<SimpleData name="NumberParkingSpaces">1</SimpleData>
		<SimpleData name="ParkingSpaceWidth">3.2</SimpleData>
		<SimpleData name="ParkingSpaceLength">6.4</SimpleData>
		<SimpleData name="ParkingSpaceAngle">Parallel</SimpleData>
		<SimpleData name="URL">https://goo.gl/fE2Q4P</SimpleData>
		<SimpleData name="AuditDate">13/06/2017</SimpleData>
	</SchemaData></ExtendedData>
      <Point><coordinates>151.186462971895,-33.8743125557115</coordinates></Point>
  </Placemark>
  <Placemark>
	<ExtendedData><SchemaData schemaUrl="#Mobility_parking">
		<SimpleData name="OBJECTID">197</SimpleData>
		<SimpleData name="Address">315</SimpleData>
		<SimpleData name="Street">Glebe Point Road</SimpleData>
		<SimpleData name="Location">between Ferry Road and Palmerston Avenue</SimpleData>
		<SimpleData name="Suburb">Glebe</SimpleData>
		<SimpleData name="SideOfStreet">Eastside</SimpleData>
		<SimpleData name="NumberParkingSpaces">1</SimpleData>
		<SimpleData name="ParkingSpaceWidth">2.2</SimpleData>
		<SimpleData name="ParkingSpaceLength">6.1</SimpleData>
		<SimpleData name="ParkingSpaceAngle">Parallel</SimpleData>
		<SimpleData name="URL">https://goo.gl/gp4QDD</SimpleData>
		<SimpleData name="AuditDate">13/06/2017</SimpleData>
	</SchemaData></ExtendedData>
      <Point><coordinates>151.185483048859,-33.8777811137071</coordinates></Point>
  </Placemark>
  <Placemark>
	<ExtendedData><SchemaData schemaUrl="#Mobility_parking">
		<SimpleData name="OBJECTID">198</SimpleData>
		<SimpleData name="Address">42</SimpleData>
		<SimpleData name="Street">Allen Street</SimpleData>
		<SimpleData name="Location">between Cotter Lane and Park Avenue</SimpleData>
		<SimpleData name="Suburb">Glebe</SimpleData>
		<SimpleData name="SideOfStreet">Eastside</SimpleData>
		<SimpleData name="NumberParkingSpaces">1</SimpleData>
		<SimpleData name="ParkingSpaceWidth">3.2</SimpleData>
		<SimpleData name="ParkingSpaceLength">7.8</SimpleData>
		<SimpleData name="ParkingSpaceAngle">Parallel</SimpleData>
		<SimpleData name="URL">https://goo.gl/GwJNfA</SimpleData>
		<SimpleData name="AuditDate">13/06/2017</SimpleData>
	</SchemaData></ExtendedData>
      <Point><coordinates>151.181942125851,-33.8748703922796</coordinates></Point>
  </Placemark>
  <Placemark>
	<ExtendedData><SchemaData schemaUrl="#Mobility_parking">
		<SimpleData name="OBJECTID">199</SimpleData>
		<SimpleData name="Address">39</SimpleData>
		<SimpleData name="Street">Bellevue Street</SimpleData>
		<SimpleData name="Location">between Lyndhurst Street and Saint Johns Road</SimpleData>
		<SimpleData name="Suburb">Glebe</SimpleData>
		<SimpleData name="SideOfStreet">Eastside</SimpleData>
		<SimpleData name="NumberParkingSpaces">1</SimpleData>
		<SimpleData name="ParkingSpaceWidth">3.2</SimpleData>
		<SimpleData name="ParkingSpaceLength">7</SimpleData>
		<SimpleData name="ParkingSpaceAngle">Parallel</SimpleData>
		<SimpleData name="URL">https://goo.gl/6L5Mmc</SimpleData>
		<SimpleData name="AuditDate">13/06/2017</SimpleData>
	</SchemaData></ExtendedData>
      <Point><coordinates>151.191155654991,-33.8776400810419</coordinates></Point>
  </Placemark>
  <Placemark>
	<ExtendedData><SchemaData schemaUrl="#Mobility_parking">
		<SimpleData name="OBJECTID">200</SimpleData>
		<SimpleData name="Address">10</SimpleData>
		<SimpleData name="Street">Bellevue Street</SimpleData>
		<SimpleData name="Location">between Saint Johns Road and Lyndhurst Street</SimpleData>
		<SimpleData name="Suburb">Glebe</SimpleData>
		<SimpleData name="SideOfStreet">Westside</SimpleData>
		<SimpleData name="NumberParkingSpaces">1</SimpleData>
		<SimpleData name="ParkingSpaceWidth">3.2</SimpleData>
		<SimpleData name="ParkingSpaceLength">6</SimpleData>
		<SimpleData name="ParkingSpaceAngle">Parallel</SimpleData>
		<SimpleData name="URL">https://goo.gl/13zVNW</SimpleData>
		<SimpleData name="AuditDate">13/06/2017</SimpleData>
	</SchemaData></ExtendedData>
      <Point><coordinates>151.191632839324,-33.8784073035816</coordinates></Point>
  </Placemark>
  <Placemark>
	<ExtendedData><SchemaData schemaUrl="#Mobility_parking">
		<SimpleData name="OBJECTID">201</SimpleData>
		<SimpleData name="Address">68</SimpleData>
		<SimpleData name="Street">Pitt Street</SimpleData>
		<SimpleData name="Location">corner of Pitt Street and Hunt Street</SimpleData>
		<SimpleData name="Suburb">Sydney</SimpleData>
		<SimpleData name="SideOfStreet">Eastside</SimpleData>
		<SimpleData name="NumberParkingSpaces">1</SimpleData>
		<SimpleData name="ParkingSpaceAngle">Parallel</SimpleData>
		<SimpleData name="SignText">Mobility parking only. 2 hour ticketed parking. 6am to 6pm</SimpleData>
		<SimpleData name="URL">https://goo.gl/maps/G6UKLEEnSge1sCLp7</SimpleData>
		<SimpleData name="AuditDate">6/08/2020</SimpleData>
	</SchemaData></ExtendedData>
      <Point><coordinates>151.208690816374,-33.8659142170159</coordinates></Point>
  </Placemark>
  <Placemark>
	<ExtendedData><SchemaData schemaUrl="#Mobility_parking">
		<SimpleData name="OBJECTID">202</SimpleData>
		<SimpleData name="Address">45-54</SimpleData>
		<SimpleData name="Street">Pitt Street</SimpleData>
		<SimpleData name="Location">corner of Pitt Street and Bridge Street</SimpleData>
		<SimpleData name="Suburb">Sydney</SimpleData>
		<SimpleData name="SideOfStreet">Eastside</SimpleData>
		<SimpleData name="NumberParkingSpaces">1</SimpleData>
		<SimpleData name="ParkingSpaceAngle">Parallel</SimpleData>
		<SimpleData name="SignText">Mobility parking only. 2 hour ticketed parking. 6am to 6pm</SimpleData>
		<SimpleData name="URL">https://goo.gl/maps/NS22U23YZWJeAPRM9</SimpleData>
		<SimpleData name="AuditDate">6/08/2020</SimpleData>
	</SchemaData></ExtendedData>
      <Point><coordinates>151.209054192906,-33.8632857885575</coordinates></Point>
  </Placemark>
  <Placemark>
	<ExtendedData><SchemaData schemaUrl="#Mobility_parking">
		<SimpleData name="OBJECTID">203</SimpleData>
		<SimpleData name="Address">86-88</SimpleData>
		<SimpleData name="Street">Pitt Street</SimpleData>
		<SimpleData name="Location">between Angel Place and Hunter Street</SimpleData>
		<SimpleData name="Suburb">Sydney</SimpleData>
		<SimpleData name="SideOfStreet">Eastside</SimpleData>
		<SimpleData name="NumberParkingSpaces">1</SimpleData>
		<SimpleData name="ParkingSpaceAngle">Parallel</SimpleData>
		<SimpleData name="SignText">Mobility parking only. 2 hour ticketed parking. 6am to 6pm. No parking all other times.</SimpleData>
		<SimpleData name="URL">https://goo.gl/maps/LkvWBsNHTt9Ji7q99</SimpleData>
		<SimpleData name="AuditDate">21/09/2020</SimpleData>
	</SchemaData></ExtendedData>
      <Point><coordinates>151.20858829729,-33.8669740999785</coordinates></Point>
  </Placemark>
  <Placemark>
	<ExtendedData><SchemaData schemaUrl="#Mobility_parking">
		<SimpleData name="OBJECTID">205</SimpleData>
		<SimpleData name="Address">8</SimpleData>
		<SimpleData name="Street">Eve Street</SimpleData>
		<SimpleData name="Location">south of Brightwell Lane</SimpleData>
		<SimpleData name="Suburb">Erskineville</SimpleData>
		<SimpleData name="SideOfStreet">Eastside</SimpleData>
		<SimpleData name="NumberParkingSpaces">1</SimpleData>
		<SimpleData name="ParkingSpaceWidth">3.2</SimpleData>
		<SimpleData name="ParkingSpaceLength">7.8</SimpleData>
		<SimpleData name="ParkingSpaceAngle">Parallel</SimpleData>
		<SimpleData name="SignText">Disability Parking Only</SimpleData>
		<SimpleData name="URL">https://goo.gl/maps/pYpYhX5tvtVL83oP6</SimpleData>
		<SimpleData name="AuditDate">2/11/2021</SimpleData>
	</SchemaData></ExtendedData>
      <Point><coordinates>151.185929412711,-33.9046749470686</coordinates></Point>
  </Placemark>
  <Placemark>
	<ExtendedData><SchemaData schemaUrl="#Mobility_parking">
		<SimpleData name="OBJECTID">206</SimpleData>
		<SimpleData name="Address">284</SimpleData>
		<SimpleData name="Street">Glebe Point road</SimpleData>
		<SimpleData name="Location">south of Eglinton Road</SimpleData>
		<SimpleData name="Suburb">Glebe</SimpleData>
		<SimpleData name="SideOfStreet">Westside</SimpleData>
		<SimpleData name="NumberParkingSpaces">1</SimpleData>
		<SimpleData name="ParkingSpaceWidth">3.2</SimpleData>
		<SimpleData name="ParkingSpaceLength">7.8</SimpleData>
		<SimpleData name="ParkingSpaceAngle">Parallel</SimpleData>
		<SimpleData name="SignText">Disability Parking Only</SimpleData>
		<SimpleData name="URL">https://goo.gl/maps/2YtK2Ru2if7fG72L7</SimpleData>
		<SimpleData name="AuditDate">17/03/2022</SimpleData>
	</SchemaData></ExtendedData>
      <Point><coordinates>151.181400009705,-33.8729277464173</coordinates></Point>
  </Placemark>
  <Placemark>
	<ExtendedData><SchemaData schemaUrl="#Mobility_parking">
		<SimpleData name="OBJECTID">207</SimpleData>
		<SimpleData name="Address">121-129</SimpleData>
		<SimpleData name="Street">Crown Street</SimpleData>
		<SimpleData name="Location">north of Stanley Street</SimpleData>
		<SimpleData name="Suburb">Surry Hills</SimpleData>
		<SimpleData name="SideOfStreet">Westside</SimpleData>
		<SimpleData name="NumberParkingSpaces">1</SimpleData>
		<SimpleData name="ParkingSpaceWidth">3.2</SimpleData>
		<SimpleData name="ParkingSpaceLength">7.8</SimpleData>
		<SimpleData name="ParkingSpaceAngle">Parallel</SimpleData>
		<SimpleData name="SignText">Disability Parking Only</SimpleData>
		<SimpleData name="URL">https://goo.gl/maps/FajhzScDwhniYRgu9</SimpleData>
		<SimpleData name="AuditDate">19/08/2021</SimpleData>
	</SchemaData></ExtendedData>
      <Point><coordinates>151.215942197654,-33.8754719175911</coordinates></Point>
  </Placemark>
  <Placemark>
	<ExtendedData><SchemaData schemaUrl="#Mobility_parking">
		<SimpleData name="OBJECTID">208</SimpleData>
		<SimpleData name="Address">24</SimpleData>
		<SimpleData name="Street">Union Street</SimpleData>
		<SimpleData name="Location">south of Newman Lane</SimpleData>
		<SimpleData name="Suburb">Erskineville</SimpleData>
		<SimpleData name="SideOfStreet">Eastside</SimpleData>
		<SimpleData name="NumberParkingSpaces">1</SimpleData>
		<SimpleData name="ParkingSpaceWidth">3.2</SimpleData>
		<SimpleData name="ParkingSpaceLength">6.7</SimpleData>
		<SimpleData name="ParkingSpaceAngle">Parallel</SimpleData>
		<SimpleData name="SignText">Disability Parking Only</SimpleData>
		<SimpleData name="URL">https://goo.gl/maps/m86AbwZ3h9cSU8rdA</SimpleData>
		<SimpleData name="AuditDate">24/06/2021</SimpleData>
	</SchemaData></ExtendedData>
      <Point><coordinates>151.182300814992,-33.8998909669646</coordinates></Point>
  </Placemark>
  <Placemark>
	<ExtendedData><SchemaData schemaUrl="#Mobility_parking">
		<SimpleData name="OBJECTID">210</SimpleData>
		<SimpleData name="Address">34</SimpleData>
		<SimpleData name="Street">Burton Street</SimpleData>
		<SimpleData name="Location">west of Palmer Street</SimpleData>
		<SimpleData name="Suburb">Darlinghurst</SimpleData>
		<SimpleData name="SideOfStreet">Northside</SimpleData>
		<SimpleData name="NumberParkingSpaces">2</SimpleData>
		<SimpleData name="ParkingSpaceWidth">3.2</SimpleData>
		<SimpleData name="ParkingSpaceLength">19.5</SimpleData>
		<SimpleData name="ParkingSpaceAngle">Parallel</SimpleData>
		<SimpleData name="SignText">4P Disability Parking Only 8am-10pm</SimpleData>
		<SimpleData name="URL">https://goo.gl/maps/zfsTnj9XPEpVzvb76</SimpleData>
		<SimpleData name="AuditDate">29/10/2021</SimpleData>
	</SchemaData></ExtendedData>
      <Point><coordinates>151.215993875637,-33.8784266992575</coordinates></Point>
  </Placemark>
  <Placemark>
	<ExtendedData><SchemaData schemaUrl="#Mobility_parking">
		<SimpleData name="OBJECTID">211</SimpleData>
		<SimpleData name="Street">Munni Street</SimpleData>
		<SimpleData name="Location">side of 95 Rochford Street</SimpleData>
		<SimpleData name="Suburb">Erskineville</SimpleData>
		<SimpleData name="SideOfStreet">Northside</SimpleData>
		<SimpleData name="NumberParkingSpaces">1</SimpleData>
		<SimpleData name="ParkingSpaceWidth">3.2</SimpleData>
		<SimpleData name="ParkingSpaceLength">7.8</SimpleData>
		<SimpleData name="ParkingSpaceAngle">Parallel</SimpleData>
		<SimpleData name="SignText">Disability Parking Only</SimpleData>
		<SimpleData name="URL">https://goo.gl/maps/RGvhvsh2ZjNWj6j38</SimpleData>
		<SimpleData name="AuditDate">21/04/2022</SimpleData>
	</SchemaData></ExtendedData>
      <Point><coordinates>151.182165579552,-33.9017949122128</coordinates></Point>
  </Placemark>
  <Placemark>
	<ExtendedData><SchemaData schemaUrl="#Mobility_parking">
		<SimpleData name="OBJECTID">212</SimpleData>
		<SimpleData name="Address">53-55</SimpleData>
		<SimpleData name="Street">Ralph Street</SimpleData>
		<SimpleData name="Location">north of Gillespie Avenue</SimpleData>
		<SimpleData name="Suburb">Alexandria</SimpleData>
		<SimpleData name="SideOfStreet">Eastside</SimpleData>
		<SimpleData name="NumberParkingSpaces">1</SimpleData>
		<SimpleData name="ParkingSpaceWidth">3.2</SimpleData>
		<SimpleData name="ParkingSpaceLength">7.8</SimpleData>
		<SimpleData name="ParkingSpaceAngle">Parallel</SimpleData>
		<SimpleData name="SignText">Disability Parking Only</SimpleData>
		<SimpleData name="URL">https://goo.gl/maps/R5ibGkBYyLXmQ8qYA</SimpleData>
		<SimpleData name="AuditDate">16/06/2022</SimpleData>
	</SchemaData></ExtendedData>
      <Point><coordinates>151.197780113983,-33.9187135702806</coordinates></Point>
  </Placemark>
  <Placemark>
	<ExtendedData><SchemaData schemaUrl="#Mobility_parking">
		<SimpleData name="OBJECTID">213</SimpleData>
		<SimpleData name="Address">1-7</SimpleData>
		<SimpleData name="Street">Belmore Street</SimpleData>
		<SimpleData name="Location">South of Albion Way</SimpleData>
		<SimpleData name="Suburb">Surrh Hills</SimpleData>
		<SimpleData name="SideOfStreet">Westside</SimpleData>
		<SimpleData name="NumberParkingSpaces">1</SimpleData>
		<SimpleData name="ParkingSpaceWidth">3.2</SimpleData>
		<SimpleData name="ParkingSpaceLength">78</SimpleData>
		<SimpleData name="ParkingSpaceAngle">Parallel</SimpleData>
		<SimpleData name="SignText">Disability Parking Only</SimpleData>
		<SimpleData name="URL">https://goo.gl/maps/zRFx3QGAbqnKYcA2A</SimpleData>
		<SimpleData name="AuditDate">16/06/2022</SimpleData>
	</SchemaData></ExtendedData>
      <Point><coordinates>151.210936185771,-33.883241499515</coordinates></Point>
  </Placemark>
  <Placemark>
	<ExtendedData><SchemaData schemaUrl="#Mobility_parking">
		<SimpleData name="OBJECTID">214</SimpleData>
		<SimpleData name="Address">2</SimpleData>
		<SimpleData name="Street">Chalder Street</SimpleData>
		<SimpleData name="Location">east of Horden Street</SimpleData>
		<SimpleData name="Suburb">Newtown</SimpleData>
		<SimpleData name="SideOfStreet">Southside</SimpleData>
		<SimpleData name="NumberParkingSpaces">1</SimpleData>
		<SimpleData name="ParkingSpaceWidth">3.2</SimpleData>
		<SimpleData name="ParkingSpaceLength">7.8</SimpleData>
		<SimpleData name="ParkingSpaceAngle">Parallel</SimpleData>
		<SimpleData name="SignText">Disability Parking Only</SimpleData>
		<SimpleData name="URL">https://goo.gl/maps/8ATg5eDmc3c9ya3o6</SimpleData>
		<SimpleData name="AuditDate">16/06/2022</SimpleData>
	</SchemaData></ExtendedData>
      <Point><coordinates>151.180854072913,-33.8928935543215</coordinates></Point>
  </Placemark>
  <Placemark>
	<ExtendedData><SchemaData schemaUrl="#Mobility_parking">
		<SimpleData name="OBJECTID">215</SimpleData>
		<SimpleData name="Address">38</SimpleData>
		<SimpleData name="Street">Susan Street</SimpleData>
		<SimpleData name="Location">South of Carillon Avenue</SimpleData>
		<SimpleData name="Suburb">Newtown</SimpleData>
		<SimpleData name="SideOfStreet">Westside</SimpleData>
		<SimpleData name="NumberParkingSpaces">1</SimpleData>
		<SimpleData name="ParkingSpaceWidth">3.2</SimpleData>
		<SimpleData name="ParkingSpaceLength">7.8</SimpleData>
		<SimpleData name="ParkingSpaceAngle">Parallel</SimpleData>
		<SimpleData name="SignText">Disability Parking Only</SimpleData>
		<SimpleData name="URL">https://goo.gl/maps/5xXbGJN9RZxjP2VF9</SimpleData>
		<SimpleData name="AuditDate">19/05/2022</SimpleData>
	</SchemaData></ExtendedData>
      <Point><coordinates>151.182311226166,-33.8921861638306</coordinates></Point>
  </Placemark>
  <Placemark>
	<ExtendedData><SchemaData schemaUrl="#Mobility_parking">
		<SimpleData name="OBJECTID">216</SimpleData>
		<SimpleData name="Address">67</SimpleData>
		<SimpleData name="Street">Kellick Street</SimpleData>
		<SimpleData name="Location">east of Elizabeth Street</SimpleData>
		<SimpleData name="Suburb">Waterloo</SimpleData>
		<SimpleData name="SideOfStreet">Northside</SimpleData>
		<SimpleData name="NumberParkingSpaces">1</SimpleData>
		<SimpleData name="ParkingSpaceWidth">3.2</SimpleData>
		<SimpleData name="ParkingSpaceLength">7.8</SimpleData>
		<SimpleData name="ParkingSpaceAngle">Parallel</SimpleData>
		<SimpleData name="SignText">Disability Parking Only</SimpleData>
		<SimpleData name="URL">https://goo.gl/maps/9gQcgSjgQmRNv48E9</SimpleData>
		<SimpleData name="AuditDate">19/05/2022</SimpleData>
	</SchemaData></ExtendedData>
      <Point><coordinates>151.207265740059,-33.8992811640287</coordinates></Point>
  </Placemark>
  <Placemark>
	<ExtendedData><SchemaData schemaUrl="#Mobility_parking">
		<SimpleData name="OBJECTID">217</SimpleData>
		<SimpleData name="Address">72</SimpleData>
		<SimpleData name="Street">Union Street</SimpleData>
		<SimpleData name="Location">north of Munni Street</SimpleData>
		<SimpleData name="Suburb">Erskineville</SimpleData>
		<SimpleData name="SideOfStreet">Eastside</SimpleData>
		<SimpleData name="NumberParkingSpaces">1</SimpleData>
		<SimpleData name="ParkingSpaceWidth">3.2</SimpleData>
		<SimpleData name="ParkingSpaceLength">7.8</SimpleData>
		<SimpleData name="ParkingSpaceAngle">Parallel</SimpleData>
		<SimpleData name="SignText">Disability Parking Only</SimpleData>
		<SimpleData name="URL">https://goo.gl/maps/UL5nYHALjr9vmxfC6</SimpleData>
		<SimpleData name="AuditDate">19/05/2022</SimpleData>
	</SchemaData></ExtendedData>
      <Point><coordinates>151.181953490142,-33.9009308629315</coordinates></Point>
  </Placemark>
  <Placemark>
	<ExtendedData><SchemaData schemaUrl="#Mobility_parking">
		<SimpleData name="OBJECTID">218</SimpleData>
		<SimpleData name="Address">3</SimpleData>
		<SimpleData name="Street">Kepos Street</SimpleData>
		<SimpleData name="Location">South of Telopea Street</SimpleData>
		<SimpleData name="Suburb">Redfern</SimpleData>
		<SimpleData name="SideOfStreet">Westside</SimpleData>
		<SimpleData name="NumberParkingSpaces">1</SimpleData>
		<SimpleData name="ParkingSpaceWidth">3.2</SimpleData>
		<SimpleData name="ParkingSpaceLength">7.8</SimpleData>
		<SimpleData name="ParkingSpaceAngle">Parallel</SimpleData>
		<SimpleData name="SignText">Disability Parking Only</SimpleData>
		<SimpleData name="URL">https://goo.gl/maps/WN6WkbXTZ3Shs13D6</SimpleData>
		<SimpleData name="AuditDate">19/05/2022</SimpleData>
	</SchemaData></ExtendedData>
      <Point><coordinates>151.212718135172,-33.8947647172994</coordinates></Point>
  </Placemark>
  <Placemark>
	<ExtendedData><SchemaData schemaUrl="#Mobility_parking">
		<SimpleData name="OBJECTID">219</SimpleData>
		<SimpleData name="Address">48</SimpleData>
		<SimpleData name="Street">Gowrie Street</SimpleData>
		<SimpleData name="Location">between Newman Lane</SimpleData>
		<SimpleData name="Suburb">Newtown</SimpleData>
		<SimpleData name="SideOfStreet">Eastside</SimpleData>
		<SimpleData name="NumberParkingSpaces">2</SimpleData>
		<SimpleData name="ParkingSpaceWidth">3.2</SimpleData>
		<SimpleData name="ParkingSpaceLength">7.8</SimpleData>
		<SimpleData name="ParkingSpaceAngle">Parallel</SimpleData>
		<SimpleData name="SignText">Disability Parking Only</SimpleData>
		<SimpleData name="URL">https://goo.gl/maps/SnpYospp4MFYFhu36</SimpleData>
		<SimpleData name="AuditDate">19/05/2022</SimpleData>
	</SchemaData></ExtendedData>
      <Point><coordinates>151.181454568317,-33.8998531874024</coordinates></Point>
  </Placemark>
  <Placemark>
	<ExtendedData><SchemaData schemaUrl="#Mobility_parking">
		<SimpleData name="OBJECTID">220</SimpleData>
		<SimpleData name="Address">15</SimpleData>
		<SimpleData name="Street">Gottenham Street</SimpleData>
		<SimpleData name="Location">North of St Johns Road</SimpleData>
		<SimpleData name="Suburb">Glebe</SimpleData>
		<SimpleData name="SideOfStreet">Eastside</SimpleData>
		<SimpleData name="NumberParkingSpaces">1</SimpleData>
		<SimpleData name="ParkingSpaceWidth">3.2</SimpleData>
		<SimpleData name="ParkingSpaceLength">7.8</SimpleData>
		<SimpleData name="ParkingSpaceAngle">Parallel</SimpleData>
		<SimpleData name="SignText">Disability Parking Only</SimpleData>
		<SimpleData name="URL">https://goo.gl/maps/s4G9eYCD4jTSS1uv8</SimpleData>
		<SimpleData name="AuditDate">21/07/2022</SimpleData>
	</SchemaData></ExtendedData>
      <Point><coordinates>151.188827333102,-33.8796594532242</coordinates></Point>
  </Placemark>
  <Placemark>
	<ExtendedData><SchemaData schemaUrl="#Mobility_parking">
		<SimpleData name="OBJECTID">221</SimpleData>
		<SimpleData name="Address">16</SimpleData>
		<SimpleData name="Street">Gibbes Street</SimpleData>
		<SimpleData name="Location">east of Whitehorse Street</SimpleData>
		<SimpleData name="Suburb">Newtown</SimpleData>
		<SimpleData name="SideOfStreet">Northside</SimpleData>
		<SimpleData name="NumberParkingSpaces">1</SimpleData>
		<SimpleData name="ParkingSpaceWidth">3.2</SimpleData>
		<SimpleData name="ParkingSpaceLength">7.8</SimpleData>
		<SimpleData name="ParkingSpaceAngle">Parallel</SimpleData>
		<SimpleData name="SignText">Disability Parking Only</SimpleData>
		<SimpleData name="URL">https://goo.gl/maps/ThnQYPZY2AT73Q84A</SimpleData>
		<SimpleData name="AuditDate">18/08/2022</SimpleData>
	</SchemaData></ExtendedData>
      <Point><coordinates>151.179867710889,-33.8995124979905</coordinates></Point>
  </Placemark>
  <Placemark>
	<ExtendedData><SchemaData schemaUrl="#Mobility_parking">
		<SimpleData name="OBJECTID">222</SimpleData>
		<SimpleData name="Address">87</SimpleData>
		<SimpleData name="Street">Cooper Street</SimpleData>
		<SimpleData name="Location">South of Raglan Street</SimpleData>
		<SimpleData name="Suburb">Newtown</SimpleData>
		<SimpleData name="SideOfStreet">Westside</SimpleData>
		<SimpleData name="NumberParkingSpaces">2</SimpleData>
		<SimpleData name="ParkingSpaceWidth">5.4</SimpleData>
		<SimpleData name="ParkingSpaceLength">7.9</SimpleData>
		<SimpleData name="ParkingSpaceAngle">90-degree</SimpleData>
		<SimpleData name="SignText">Disability Parking Only</SimpleData>
		<SimpleData name="URL">https://goo.gl/maps/XGisf1fKNBwJvLrz6</SimpleData>
		<SimpleData name="AuditDate">18/08/2022</SimpleData>
	</SchemaData></ExtendedData>
      <Point><coordinates>151.201091234769,-33.8970582529762</coordinates></Point>
  </Placemark>
  <Placemark>
	<ExtendedData><SchemaData schemaUrl="#Mobility_parking">
		<SimpleData name="OBJECTID">223</SimpleData>
		<SimpleData name="Address">155</SimpleData>
		<SimpleData name="Street">Victoria Street</SimpleData>
		<SimpleData name="Location">north of Collins Street</SimpleData>
		<SimpleData name="Suburb">Beaconsfield</SimpleData>
		<SimpleData name="SideOfStreet">Eastside</SimpleData>
		<SimpleData name="NumberParkingSpaces">1</SimpleData>
		<SimpleData name="ParkingSpaceWidth">3.2</SimpleData>
		<SimpleData name="ParkingSpaceLength">7.8</SimpleData>
		<SimpleData name="ParkingSpaceAngle">Parallel</SimpleData>
		<SimpleData name="SignText">Disability Parking Only</SimpleData>
		<SimpleData name="URL">https://goo.gl/maps/bqms4s9e1e3SY5Vp7</SimpleData>
		<SimpleData name="AuditDate">18/08/2022</SimpleData>
	</SchemaData></ExtendedData>
      <Point><coordinates>151.200840302504,-33.9120667811899</coordinates></Point>
  </Placemark>
  <Placemark>
	<ExtendedData><SchemaData schemaUrl="#Mobility_parking">
		<SimpleData name="OBJECTID">225</SimpleData>
		<SimpleData name="Address">93</SimpleData>
		<SimpleData name="Street">Derwent Street</SimpleData>
		<SimpleData name="Location">South of St Johns Roadd</SimpleData>
		<SimpleData name="Suburb">Glebe</SimpleData>
		<SimpleData name="SideOfStreet">Eastside</SimpleData>
		<SimpleData name="NumberParkingSpaces">1</SimpleData>
		<SimpleData name="ParkingSpaceWidth">3.2</SimpleData>
		<SimpleData name="ParkingSpaceLength">7.8</SimpleData>
		<SimpleData name="ParkingSpaceAngle">Parallel</SimpleData>
		<SimpleData name="SignText">Disability Parking Only</SimpleData>
		<SimpleData name="URL">https://goo.gl/maps/1KPy8hz2BAYsFG9X7</SimpleData>
		<SimpleData name="AuditDate">8/12/2022</SimpleData>
	</SchemaData></ExtendedData>
      <Point><coordinates>151.188150036169,-33.8820696081346</coordinates></Point>
  </Placemark>
  <Placemark>
	<ExtendedData><SchemaData schemaUrl="#Mobility_parking">
		<SimpleData name="OBJECTID">226</SimpleData>
		<SimpleData name="Address">29-41</SimpleData>
		<SimpleData name="Street">Hutchinson Street</SimpleData>
		<SimpleData name="Location">North of Sandwell Street</SimpleData>
		<SimpleData name="Suburb">Surry Hills</SimpleData>
		<SimpleData name="SideOfStreet">Westside</SimpleData>
		<SimpleData name="NumberParkingSpaces">1</SimpleData>
		<SimpleData name="ParkingSpaceWidth">3.2</SimpleData>
		<SimpleData name="ParkingSpaceLength">7.8</SimpleData>
		<SimpleData name="ParkingSpaceAngle">Parallel</SimpleData>
		<SimpleData name="SignText">Disability Parking Only</SimpleData>
		<SimpleData name="URL">https://goo.gl/maps/6ZXkpwEQYXukWNvHA</SimpleData>
		<SimpleData name="AuditDate">8/12/2022</SimpleData>
	</SchemaData></ExtendedData>
      <Point><coordinates>151.217176068622,-33.8853879679328</coordinates></Point>
  </Placemark>
  <Placemark>
	<ExtendedData><SchemaData schemaUrl="#Mobility_parking">
		<SimpleData name="OBJECTID">227</SimpleData>
		<SimpleData name="Address">160</SimpleData>
		<SimpleData name="Street">Lawrence Street</SimpleData>
		<SimpleData name="Location">South of Harley Street</SimpleData>
		<SimpleData name="Suburb">Alexandria</SimpleData>
		<SimpleData name="SideOfStreet">Eastside</SimpleData>
		<SimpleData name="NumberParkingSpaces">1</SimpleData>
		<SimpleData name="ParkingSpaceWidth">3.2</SimpleData>
		<SimpleData name="ParkingSpaceLength">7.8</SimpleData>
		<SimpleData name="ParkingSpaceAngle">Parallel</SimpleData>
		<SimpleData name="SignText">Disability Parking Only</SimpleData>
		<SimpleData name="URL">https://goo.gl/maps/2DrpxRpNaq43depJ9</SimpleData>
		<SimpleData name="AuditDate">8/12/2022</SimpleData>
	</SchemaData></ExtendedData>
      <Point><coordinates>151.192198671754,-33.9046396449843</coordinates></Point>
  </Placemark>
  <Placemark>
	<ExtendedData><SchemaData schemaUrl="#Mobility_parking">
		<SimpleData name="OBJECTID">228</SimpleData>
		<SimpleData name="Address">10</SimpleData>
		<SimpleData name="Street">Hickson Road</SimpleData>
		<SimpleData name="Location">South of George Street</SimpleData>
		<SimpleData name="Suburb">Dawes Point</SimpleData>
		<SimpleData name="SideOfStreet">Westside</SimpleData>
		<SimpleData name="NumberParkingSpaces">2</SimpleData>
		<SimpleData name="ParkingSpaceWidth">3.2</SimpleData>
		<SimpleData name="ParkingSpaceLength">15.6</SimpleData>
		<SimpleData name="ParkingSpaceAngle">Parallel</SimpleData>
		<SimpleData name="SignText">Loading Zone 6-9:30am Mobility Parking At Other Times</SimpleData>
		<SimpleData name="URL">https://goo.gl/maps/1kpULP7HAAVCK5NK7</SimpleData>
		<SimpleData name="AuditDate">8/12/2022</SimpleData>
	</SchemaData></ExtendedData>
      <Point><coordinates>151.208525178288,-33.8562724339125</coordinates></Point>
  </Placemark>
  <Placemark>
	<ExtendedData><SchemaData schemaUrl="#Mobility_parking">
		<SimpleData name="OBJECTID">229</SimpleData>
		<SimpleData name="Address">239</SimpleData>
		<SimpleData name="Street">Riley Street</SimpleData>
		<SimpleData name="Location">South of Campbell Street</SimpleData>
		<SimpleData name="Suburb">Surry Hills</SimpleData>
		<SimpleData name="SideOfStreet">Westside</SimpleData>
		<SimpleData name="NumberParkingSpaces">1</SimpleData>
		<SimpleData name="ParkingSpaceWidth">3.2</SimpleData>
		<SimpleData name="ParkingSpaceLength">7.8</SimpleData>
		<SimpleData name="ParkingSpaceAngle">Parallel</SimpleData>
		<SimpleData name="SignText">Mobility Parking Only</SimpleData>
		<SimpleData name="URL">https://goo.gl/maps/FtP6j9AsspzCM3Ed6</SimpleData>
		<SimpleData name="AuditDate">16/3/2023</SimpleData>
	</SchemaData></ExtendedData>
      <Point><coordinates>151.213530535606,-33.8809609642991</coordinates></Point>
  </Placemark>
  <Placemark>
	<ExtendedData><SchemaData schemaUrl="#Mobility_parking">
		<SimpleData name="OBJECTID">230</SimpleData>
		<SimpleData name="Street">Paul Street</SimpleData>
		<SimpleData name="Location">The Drying Green</SimpleData>
		<SimpleData name="Suburb">Zetland</SimpleData>
		<SimpleData name="SideOfStreet">Eastside</SimpleData>
		<SimpleData name="NumberParkingSpaces">1</SimpleData>
		<SimpleData name="ParkingSpaceWidth">3.2</SimpleData>
		<SimpleData name="ParkingSpaceLength">7.8</SimpleData>
		<SimpleData name="ParkingSpaceAngle">Parallel</SimpleData>
		<SimpleData name="SignText">2P 8am to 10pm. Disability Parking Only</SimpleData>
		<SimpleData name="URL">https://goo.gl/maps/stDrX2EDh8UCX2ax9</SimpleData>
		<SimpleData name="AuditDate">24/05/2023</SimpleData>
	</SchemaData></ExtendedData>
      <Point><coordinates>151.204708710193,-33.907559519323</coordinates></Point>
  </Placemark>
  <Placemark>
	<ExtendedData><SchemaData schemaUrl="#Mobility_parking">
		<SimpleData name="OBJECTID">231</SimpleData>
		<SimpleData name="Address">1</SimpleData>
		<SimpleData name="Street">Sonny Leonard Street</SimpleData>
		<SimpleData name="Location">corner of Paul Street and Sonny Leonard Street</SimpleData>
		<SimpleData name="Suburb">Zetland</SimpleData>
		<SimpleData name="SideOfStreet">Southside</SimpleData>
		<SimpleData name="NumberParkingSpaces">1</SimpleData>
		<SimpleData name="ParkingSpaceWidth">3.2</SimpleData>
		<SimpleData name="ParkingSpaceLength">7.8</SimpleData>
		<SimpleData name="ParkingSpaceAngle">Parallel</SimpleData>
		<SimpleData name="SignText">2P Ticket 8am to 10pm Disability Only</SimpleData>
		<SimpleData name="URL">https://goo.gl/maps/oHXmCUxNfUSo5muB6</SimpleData>
		<SimpleData name="AuditDate">24/05/2023</SimpleData>
	</SchemaData></ExtendedData>
      <Point><coordinates>151.204515138934,-33.9089789256152</coordinates></Point>
  </Placemark>
  <Placemark>
	<ExtendedData><SchemaData schemaUrl="#Mobility_parking">
		<SimpleData name="OBJECTID">232</SimpleData>
		<SimpleData name="Address">Joynton Avenue Creative Centre </SimpleData>
		<SimpleData name="Street">Hansard Street</SimpleData>
		<SimpleData name="Location">between Portman Street and Joynton Avenue</SimpleData>
		<SimpleData name="Suburb">Zetland</SimpleData>
		<SimpleData name="SideOfStreet">Northside</SimpleData>
		<SimpleData name="NumberParkingSpaces">2</SimpleData>
		<SimpleData name="ParkingSpaceWidth">3.2</SimpleData>
		<SimpleData name="ParkingSpaceLength">7.8</SimpleData>
		<SimpleData name="ParkingSpaceAngle">60 rear to kerb</SimpleData>
		<SimpleData name="SignText">2P. 8am-6pm Mon-Fri. 60 deg angle parking. Rear to kerb.</SimpleData>
		<SimpleData name="URL">https://goo.gl/maps/B3jEMaFEz8rsyY5y7</SimpleData>
		<SimpleData name="AuditDate">24/05/2023</SimpleData>
	</SchemaData></ExtendedData>
      <Point><coordinates>151.20575888143,-33.9098121668363</coordinates></Point>
  </Placemark>
  <Placemark>
	<ExtendedData><SchemaData schemaUrl="#Mobility_parking">
		<SimpleData name="OBJECTID">233</SimpleData>
		<SimpleData name="Street">Zetland Avenue</SimpleData>
		<SimpleData name="Location">between Portman Street and Joynton Avenue</SimpleData>
		<SimpleData name="Suburb">Zetland</SimpleData>
		<SimpleData name="SideOfStreet">Southside</SimpleData>
		<SimpleData name="NumberParkingSpaces">2</SimpleData>
		<SimpleData name="ParkingSpaceWidth">3.2</SimpleData>
		<SimpleData name="ParkingSpaceLength">15.6</SimpleData>
		<SimpleData name="ParkingSpaceAngle">Parallel</SimpleData>
		<SimpleData name="SignText">P15 minutes 7am - 6pm Mon to Fri. Disability parking other times</SimpleData>
		<SimpleData name="AuditDate">24/05/2023</SimpleData>
	</SchemaData></ExtendedData>
      <Point><coordinates>151.20679330868,-33.9079481435621</coordinates></Point>
  </Placemark>
  <Placemark>
	<ExtendedData><SchemaData schemaUrl="#Mobility_parking">
		<SimpleData name="OBJECTID">234</SimpleData>
		<SimpleData name="Street">Zetland Avenue</SimpleData>
		<SimpleData name="Location">Opposite Green Square Library</SimpleData>
		<SimpleData name="Suburb">Zetland</SimpleData>
		<SimpleData name="SideOfStreet">Northside</SimpleData>
		<SimpleData name="NumberParkingSpaces">1</SimpleData>
		<SimpleData name="ParkingSpaceWidth">3.2</SimpleData>
		<SimpleData name="ParkingSpaceLength">7.8</SimpleData>
		<SimpleData name="ParkingSpaceAngle">Parallel</SimpleData>
		<SimpleData name="SignText">Disability parking only</SimpleData>
		<SimpleData name="URL">https://goo.gl/maps/WbiY95s4KMgGWg669</SimpleData>
		<SimpleData name="AuditDate">24/05/2023</SimpleData>
	</SchemaData></ExtendedData>
      <Point><coordinates>151.203605043649,-33.9063686103753</coordinates></Point>
  </Placemark>
  <Placemark>
	<ExtendedData><SchemaData schemaUrl="#Mobility_parking">
		<SimpleData name="OBJECTID">235</SimpleData>
		<SimpleData name="Address">17</SimpleData>
		<SimpleData name="Street">Zetland Street</SimpleData>
		<SimpleData name="Location">front of Gunyama Park Aquatic and Recreation Centre</SimpleData>
		<SimpleData name="Suburb">Zetland</SimpleData>
		<SimpleData name="SideOfStreet">Southside</SimpleData>
		<SimpleData name="NumberParkingSpaces">2</SimpleData>
		<SimpleData name="ParkingSpaceWidth">3.2</SimpleData>
		<SimpleData name="ParkingSpaceLength">15.6</SimpleData>
		<SimpleData name="ParkingSpaceAngle">Parallel</SimpleData>
		<SimpleData name="SignText">Disability parking only</SimpleData>
		<SimpleData name="AuditDate">24/05/2023</SimpleData>
	</SchemaData></ExtendedData>
      <Point><coordinates>151.207552598124,-33.908336073049</coordinates></Point>
  </Placemark>
  <Placemark>
	<ExtendedData><SchemaData schemaUrl="#Mobility_parking">
		<SimpleData name="OBJECTID">236</SimpleData>
		<SimpleData name="Address">17</SimpleData>
		<SimpleData name="Street">Zetland Avenue</SimpleData>
		<SimpleData name="Location">front of Gunyama Park Aquatic and Recreation Centre</SimpleData>
		<SimpleData name="Suburb">Zetland</SimpleData>
		<SimpleData name="SideOfStreet">Southside</SimpleData>
		<SimpleData name="NumberParkingSpaces">2</SimpleData>
		<SimpleData name="ParkingSpaceWidth">3.2</SimpleData>
		<SimpleData name="ParkingSpaceLength">15.6</SimpleData>
		<SimpleData name="ParkingSpaceAngle">Parallel</SimpleData>
		<SimpleData name="SignText">Disability parking only</SimpleData>
		<SimpleData name="AuditDate">24/05/2023</SimpleData>
	</SchemaData></ExtendedData>
      <Point><coordinates>151.207971279951,-33.9084804490823</coordinates></Point>
  </Placemark>
  <Placemark>
	<ExtendedData><SchemaData schemaUrl="#Mobility_parking">
		<SimpleData name="OBJECTID">237</SimpleData>
		<SimpleData name="Address">20</SimpleData>
		<SimpleData name="Street">Archibald Avenue</SimpleData>
		<SimpleData name="Location">between Gadigal Avenue and Amelia Street</SimpleData>
		<SimpleData name="Suburb">Waterloo</SimpleData>
		<SimpleData name="SideOfStreet">Southside</SimpleData>
		<SimpleData name="NumberParkingSpaces">2</SimpleData>
		<SimpleData name="ParkingSpaceWidth">3.2</SimpleData>
		<SimpleData name="ParkingSpaceLength">7.8</SimpleData>
		<SimpleData name="ParkingSpaceAngle">Parallel</SimpleData>
		<SimpleData name="SignText">Disability parking only</SimpleData>
		<SimpleData name="URL">https://goo.gl/maps/WvD7KbQAfF6vrapT9</SimpleData>
		<SimpleData name="AuditDate">25/05/2023</SimpleData>
	</SchemaData></ExtendedData>
      <Point><coordinates>151.213297046637,-33.9021978545158</coordinates></Point>
  </Placemark>
  <Placemark>
	<ExtendedData><SchemaData schemaUrl="#Mobility_parking">
		<SimpleData name="OBJECTID">238</SimpleData>
		<SimpleData name="Address">113</SimpleData>
		<SimpleData name="Street">Marriott Street</SimpleData>
		<SimpleData name="Location">South of Zamia Street</SimpleData>
		<SimpleData name="Suburb">Redfern</SimpleData>
		<SimpleData name="SideOfStreet">Eastside</SimpleData>
		<SimpleData name="NumberParkingSpaces">1</SimpleData>
		<SimpleData name="ParkingSpaceWidth">3.2</SimpleData>
		<SimpleData name="ParkingSpaceLength">7.8</SimpleData>
		<SimpleData name="ParkingSpaceAngle">Parallel</SimpleData>
		<SimpleData name="SignText">Mobility Parking Only</SimpleData>
		<SimpleData name="URL">https://goo.gl/maps/QMyRMxwDTbgmVofn7</SimpleData>
		<SimpleData name="AuditDate">27/06/2023</SimpleData>
	</SchemaData></ExtendedData>
      <Point><coordinates>151.210942702204,-33.8959210313309</coordinates></Point>
  </Placemark>
  <Placemark>
	<ExtendedData><SchemaData schemaUrl="#Mobility_parking">
		<SimpleData name="OBJECTID">239</SimpleData>
		<SimpleData name="Address">161</SimpleData>
		<SimpleData name="Street">Lawson Street</SimpleData>
		<SimpleData name="Location">east of Ivy Lane</SimpleData>
		<SimpleData name="Suburb">Redfern</SimpleData>
		<SimpleData name="SideOfStreet">Southside</SimpleData>
		<SimpleData name="NumberParkingSpaces">1</SimpleData>
		<SimpleData name="ParkingSpaceWidth">3.2</SimpleData>
		<SimpleData name="ParkingSpaceLength">7.8</SimpleData>
		<SimpleData name="ParkingSpaceAngle">Parallel</SimpleData>
		<SimpleData name="SignText">Mobility Parking Only</SimpleData>
		<SimpleData name="URL">https://goo.gl/maps/w5wm6CE7U2sWXpxJ8</SimpleData>
		<SimpleData name="AuditDate">27/06/2023</SimpleData>
	</SchemaData></ExtendedData>
      <Point><coordinates>151.19697629449,-33.8913542834304</coordinates></Point>
  </Placemark>
  <Placemark>
	<ExtendedData><SchemaData schemaUrl="#Mobility_parking">
		<SimpleData name="OBJECTID">639</SimpleData>
		<SimpleData name="Address">81</SimpleData>
		<SimpleData name="Street">Macquarie Street</SimpleData>
		<SimpleData name="Location">between Albert Street and No Through Road</SimpleData>
		<SimpleData name="Suburb">Sydney</SimpleData>
		<SimpleData name="SideOfStreet">Westside</SimpleData>
		<SimpleData name="NumberParkingSpaces">3</SimpleData>
		<SimpleData name="ParkingSpaceWidth">3.2</SimpleData>
		<SimpleData name="ParkingSpaceLength">23.4</SimpleData>
		<SimpleData name="ParkingSpaceAngle">Parallel</SimpleData>
		<SimpleData name="SignText">4 hour Mobility Parking Only</SimpleData>
		<SimpleData name="URL">https://goo.gl/maps/j1gtVkte5pe7hj3j8</SimpleData>
		<SimpleData name="AuditDate">7/07/2023</SimpleData>
	</SchemaData></ExtendedData>
      <Point><coordinates>151.212992593733,-33.8614095030943</coordinates></Point>
  </Placemark>
  <Placemark>
	<ExtendedData><SchemaData schemaUrl="#Mobility_parking">
		<SimpleData name="OBJECTID">640</SimpleData>
		<SimpleData name="Street">Park Street</SimpleData>
		<SimpleData name="Location">between College Street and Elizabeth Street</SimpleData>
		<SimpleData name="Suburb">Sydney</SimpleData>
		<SimpleData name="SideOfStreet">Southside</SimpleData>
		<SimpleData name="NumberParkingSpaces">2</SimpleData>
		<SimpleData name="ParkingSpaceWidth">3.2</SimpleData>
		<SimpleData name="ParkingSpaceLength">15.6</SimpleData>
		<SimpleData name="ParkingSpaceAngle">Parallel</SimpleData>
		<SimpleData name="SignText">Loading Zone from 6am to 9:30am, Mobility Parking All Other Times</SimpleData>
		<SimpleData name="URL">https://goo.gl/maps/uhiozrEz7fEd8yTL6</SimpleData>
		<SimpleData name="AuditDate">7/07/2023</SimpleData>
	</SchemaData></ExtendedData>
      <Point><coordinates>151.212107261781,-33.8737270452207</coordinates></Point>
  </Placemark>
  <Placemark>
	<ExtendedData><SchemaData schemaUrl="#Mobility_parking">
		<SimpleData name="OBJECTID">641</SimpleData>
		<SimpleData name="Address">93</SimpleData>
		<SimpleData name="Street">Bathurst Street</SimpleData>
		<SimpleData name="Location">between George Street and Kent Street</SimpleData>
		<SimpleData name="Suburb">Sydney</SimpleData>
		<SimpleData name="SideOfStreet">Southside</SimpleData>
		<SimpleData name="NumberParkingSpaces">1</SimpleData>
		<SimpleData name="ParkingSpaceWidth">3.2</SimpleData>
		<SimpleData name="ParkingSpaceLength">7.8</SimpleData>
		<SimpleData name="ParkingSpaceAngle">Parallel</SimpleData>
		<SimpleData name="SignText">Loading Zone from 6am to 6pm, Monday to Friday &amp; 6am to 10am, Saturday. 4 hour parking 6pm to 12am, Monday to Friday &amp; 10am to 12am, Saturday &amp; 8am to 12am, Sunday &amp; Public Holidays. Mobility Parking All Other Times</SimpleData>
		<SimpleData name="URL">https://goo.gl/maps/du1Tjtryf69A37CL6</SimpleData>
		<SimpleData name="AuditDate">7/07/2023</SimpleData>
	</SchemaData></ExtendedData>
      <Point><coordinates>151.205589137807,-33.8742906054209</coordinates></Point>
  </Placemark>
  <Placemark>
	<ExtendedData><SchemaData schemaUrl="#Mobility_parking">
		<SimpleData name="OBJECTID">642</SimpleData>
		<SimpleData name="Address">39</SimpleData>
		<SimpleData name="Street">Campbell Street</SimpleData>
		<SimpleData name="Location">between Pitt Street and Castlereagh Street</SimpleData>
		<SimpleData name="Suburb">Haymarket</SimpleData>
		<SimpleData name="SideOfStreet">Southside</SimpleData>
		<SimpleData name="NumberParkingSpaces">1</SimpleData>
		<SimpleData name="ParkingSpaceWidth">3.2</SimpleData>
		<SimpleData name="ParkingSpaceLength">7.8</SimpleData>
		<SimpleData name="ParkingSpaceAngle">Parallel</SimpleData>
		<SimpleData name="SignText">Mobility Parking Only</SimpleData>
		<SimpleData name="URL">https://goo.gl/maps/UMH7kYQWPVL3KH7K6</SimpleData>
		<SimpleData name="AuditDate">7/07/2023</SimpleData>
	</SchemaData></ExtendedData>
      <Point><coordinates>151.208144548815,-33.8795929994089</coordinates></Point>
  </Placemark>
  <Placemark>
	<ExtendedData><SchemaData schemaUrl="#Mobility_parking">
		<SimpleData name="OBJECTID">643</SimpleData>
		<SimpleData name="Address">31</SimpleData>
		<SimpleData name="Street">Parker Street</SimpleData>
		<SimpleData name="Location">between Hay Street and Barlow Street</SimpleData>
		<SimpleData name="Suburb">Haymarket</SimpleData>
		<SimpleData name="SideOfStreet">Eastside</SimpleData>
		<SimpleData name="NumberParkingSpaces">2</SimpleData>
		<SimpleData name="ParkingSpaceWidth">3.2</SimpleData>
		<SimpleData name="ParkingSpaceLength">15.6</SimpleData>
		<SimpleData name="ParkingSpaceAngle">Parallel</SimpleData>
		<SimpleData name="SignText">Mobility Parking Only</SimpleData>
		<SimpleData name="URL">https://goo.gl/maps/fX26nMrGrmMex8g58</SimpleData>
		<SimpleData name="AuditDate">7/07/2023</SimpleData>
	</SchemaData></ExtendedData>
      <Point><coordinates>151.205889884545,-33.8805961668822</coordinates></Point>
  </Placemark>
  <Placemark>
	<ExtendedData><SchemaData schemaUrl="#Mobility_parking">
		<SimpleData name="OBJECTID">644</SimpleData>
		<SimpleData name="Address">2</SimpleData>
		<SimpleData name="Street">Barlow Street</SimpleData>
		<SimpleData name="Location">between Pitt Street and George Street</SimpleData>
		<SimpleData name="Suburb">Haymarket</SimpleData>
		<SimpleData name="SideOfStreet">Southside</SimpleData>
		<SimpleData name="NumberParkingSpaces">2</SimpleData>
		<SimpleData name="ParkingSpaceWidth">3.2</SimpleData>
		<SimpleData name="ParkingSpaceLength">15.6</SimpleData>
		<SimpleData name="ParkingSpaceAngle">Parallel</SimpleData>
		<SimpleData name="SignText">Mobility Parking Only</SimpleData>
		<SimpleData name="URL">https://goo.gl/maps/YFU3NeZFBzChDzEu8</SimpleData>
		<SimpleData name="AuditDate">7/07/2023</SimpleData>
	</SchemaData></ExtendedData>
      <Point><coordinates>151.205655803072,-33.8809809298767</coordinates></Point>
  </Placemark>
  <Placemark>
	<ExtendedData><SchemaData schemaUrl="#Mobility_parking">
		<SimpleData name="OBJECTID">645</SimpleData>
		<SimpleData name="Address">112</SimpleData>
		<SimpleData name="Street">Bowman Street</SimpleData>
		<SimpleData name="Location">between Point Street and Cross Street</SimpleData>
		<SimpleData name="Suburb">Pyrmont</SimpleData>
		<SimpleData name="SideOfStreet">Southside</SimpleData>
		<SimpleData name="NumberParkingSpaces">1</SimpleData>
		<SimpleData name="ParkingSpaceWidth">3.2</SimpleData>
		<SimpleData name="ParkingSpaceLength">7.8</SimpleData>
		<SimpleData name="ParkingSpaceAngle">Parallel</SimpleData>
		<SimpleData name="SignText">Mobility Parking Only</SimpleData>
		<SimpleData name="URL">https://goo.gl/maps/fjmiQWS1FHq2fQCt9</SimpleData>
		<SimpleData name="AuditDate">7/07/2023</SimpleData>
	</SchemaData></ExtendedData>
      <Point><coordinates>151.192842189787,-33.8658457764735</coordinates></Point>
  </Placemark>
  <Placemark>
	<ExtendedData><SchemaData schemaUrl="#Mobility_parking">
		<SimpleData name="OBJECTID">646</SimpleData>
		<SimpleData name="Address">5</SimpleData>
		<SimpleData name="Street">Mount Street</SimpleData>
		<SimpleData name="Location">between John Street and No Through Road</SimpleData>
		<SimpleData name="Suburb">Pyrmont</SimpleData>
		<SimpleData name="SideOfStreet">Eastside</SimpleData>
		<SimpleData name="NumberParkingSpaces">1</SimpleData>
		<SimpleData name="ParkingSpaceWidth">3.2</SimpleData>
		<SimpleData name="ParkingSpaceLength">7.8</SimpleData>
		<SimpleData name="ParkingSpaceAngle">Parallel</SimpleData>
		<SimpleData name="SignText">Mobility Parking Only</SimpleData>
		<SimpleData name="URL">https://goo.gl/maps/r2AiJdZux91XM3uz6</SimpleData>
		<SimpleData name="AuditDate">7/07/2023</SimpleData>
	</SchemaData></ExtendedData>
      <Point><coordinates>151.192064504235,-33.8681451172954</coordinates></Point>
  </Placemark>
  <Placemark>
	<ExtendedData><SchemaData schemaUrl="#Mobility_parking">
		<SimpleData name="OBJECTID">647</SimpleData>
		<SimpleData name="Address">7</SimpleData>
		<SimpleData name="Street">Victoria Road</SimpleData>
		<SimpleData name="Location">between Maxwell Road and Alexandra Lane</SimpleData>
		<SimpleData name="Suburb">Glebe</SimpleData>
		<SimpleData name="SideOfStreet">Northside</SimpleData>
		<SimpleData name="NumberParkingSpaces">1</SimpleData>
		<SimpleData name="ParkingSpaceWidth">3.2</SimpleData>
		<SimpleData name="ParkingSpaceLength">7.8</SimpleData>
		<SimpleData name="ParkingSpaceAngle">Parallel</SimpleData>
		<SimpleData name="SignText">Mobility Parking Only</SimpleData>
		<SimpleData name="URL">https://goo.gl/maps/6RWCi5K7WdaSdwoT8</SimpleData>
		<SimpleData name="AuditDate">7/07/2023</SimpleData>
	</SchemaData></ExtendedData>
      <Point><coordinates>151.178821304619,-33.8756437906507</coordinates></Point>
  </Placemark>
  <Placemark>
	<ExtendedData><SchemaData schemaUrl="#Mobility_parking">
		<SimpleData name="OBJECTID">649</SimpleData>
		<SimpleData name="Address">7</SimpleData>
		<SimpleData name="Street">Reuss Street</SimpleData>
		<SimpleData name="Location">between Hewit Avenue and No Through Road</SimpleData>
		<SimpleData name="Suburb">Glebe</SimpleData>
		<SimpleData name="SideOfStreet">Southside</SimpleData>
		<SimpleData name="NumberParkingSpaces">1</SimpleData>
		<SimpleData name="ParkingSpaceWidth">3.2</SimpleData>
		<SimpleData name="ParkingSpaceLength">7.8</SimpleData>
		<SimpleData name="ParkingSpaceAngle">Parallel</SimpleData>
		<SimpleData name="SignText">1 hour parking 8am to 6pm, Mobility Parking at Other Times</SimpleData>
		<SimpleData name="URL">https://goo.gl/maps/abAAw2rk8RrNbU6z5</SimpleData>
		<SimpleData name="AuditDate">7/07/2023</SimpleData>
	</SchemaData></ExtendedData>
      <Point><coordinates>151.185127706057,-33.8815069751413</coordinates></Point>
  </Placemark>
  <Placemark>
	<ExtendedData><SchemaData schemaUrl="#Mobility_parking">
		<SimpleData name="OBJECTID">650</SimpleData>
		<SimpleData name="Address">40</SimpleData>
		<SimpleData name="Street">Mount Vernon Street</SimpleData>
		<SimpleData name="Location">between St Johns Road and Catherine Street</SimpleData>
		<SimpleData name="Suburb">Glebe</SimpleData>
		<SimpleData name="SideOfStreet">Westside</SimpleData>
		<SimpleData name="NumberParkingSpaces">2</SimpleData>
		<SimpleData name="ParkingSpaceWidth">3.2</SimpleData>
		<SimpleData name="ParkingSpaceLength">15.6</SimpleData>
		<SimpleData name="ParkingSpaceAngle">Parallel</SimpleData>
		<SimpleData name="SignText">Mobility Parking Only</SimpleData>
		<SimpleData name="URL">https://goo.gl/maps/ZwEyhyxdWbrjzo9TA</SimpleData>
		<SimpleData name="AuditDate">7/07/2023</SimpleData>
	</SchemaData></ExtendedData>
      <Point><coordinates>151.185631853602,-33.8827626488468</coordinates></Point>
  </Placemark>
  <Placemark>
	<ExtendedData><SchemaData schemaUrl="#Mobility_parking">
		<SimpleData name="OBJECTID">651</SimpleData>
		<SimpleData name="Address">20</SimpleData>
		<SimpleData name="Street">Forest Street</SimpleData>
		<SimpleData name="Location">between St Johns Road and Arundel Street</SimpleData>
		<SimpleData name="Suburb">Glebe</SimpleData>
		<SimpleData name="SideOfStreet">Westside</SimpleData>
		<SimpleData name="NumberParkingSpaces">1</SimpleData>
		<SimpleData name="ParkingSpaceWidth">3.2</SimpleData>
		<SimpleData name="ParkingSpaceLength">7.8</SimpleData>
		<SimpleData name="ParkingSpaceAngle">Parallel</SimpleData>
		<SimpleData name="SignText">Mobility Parking Only</SimpleData>
		<SimpleData name="URL">https://goo.gl/maps/FVFX1buU6d4wKdbs9</SimpleData>
		<SimpleData name="AuditDate">28/7/2023</SimpleData>
	</SchemaData></ExtendedData>
      <Point><coordinates>151.184230567039,-33.8833491874583</coordinates></Point>
  </Placemark>
  <Placemark>
	<ExtendedData><SchemaData schemaUrl="#Mobility_parking">
		<SimpleData name="OBJECTID">652</SimpleData>
		<SimpleData name="Address">3</SimpleData>
		<SimpleData name="Street">Catherine Street</SimpleData>
		<SimpleData name="Location">between Westmoreland Street and Westmoreland Lane</SimpleData>
		<SimpleData name="Suburb">Glebe</SimpleData>
		<SimpleData name="SideOfStreet">Northside</SimpleData>
		<SimpleData name="NumberParkingSpaces">1</SimpleData>
		<SimpleData name="ParkingSpaceWidth">3.2</SimpleData>
		<SimpleData name="ParkingSpaceLength">7.8</SimpleData>
		<SimpleData name="ParkingSpaceAngle">Parallel</SimpleData>
		<SimpleData name="SignText">Mobility Parking Only</SimpleData>
		<SimpleData name="URL">https://goo.gl/maps/7WruJskXmumwS941A</SimpleData>
		<SimpleData name="AuditDate">28/7/2023</SimpleData>
	</SchemaData></ExtendedData>
      <Point><coordinates>151.189232068174,-33.8838981871951</coordinates></Point>
  </Placemark>
  <Placemark>
	<ExtendedData><SchemaData schemaUrl="#Mobility_parking">
		<SimpleData name="OBJECTID">653</SimpleData>
		<SimpleData name="Address">19</SimpleData>
		<SimpleData name="Street">Arundel Street</SimpleData>
		<SimpleData name="Location">between Derwent Street and Seamer Street</SimpleData>
		<SimpleData name="Suburb">Glebe</SimpleData>
		<SimpleData name="SideOfStreet">Northside</SimpleData>
		<SimpleData name="NumberParkingSpaces">1</SimpleData>
		<SimpleData name="ParkingSpaceWidth">3.2</SimpleData>
		<SimpleData name="ParkingSpaceLength">7.8</SimpleData>
		<SimpleData name="ParkingSpaceAngle">Parallel</SimpleData>
		<SimpleData name="SignText">Mobility Parking Only</SimpleData>
		<SimpleData name="URL">https://goo.gl/maps/YN6d9JiGxmwjK8yv6</SimpleData>
		<SimpleData name="AuditDate">28/7/2023</SimpleData>
	</SchemaData></ExtendedData>
      <Point><coordinates>151.1903222188,-33.8845172534392</coordinates></Point>
  </Placemark>
  <Placemark>
	<ExtendedData><SchemaData schemaUrl="#Mobility_parking">
		<SimpleData name="OBJECTID">654</SimpleData>
		<SimpleData name="Address">11</SimpleData>
		<SimpleData name="Street">Arundel Street</SimpleData>
		<SimpleData name="Location">between Derwent Street and Seamer Street</SimpleData>
		<SimpleData name="Suburb">Glebe</SimpleData>
		<SimpleData name="SideOfStreet">Northside</SimpleData>
		<SimpleData name="NumberParkingSpaces">1</SimpleData>
		<SimpleData name="ParkingSpaceWidth">3.2</SimpleData>
		<SimpleData name="ParkingSpaceLength">7.8</SimpleData>
		<SimpleData name="ParkingSpaceAngle">Parallel</SimpleData>
		<SimpleData name="SignText">Mobility Parking Only</SimpleData>
		<SimpleData name="URL">https://goo.gl/maps/brdt3UgCxFxTvJzu6</SimpleData>
		<SimpleData name="AuditDate">28/7/2023</SimpleData>
	</SchemaData></ExtendedData>
      <Point><coordinates>151.190542568479,-33.884522687075</coordinates></Point>
  </Placemark>
  <Placemark>
	<ExtendedData><SchemaData schemaUrl="#Mobility_parking">
		<SimpleData name="OBJECTID">655</SimpleData>
		<SimpleData name="Address">70</SimpleData>
		<SimpleData name="Street">Darling Street</SimpleData>
		<SimpleData name="Location">between Railway Street and Lyndhurst Street</SimpleData>
		<SimpleData name="Suburb">Glebe</SimpleData>
		<SimpleData name="SideOfStreet">Westside</SimpleData>
		<SimpleData name="NumberParkingSpaces">1</SimpleData>
		<SimpleData name="ParkingSpaceWidth">3.2</SimpleData>
		<SimpleData name="ParkingSpaceLength">7.8</SimpleData>
		<SimpleData name="ParkingSpaceAngle">Parallel</SimpleData>
		<SimpleData name="SignText">Mobility Parking Only</SimpleData>
		<SimpleData name="URL">https://goo.gl/maps/uk31EcgdkVjpZnPKA</SimpleData>
		<SimpleData name="AuditDate">28/7/2023</SimpleData>
	</SchemaData></ExtendedData>
      <Point><coordinates>151.189238363423,-33.8778412535845</coordinates></Point>
  </Placemark>
  <Placemark>
	<ExtendedData><SchemaData schemaUrl="#Mobility_parking">
		<SimpleData name="OBJECTID">656</SimpleData>
		<SimpleData name="Address">48</SimpleData>
		<SimpleData name="Street">Darling Street</SimpleData>
		<SimpleData name="Location">between Railway Street and Lyndhurst Street</SimpleData>
		<SimpleData name="Suburb">Glebe</SimpleData>
		<SimpleData name="SideOfStreet">Westside</SimpleData>
		<SimpleData name="NumberParkingSpaces">1</SimpleData>
		<SimpleData name="ParkingSpaceWidth">3.2</SimpleData>
		<SimpleData name="ParkingSpaceLength">7.8</SimpleData>
		<SimpleData name="ParkingSpaceAngle">Parallel</SimpleData>
		<SimpleData name="SignText">2 hour Parking 8am to 6pm Monday to Friday , Mobility Parking At Other Times</SimpleData>
		<SimpleData name="URL">https://goo.gl/maps/5DQqgGV6cRPJNady7</SimpleData>
		<SimpleData name="AuditDate">28/7/2023</SimpleData>
	</SchemaData></ExtendedData>
      <Point><coordinates>151.189511567108,-33.878189187405</coordinates></Point>
  </Placemark>
  <Placemark>
	<ExtendedData><SchemaData schemaUrl="#Mobility_parking">
		<SimpleData name="OBJECTID">657</SimpleData>
		<SimpleData name="Address">56</SimpleData>
		<SimpleData name="Street">Broughton Street</SimpleData>
		<SimpleData name="Location">between St Johns Road and Denman Lane</SimpleData>
		<SimpleData name="Suburb">Glebe</SimpleData>
		<SimpleData name="SideOfStreet">Northside</SimpleData>
		<SimpleData name="NumberParkingSpaces">1</SimpleData>
		<SimpleData name="ParkingSpaceWidth">3.2</SimpleData>
		<SimpleData name="ParkingSpaceLength">7.8</SimpleData>
		<SimpleData name="ParkingSpaceAngle">Parallel</SimpleData>
		<SimpleData name="SignText">Mobility Parking Only</SimpleData>
		<SimpleData name="URL">https://goo.gl/maps/cuRtZwCZu3eJeZo78</SimpleData>
		<SimpleData name="AuditDate">28/7/2023</SimpleData>
	</SchemaData></ExtendedData>
      <Point><coordinates>151.190255805148,-33.8796177309253</coordinates></Point>
  </Placemark>
  <Placemark>
	<ExtendedData><SchemaData schemaUrl="#Mobility_parking">
		<SimpleData name="OBJECTID">658</SimpleData>
		<SimpleData name="Address">26</SimpleData>
		<SimpleData name="Street">Phillip Street</SimpleData>
		<SimpleData name="Location">between Denham Lane and Mitchell Lane West</SimpleData>
		<SimpleData name="Suburb">Glebe</SimpleData>
		<SimpleData name="SideOfStreet">Southside</SimpleData>
		<SimpleData name="NumberParkingSpaces">1</SimpleData>
		<SimpleData name="ParkingSpaceWidth">3.2</SimpleData>
		<SimpleData name="ParkingSpaceLength">7.8</SimpleData>
		<SimpleData name="ParkingSpaceAngle">Parallel</SimpleData>
		<SimpleData name="SignText">Mobility Parking Only</SimpleData>
		<SimpleData name="URL">https://goo.gl/maps/WcuujFQzve2ZFe9o7</SimpleData>
		<SimpleData name="AuditDate">28/7/2023</SimpleData>
	</SchemaData></ExtendedData>
      <Point><coordinates>151.191189047585,-33.879577613537</coordinates></Point>
  </Placemark>
  <Placemark>
	<ExtendedData><SchemaData schemaUrl="#Mobility_parking">
		<SimpleData name="OBJECTID">659</SimpleData>
		<SimpleData name="Address">21</SimpleData>
		<SimpleData name="Street">Phillip Street</SimpleData>
		<SimpleData name="Location">between Denham Lane and Mitchell Lane West</SimpleData>
		<SimpleData name="Suburb">Glebe</SimpleData>
		<SimpleData name="SideOfStreet">Northside</SimpleData>
		<SimpleData name="NumberParkingSpaces">1</SimpleData>
		<SimpleData name="ParkingSpaceWidth">3.2</SimpleData>
		<SimpleData name="ParkingSpaceLength">7.8</SimpleData>
		<SimpleData name="ParkingSpaceAngle">Parallel</SimpleData>
		<SimpleData name="SignText">Mobility Parking Only</SimpleData>
		<SimpleData name="URL">https://goo.gl/maps/euzo9yw57UCFg228A</SimpleData>
		<SimpleData name="AuditDate">28/7/2023</SimpleData>
	</SchemaData></ExtendedData>
      <Point><coordinates>151.191382985514,-33.8795837144714</coordinates></Point>
  </Placemark>
  <Placemark>
	<ExtendedData><SchemaData schemaUrl="#Mobility_parking">
		<SimpleData name="OBJECTID">660</SimpleData>
		<SimpleData name="Address">34</SimpleData>
		<SimpleData name="Street">Wentworth Street</SimpleData>
		<SimpleData name="Location">between Denham Lane and Mitchell Lane West</SimpleData>
		<SimpleData name="Suburb">Glebe</SimpleData>
		<SimpleData name="SideOfStreet">Northside</SimpleData>
		<SimpleData name="NumberParkingSpaces">2</SimpleData>
		<SimpleData name="ParkingSpaceWidth">3.2</SimpleData>
		<SimpleData name="ParkingSpaceLength">15.6</SimpleData>
		<SimpleData name="ParkingSpaceAngle">Parallel</SimpleData>
		<SimpleData name="SignText">Mobility Parking Only</SimpleData>
		<SimpleData name="URL">https://goo.gl/maps/obNBqAoBjiRtwTg97</SimpleData>
		<SimpleData name="AuditDate">28/7/2023</SimpleData>
	</SchemaData></ExtendedData>
      <Point><coordinates>151.191880567759,-33.8791191868403</coordinates></Point>
  </Placemark>
  <Placemark>
	<ExtendedData><SchemaData schemaUrl="#Mobility_parking">
		<SimpleData name="OBJECTID">661</SimpleData>
		<SimpleData name="Address">43</SimpleData>
		<SimpleData name="Street">Cowper Street</SimpleData>
		<SimpleData name="Location">between Wentworth Street and Park Lane</SimpleData>
		<SimpleData name="Suburb">Glebe</SimpleData>
		<SimpleData name="SideOfStreet">Westside</SimpleData>
		<SimpleData name="NumberParkingSpaces">1</SimpleData>
		<SimpleData name="ParkingSpaceWidth">3.2</SimpleData>
		<SimpleData name="ParkingSpaceLength">7.8</SimpleData>
		<SimpleData name="ParkingSpaceAngle">Parallel</SimpleData>
		<SimpleData name="SignText">Mobility Parking Only</SimpleData>
		<SimpleData name="URL">https://goo.gl/maps/FvqgiatND5U7qQwZA</SimpleData>
		<SimpleData name="AuditDate">28/7/2023</SimpleData>
	</SchemaData></ExtendedData>
      <Point><coordinates>151.193042067835,-33.8796921870986</coordinates></Point>
  </Placemark>
  <Placemark>
	<ExtendedData><SchemaData schemaUrl="#Mobility_parking">
		<SimpleData name="OBJECTID">662</SimpleData>
		<SimpleData name="Address">15</SimpleData>
		<SimpleData name="Street">Queen Street</SimpleData>
		<SimpleData name="Location">between Cowper Street and Bay Street</SimpleData>
		<SimpleData name="Suburb">Glebe</SimpleData>
		<SimpleData name="SideOfStreet">Northside</SimpleData>
		<SimpleData name="NumberParkingSpaces">2</SimpleData>
		<SimpleData name="ParkingSpaceWidth">3.2</SimpleData>
		<SimpleData name="ParkingSpaceLength">15.6</SimpleData>
		<SimpleData name="ParkingSpaceAngle">Parallel</SimpleData>
		<SimpleData name="SignText">Mobility Parking Only</SimpleData>
		<SimpleData name="URL">https://goo.gl/maps/YYfr9ksBZt5SZoWD6</SimpleData>
		<SimpleData name="AuditDate">3/8/2023</SimpleData>
	</SchemaData></ExtendedData>
      <Point><coordinates>151.193145568696,-33.8812811869512</coordinates></Point>
  </Placemark>
  <Placemark>
	<ExtendedData><SchemaData schemaUrl="#Mobility_parking">
		<SimpleData name="OBJECTID">663</SimpleData>
		<SimpleData name="Address">36</SimpleData>
		<SimpleData name="Street">Mallett Street</SimpleData>
		<SimpleData name="Location">between Hampshire Lane and Fowler Street</SimpleData>
		<SimpleData name="Suburb">Camperdown</SimpleData>
		<SimpleData name="SideOfStreet">Eastside</SimpleData>
		<SimpleData name="NumberParkingSpaces">1</SimpleData>
		<SimpleData name="ParkingSpaceWidth">3.2</SimpleData>
		<SimpleData name="ParkingSpaceLength">7.8</SimpleData>
		<SimpleData name="ParkingSpaceAngle">Parallel</SimpleData>
		<SimpleData name="SignText">Mobility Parking Only</SimpleData>
		<SimpleData name="URL">https://goo.gl/maps/tosYY4csuK3j92NbA</SimpleData>
		<SimpleData name="AuditDate">3/8/2023</SimpleData>
	</SchemaData></ExtendedData>
      <Point><coordinates>151.177277545141,-33.8883612104656</coordinates></Point>
  </Placemark>
  <Placemark>
	<ExtendedData><SchemaData schemaUrl="#Mobility_parking">
		<SimpleData name="OBJECTID">665</SimpleData>
		<SimpleData name="Address">90</SimpleData>
		<SimpleData name="Street">Church Street</SimpleData>
		<SimpleData name="Location">between Lucas Street and Dunblane Street</SimpleData>
		<SimpleData name="Suburb">Camperdown</SimpleData>
		<SimpleData name="SideOfStreet">Westside</SimpleData>
		<SimpleData name="NumberParkingSpaces">2</SimpleData>
		<SimpleData name="ParkingSpaceWidth">3.2</SimpleData>
		<SimpleData name="ParkingSpaceLength">15.6</SimpleData>
		<SimpleData name="ParkingSpaceAngle">Parallel</SimpleData>
		<SimpleData name="SignText">Mobility Parking Only</SimpleData>
		<SimpleData name="URL">https://goo.gl/maps/AYHKoPJbuPcSEh2w9</SimpleData>
		<SimpleData name="AuditDate">3/8/2023</SimpleData>
	</SchemaData></ExtendedData>
      <Point><coordinates>151.178263729216,-33.8890131108673</coordinates></Point>
  </Placemark>
  <Placemark>
	<ExtendedData><SchemaData schemaUrl="#Mobility_parking">
		<SimpleData name="OBJECTID">666</SimpleData>
		<SimpleData name="Address">36</SimpleData>
		<SimpleData name="Street">Munni Street</SimpleData>
		<SimpleData name="Location">between Gowrie Street and Angel Street</SimpleData>
		<SimpleData name="Suburb">Newtown</SimpleData>
		<SimpleData name="SideOfStreet">Southside</SimpleData>
		<SimpleData name="NumberParkingSpaces">1</SimpleData>
		<SimpleData name="ParkingSpaceWidth">3.2</SimpleData>
		<SimpleData name="ParkingSpaceLength">7.8</SimpleData>
		<SimpleData name="ParkingSpaceAngle">Parallel</SimpleData>
		<SimpleData name="SignText">Mobility Parking Only</SimpleData>
		<SimpleData name="URL">https://goo.gl/maps/NTQiGSXYMgkJh1AG9</SimpleData>
		<SimpleData name="AuditDate">3/8/2023</SimpleData>
	</SchemaData></ExtendedData>
      <Point><coordinates>151.180481568355,-33.9015511877181</coordinates></Point>
  </Placemark>
  <Placemark>
	<ExtendedData><SchemaData schemaUrl="#Mobility_parking">
		<SimpleData name="OBJECTID">667</SimpleData>
		<SimpleData name="Address">7</SimpleData>
		<SimpleData name="Street">Victoria Street</SimpleData>
		<SimpleData name="Location">between Turtle Lane and George Street</SimpleData>
		<SimpleData name="Suburb">Erskineville</SimpleData>
		<SimpleData name="SideOfStreet">Northside</SimpleData>
		<SimpleData name="NumberParkingSpaces">1</SimpleData>
		<SimpleData name="ParkingSpaceWidth">3.2</SimpleData>
		<SimpleData name="ParkingSpaceLength">7.8</SimpleData>
		<SimpleData name="ParkingSpaceAngle">Parallel</SimpleData>
		<SimpleData name="SignText">Mobility Parking Only</SimpleData>
		<SimpleData name="URL">https://goo.gl/maps/mrKH1GvSd3K6WFUu9</SimpleData>
		<SimpleData name="AuditDate">3/8/2023</SimpleData>
	</SchemaData></ExtendedData>
      <Point><coordinates>151.184061569668,-33.9023381875039</coordinates></Point>
  </Placemark>
  <Placemark>
	<ExtendedData><SchemaData schemaUrl="#Mobility_parking">
		<SimpleData name="OBJECTID">668</SimpleData>
		<SimpleData name="Address">64</SimpleData>
		<SimpleData name="Street">Swanson Street</SimpleData>
		<SimpleData name="Location">Between Clara Street and Sydney Lane</SimpleData>
		<SimpleData name="Suburb">Erskineville</SimpleData>
		<SimpleData name="SideOfStreet">Northside</SimpleData>
		<SimpleData name="NumberParkingSpaces">1</SimpleData>
		<SimpleData name="ParkingSpaceWidth">3.2</SimpleData>
		<SimpleData name="ParkingSpaceLength">7.8</SimpleData>
		<SimpleData name="ParkingSpaceAngle">Parallel</SimpleData>
		<SimpleData name="SignText">No Parking Authorised Disabled Person Vehicle Excepted School Days 2:30pm to 3:30pm</SimpleData>
		<SimpleData name="URL">https://goo.gl/maps/Eh94RpPNzzHKCVqt6</SimpleData>
		<SimpleData name="AuditDate">3/8/2023</SimpleData>
	</SchemaData></ExtendedData>
      <Point><coordinates>151.187730069473,-33.9002321871562</coordinates></Point>
  </Placemark>
  <Placemark>
	<ExtendedData><SchemaData schemaUrl="#Mobility_parking">
		<SimpleData name="OBJECTID">669</SimpleData>
		<SimpleData name="Address">203</SimpleData>
		<SimpleData name="Street">Belmont Street</SimpleData>
		<SimpleData name="Location">between Harley Street and Fountain Street</SimpleData>
		<SimpleData name="Suburb">Alexandria</SimpleData>
		<SimpleData name="SideOfStreet">Westside</SimpleData>
		<SimpleData name="NumberParkingSpaces">1</SimpleData>
		<SimpleData name="ParkingSpaceWidth">3.2</SimpleData>
		<SimpleData name="ParkingSpaceLength">7.8</SimpleData>
		<SimpleData name="ParkingSpaceAngle">Parallel</SimpleData>
		<SimpleData name="SignText">Mobility Parking Only</SimpleData>
		<SimpleData name="URL">https://goo.gl/maps/h2ZuWZzVP74yi5Lc6</SimpleData>
		<SimpleData name="AuditDate">3/8/2023</SimpleData>
	</SchemaData></ExtendedData>
      <Point><coordinates>151.192164071121,-33.9031806867566</coordinates></Point>
  </Placemark>
  <Placemark>
	<ExtendedData><SchemaData schemaUrl="#Mobility_parking">
		<SimpleData name="OBJECTID">670</SimpleData>
		<SimpleData name="Address">21</SimpleData>
		<SimpleData name="Street">Fountain Street</SimpleData>
		<SimpleData name="Location">between Belmont Street and McEvoy Street</SimpleData>
		<SimpleData name="Suburb">Alexandria</SimpleData>
		<SimpleData name="SideOfStreet">Eastside</SimpleData>
		<SimpleData name="NumberParkingSpaces">1</SimpleData>
		<SimpleData name="ParkingSpaceWidth">3.2</SimpleData>
		<SimpleData name="ParkingSpaceLength">7.8</SimpleData>
		<SimpleData name="ParkingSpaceAngle">Parallel</SimpleData>
		<SimpleData name="SignText">Mobility Parking Only</SimpleData>
		<SimpleData name="URL">https://goo.gl/maps/ELJJLJJBCQZGdMyu6</SimpleData>
		<SimpleData name="AuditDate">3/8/2023</SimpleData>
	</SchemaData></ExtendedData>
      <Point><coordinates>151.19557907173,-33.9025001863834</coordinates></Point>
  </Placemark>
  <Placemark>
	<ExtendedData><SchemaData schemaUrl="#Mobility_parking">
		<SimpleData name="OBJECTID">671</SimpleData>
		<SimpleData name="Address">6</SimpleData>
		<SimpleData name="Street">Phillip Street</SimpleData>
		<SimpleData name="Location">between Henderson Road and Buckland Lane</SimpleData>
		<SimpleData name="Suburb">Alexandria</SimpleData>
		<SimpleData name="SideOfStreet">Eastside</SimpleData>
		<SimpleData name="NumberParkingSpaces">1</SimpleData>
		<SimpleData name="ParkingSpaceWidth">3.2</SimpleData>
		<SimpleData name="ParkingSpaceLength">7.8</SimpleData>
		<SimpleData name="ParkingSpaceAngle">60-degree</SimpleData>
		<SimpleData name="SignText">Mobility Parking Only</SimpleData>
		<SimpleData name="URL">https://goo.gl/maps/RoqkP4eiVmrRY5ej8</SimpleData>
		<SimpleData name="AuditDate">3/8/2023</SimpleData>
	</SchemaData></ExtendedData>
      <Point><coordinates>151.196034570275,-33.8980851861113</coordinates></Point>
  </Placemark>
  <Placemark>
	<ExtendedData><SchemaData schemaUrl="#Mobility_parking">
		<SimpleData name="OBJECTID">672</SimpleData>
		<SimpleData name="Address">105</SimpleData>
		<SimpleData name="Street">Garden Street</SimpleData>
		<SimpleData name="Location">between Henderson Road and Buckland Lane</SimpleData>
		<SimpleData name="Suburb">Alexandria</SimpleData>
		<SimpleData name="SideOfStreet">Westside</SimpleData>
		<SimpleData name="NumberParkingSpaces">1</SimpleData>
		<SimpleData name="ParkingSpaceWidth">3.2</SimpleData>
		<SimpleData name="ParkingSpaceLength">7.8</SimpleData>
		<SimpleData name="ParkingSpaceAngle">60-degree</SimpleData>
		<SimpleData name="SignText">Mobility Parking Only</SimpleData>
		<SimpleData name="URL">https://goo.gl/maps/jaP2j7CXr9qGvgF87</SimpleData>
		<SimpleData name="AuditDate">3/8/2023</SimpleData>
	</SchemaData></ExtendedData>
      <Point><coordinates>151.197906571047,-33.8986281864939</coordinates></Point>
  </Placemark>
  <Placemark>
	<ExtendedData><SchemaData schemaUrl="#Mobility_parking">
		<SimpleData name="OBJECTID">673</SimpleData>
		<SimpleData name="Address">24</SimpleData>
		<SimpleData name="Street">Portman Street</SimpleData>
		<SimpleData name="Location">between Navins Lane and Merton Street</SimpleData>
		<SimpleData name="Suburb">Zetland</SimpleData>
		<SimpleData name="SideOfStreet">Eastside</SimpleData>
		<SimpleData name="NumberParkingSpaces">1</SimpleData>
		<SimpleData name="ParkingSpaceWidth">3.2</SimpleData>
		<SimpleData name="ParkingSpaceLength">7.8</SimpleData>
		<SimpleData name="ParkingSpaceAngle">Parallel</SimpleData>
		<SimpleData name="SignText">Mobility Parking Only</SimpleData>
		<SimpleData name="URL">https://goo.gl/maps/X84Zvwg3JvLKfbmD8</SimpleData>
		<SimpleData name="AuditDate">3/8/2023</SimpleData>
	</SchemaData></ExtendedData>
      <Point><coordinates>151.205073572485,-33.9053281851812</coordinates></Point>
  </Placemark>
  <Placemark>
	<ExtendedData><SchemaData schemaUrl="#Mobility_parking">
		<SimpleData name="OBJECTID">675</SimpleData>
		<SimpleData name="Address">169</SimpleData>
		<SimpleData name="Street">Victoria Street</SimpleData>
		<SimpleData name="Location">between Collins Street and Beaconsfield Street</SimpleData>
		<SimpleData name="Suburb">Beaconsfield</SimpleData>
		<SimpleData name="SideOfStreet">Westside</SimpleData>
		<SimpleData name="NumberParkingSpaces">1</SimpleData>
		<SimpleData name="ParkingSpaceWidth">3.2</SimpleData>
		<SimpleData name="ParkingSpaceLength">7.8</SimpleData>
		<SimpleData name="ParkingSpaceAngle">Parallel</SimpleData>
		<SimpleData name="SignText">Mobility Parking Only, Monday to Friday, 9am to 5pm</SimpleData>
		<SimpleData name="URL">https://goo.gl/maps/e6ep8qhHfhAjaogv8</SimpleData>
		<SimpleData name="AuditDate">3/8/2023</SimpleData>
	</SchemaData></ExtendedData>
      <Point><coordinates>151.200498573366,-33.9129246854428</coordinates></Point>
  </Placemark>
  <Placemark>
	<ExtendedData><SchemaData schemaUrl="#Mobility_parking">
		<SimpleData name="OBJECTID">676</SimpleData>
		<SimpleData name="Address">19</SimpleData>
		<SimpleData name="Street">Princess Avenue</SimpleData>
		<SimpleData name="Location">between Cressy Street and Queen Street</SimpleData>
		<SimpleData name="Suburb">Rosebery</SimpleData>
		<SimpleData name="SideOfStreet">Westside</SimpleData>
		<SimpleData name="NumberParkingSpaces">1</SimpleData>
		<SimpleData name="ParkingSpaceWidth">3.2</SimpleData>
		<SimpleData name="ParkingSpaceLength">7.8</SimpleData>
		<SimpleData name="ParkingSpaceAngle">Parallel</SimpleData>
		<SimpleData name="SignText">Mobility Parking Only</SimpleData>
		<SimpleData name="URL">https://goo.gl/maps/XqnxjgsxwybSwA8S6</SimpleData>
		<SimpleData name="AuditDate">3/8/2023</SimpleData>
	</SchemaData></ExtendedData>
      <Point><coordinates>151.202455372805,-33.9125103851201</coordinates></Point>
  </Placemark>
  <Placemark>
	<ExtendedData><SchemaData schemaUrl="#Mobility_parking">
		<SimpleData name="OBJECTID">677</SimpleData>
		<SimpleData name="Address">1</SimpleData>
		<SimpleData name="Street">Cressy Street</SimpleData>
		<SimpleData name="Location">between Mentmore Avenue and Rothschild Avenue</SimpleData>
		<SimpleData name="Suburb">Rosebery</SimpleData>
		<SimpleData name="SideOfStreet">Northside</SimpleData>
		<SimpleData name="NumberParkingSpaces">1</SimpleData>
		<SimpleData name="ParkingSpaceWidth">3.2</SimpleData>
		<SimpleData name="ParkingSpaceLength">7.8</SimpleData>
		<SimpleData name="ParkingSpaceAngle">Parallel</SimpleData>
		<SimpleData name="SignText">Mobility Parking Only Monday to Friday, 8am to 6pm</SimpleData>
		<SimpleData name="URL">https://goo.gl/maps/nDgctYPGrMUxQs8Q8</SimpleData>
		<SimpleData name="AuditDate">3/8/2023</SimpleData>
	</SchemaData></ExtendedData>
      <Point><coordinates>151.204875073323,-33.9125211849358</coordinates></Point>
  </Placemark>
  <Placemark>
	<ExtendedData><SchemaData schemaUrl="#Mobility_parking">
		<SimpleData name="OBJECTID">679</SimpleData>
		<SimpleData name="Address">14</SimpleData>
		<SimpleData name="Street">Mentmore Avenue</SimpleData>
		<SimpleData name="Location">between Sweet Street and Cressy Street</SimpleData>
		<SimpleData name="Suburb">Rosebery</SimpleData>
		<SimpleData name="SideOfStreet">Eastside</SimpleData>
		<SimpleData name="NumberParkingSpaces">1</SimpleData>
		<SimpleData name="ParkingSpaceWidth">3.2</SimpleData>
		<SimpleData name="ParkingSpaceLength">7.8</SimpleData>
		<SimpleData name="ParkingSpaceAngle">Parallel</SimpleData>
		<SimpleData name="SignText">Mobility Parking Only</SimpleData>
		<SimpleData name="URL">https://goo.gl/maps/onvGuErwzAyAVrCu6</SimpleData>
		<SimpleData name="AuditDate">3/8/2023</SimpleData>
	</SchemaData></ExtendedData>
      <Point><coordinates>151.204706695155,-33.9127370783355</coordinates></Point>
  </Placemark>
  <Placemark>
	<ExtendedData><SchemaData schemaUrl="#Mobility_parking">
		<SimpleData name="OBJECTID">680</SimpleData>
		<SimpleData name="Address">37</SimpleData>
		<SimpleData name="Street">Morley Avenue</SimpleData>
		<SimpleData name="Location">between Botany Road and Dunning Avenue</SimpleData>
		<SimpleData name="Suburb">Rosebery</SimpleData>
		<SimpleData name="SideOfStreet">Northside</SimpleData>
		<SimpleData name="NumberParkingSpaces">1</SimpleData>
		<SimpleData name="ParkingSpaceWidth">3.2</SimpleData>
		<SimpleData name="ParkingSpaceLength">7.8</SimpleData>
		<SimpleData name="ParkingSpaceAngle">Parallel</SimpleData>
		<SimpleData name="SignText">Mobility Parking Only</SimpleData>
		<SimpleData name="URL">https://goo.gl/maps/4LwFrmsoT9HcUEm79</SimpleData>
		<SimpleData name="AuditDate">3/8/2023</SimpleData>
	</SchemaData></ExtendedData>
      <Point><coordinates>151.201253573712,-33.9155451854799</coordinates></Point>
  </Placemark>
  <Placemark>
	<ExtendedData><SchemaData schemaUrl="#Mobility_parking">
		<SimpleData name="OBJECTID">681</SimpleData>
		<SimpleData name="Address">1</SimpleData>
		<SimpleData name="Street">Kimberley Grove</SimpleData>
		<SimpleData name="Location">between Bannerman Crescent and Dalmeny Avenue</SimpleData>
		<SimpleData name="Suburb">Rosebery</SimpleData>
		<SimpleData name="SideOfStreet">Southside</SimpleData>
		<SimpleData name="NumberParkingSpaces">1</SimpleData>
		<SimpleData name="ParkingSpaceWidth">3.2</SimpleData>
		<SimpleData name="ParkingSpaceLength">7.8</SimpleData>
		<SimpleData name="ParkingSpaceAngle">Parallel</SimpleData>
		<SimpleData name="SignText">Mobility Parking Only</SimpleData>
		<SimpleData name="URL">https://goo.gl/maps/K96UW6r4ksTZ46oLA</SimpleData>
		<SimpleData name="AuditDate">3/8/2023</SimpleData>
	</SchemaData></ExtendedData>
      <Point><coordinates>151.208562098698,-33.916250087384</coordinates></Point>
  </Placemark>
  <Placemark>
	<ExtendedData><SchemaData schemaUrl="#Mobility_parking">
		<SimpleData name="OBJECTID">682</SimpleData>
		<SimpleData name="Address">78</SimpleData>
		<SimpleData name="Street">Harcourt Parade</SimpleData>
		<SimpleData name="Location">between Primrose Avenue and Dalmeny Avenue</SimpleData>
		<SimpleData name="Suburb">Rosebery</SimpleData>
		<SimpleData name="SideOfStreet">Northside</SimpleData>
		<SimpleData name="NumberParkingSpaces">2</SimpleData>
		<SimpleData name="ParkingSpaceWidth">3.2</SimpleData>
		<SimpleData name="ParkingSpaceLength">15.6</SimpleData>
		<SimpleData name="ParkingSpaceAngle">Parallel</SimpleData>
		<SimpleData name="SignText">Mobility Parking Only</SimpleData>
		<SimpleData name="URL">https://goo.gl/maps/kopNxsRLTGrnvLNH9</SimpleData>
		<SimpleData name="AuditDate">3/8/2023</SimpleData>
	</SchemaData></ExtendedData>
      <Point><coordinates>151.206278574512,-33.9207776852113</coordinates></Point>
  </Placemark>
  <Placemark>
	<ExtendedData><SchemaData schemaUrl="#Mobility_parking">
		<SimpleData name="OBJECTID">683</SimpleData>
		<SimpleData name="Address">78</SimpleData>
		<SimpleData name="Street">Tweedmouth Avenue</SimpleData>
		<SimpleData name="Location">between Dalmeny Avenue and No Through Road</SimpleData>
		<SimpleData name="Suburb">Rosebery</SimpleData>
		<SimpleData name="SideOfStreet">Northside</SimpleData>
		<SimpleData name="NumberParkingSpaces">1</SimpleData>
		<SimpleData name="ParkingSpaceWidth">3.2</SimpleData>
		<SimpleData name="ParkingSpaceLength">7.8</SimpleData>
		<SimpleData name="ParkingSpaceAngle">Parallel</SimpleData>
		<SimpleData name="SignText">Mobility Parking Only</SimpleData>
		<SimpleData name="URL">https://goo.gl/maps/ptRC5QyXdpKfPjs47</SimpleData>
		<SimpleData name="AuditDate">3/8/2023</SimpleData>
	</SchemaData></ExtendedData>
      <Point><coordinates>151.208634075892,-33.9220601846458</coordinates></Point>
  </Placemark>
  <Placemark>
	<ExtendedData><SchemaData schemaUrl="#Mobility_parking">
		<SimpleData name="OBJECTID">684</SimpleData>
		<SimpleData name="Address">6</SimpleData>
		<SimpleData name="Street">Thread Lane</SimpleData>
		<SimpleData name="Location">between Sam Sing Street and No Through Road</SimpleData>
		<SimpleData name="Suburb">Waterloo</SimpleData>
		<SimpleData name="SideOfStreet">Northside</SimpleData>
		<SimpleData name="NumberParkingSpaces">1</SimpleData>
		<SimpleData name="ParkingSpaceWidth">3.2</SimpleData>
		<SimpleData name="ParkingSpaceLength">7.8</SimpleData>
		<SimpleData name="ParkingSpaceAngle">90-degree</SimpleData>
		<SimpleData name="SignText">Mobility Parking Only</SimpleData>
		<SimpleData name="URL">https://goo.gl/maps/32jeiLPGqR18ikVM9</SimpleData>
		<SimpleData name="AuditDate">4/8/2023</SimpleData>
	</SchemaData></ExtendedData>
      <Point><coordinates>151.210776073021,-33.9008131847706</coordinates></Point>
  </Placemark>
  <Placemark>
	<ExtendedData><SchemaData schemaUrl="#Mobility_parking">
		<SimpleData name="OBJECTID">685</SimpleData>
		<SimpleData name="Address">51</SimpleData>
		<SimpleData name="Street">Beaumont Street</SimpleData>
		<SimpleData name="Location">between Brunswick Street and Clarendon Street</SimpleData>
		<SimpleData name="Suburb">Waterloo</SimpleData>
		<SimpleData name="SideOfStreet">Eastside</SimpleData>
		<SimpleData name="NumberParkingSpaces">1</SimpleData>
		<SimpleData name="ParkingSpaceWidth">3.2</SimpleData>
		<SimpleData name="ParkingSpaceLength">7.8</SimpleData>
		<SimpleData name="ParkingSpaceAngle">Parallel</SimpleData>
		<SimpleData name="SignText">Mobility Parking Only</SimpleData>
		<SimpleData name="URL">https://goo.gl/maps/8DUP6gwB2PjftzoH7</SimpleData>
		<SimpleData name="AuditDate">4/8/2023</SimpleData>
	</SchemaData></ExtendedData>
      <Point><coordinates>151.20697988915,-33.8978407610774</coordinates></Point>
  </Placemark>
  <Placemark>
	<ExtendedData><SchemaData schemaUrl="#Mobility_parking">
		<SimpleData name="OBJECTID">686</SimpleData>
		<SimpleData name="Address">88</SimpleData>
		<SimpleData name="Street">Walker Street</SimpleData>
		<SimpleData name="Location">between Phillip Street and Clarendon Street</SimpleData>
		<SimpleData name="Suburb">Waterloo</SimpleData>
		<SimpleData name="SideOfStreet">Westside</SimpleData>
		<SimpleData name="NumberParkingSpaces">1</SimpleData>
		<SimpleData name="ParkingSpaceWidth">3.2</SimpleData>
		<SimpleData name="ParkingSpaceLength">7.8</SimpleData>
		<SimpleData name="ParkingSpaceAngle">Parallel</SimpleData>
		<SimpleData name="SignText">Mobility Parking Only</SimpleData>
		<SimpleData name="URL">https://goo.gl/maps/zfGv3FSTns5Vnns6A</SimpleData>
		<SimpleData name="AuditDate">4/8/2023</SimpleData>
	</SchemaData></ExtendedData>
      <Point><coordinates>151.207632072262,-33.8965221856616</coordinates></Point>
  </Placemark>
  <Placemark>
	<ExtendedData><SchemaData schemaUrl="#Mobility_parking">
		<SimpleData name="OBJECTID">687</SimpleData>
		<SimpleData name="Address">37</SimpleData>
		<SimpleData name="Street">Albert Street</SimpleData>
		<SimpleData name="Location">between George Street and Pitt Street</SimpleData>
		<SimpleData name="Suburb">Redfern</SimpleData>
		<SimpleData name="SideOfStreet">Eastside</SimpleData>
		<SimpleData name="NumberParkingSpaces">1</SimpleData>
		<SimpleData name="ParkingSpaceWidth">3.2</SimpleData>
		<SimpleData name="ParkingSpaceLength">7.8</SimpleData>
		<SimpleData name="ParkingSpaceAngle">Parallel</SimpleData>
		<SimpleData name="SignText">Mobility Parking Only</SimpleData>
		<SimpleData name="URL">https://goo.gl/maps/nfz3vW9kNADE1YWD7</SimpleData>
		<SimpleData name="AuditDate">4/8/2023</SimpleData>
	</SchemaData></ExtendedData>
      <Point><coordinates>151.202306070726,-33.8940496856596</coordinates></Point>
  </Placemark>
  <Placemark>
	<ExtendedData><SchemaData schemaUrl="#Mobility_parking">
		<SimpleData name="OBJECTID">688</SimpleData>
		<SimpleData name="Address">4</SimpleData>
		<SimpleData name="Street">George Street</SimpleData>
		<SimpleData name="Location">between Cleveland Street and James Street</SimpleData>
		<SimpleData name="Suburb">Redfern</SimpleData>
		<SimpleData name="SideOfStreet">Westside</SimpleData>
		<SimpleData name="NumberParkingSpaces">1</SimpleData>
		<SimpleData name="ParkingSpaceWidth">3.2</SimpleData>
		<SimpleData name="ParkingSpaceLength">7.8</SimpleData>
		<SimpleData name="ParkingSpaceAngle">Parallel</SimpleData>
		<SimpleData name="SignText">Mobility Parking Only</SimpleData>
		<SimpleData name="URL">https://goo.gl/maps/tj5Sn59fF4HsZbJp8</SimpleData>
		<SimpleData name="AuditDate">4/8/2023</SimpleData>
	</SchemaData></ExtendedData>
      <Point><coordinates>151.20264606981,-33.8896446852829</coordinates></Point>
  </Placemark>
  <Placemark>
	<ExtendedData><SchemaData schemaUrl="#Mobility_parking">
		<SimpleData name="OBJECTID">689</SimpleData>
		<SimpleData name="Address">54</SimpleData>
		<SimpleData name="Street">Hugo Street</SimpleData>
		<SimpleData name="Location">Between Vine Street and Caroline Street</SimpleData>
		<SimpleData name="Suburb">Darlington</SimpleData>
		<SimpleData name="SideOfStreet">Westside</SimpleData>
		<SimpleData name="NumberParkingSpaces">1</SimpleData>
		<SimpleData name="ParkingSpaceWidth">3.2</SimpleData>
		<SimpleData name="ParkingSpaceLength">7.8</SimpleData>
		<SimpleData name="ParkingSpaceAngle">Parallel</SimpleData>
		<SimpleData name="SignText">Mobility Parking Only</SimpleData>
		<SimpleData name="URL">https://goo.gl/maps/gev4fonBXKxvoQE77</SimpleData>
		<SimpleData name="AuditDate">4/8/2023</SimpleData>
	</SchemaData></ExtendedData>
      <Point><coordinates>151.198076197768,-33.8903533001639</coordinates></Point>
  </Placemark>
  <Placemark>
	<ExtendedData><SchemaData schemaUrl="#Mobility_parking">
		<SimpleData name="OBJECTID">690</SimpleData>
		<SimpleData name="Address">108</SimpleData>
		<SimpleData name="Street">Darlington Road</SimpleData>
		<SimpleData name="Location">between Codrington Street and Golden Grove Street</SimpleData>
		<SimpleData name="Suburb">Darlington</SimpleData>
		<SimpleData name="SideOfStreet">Southside</SimpleData>
		<SimpleData name="NumberParkingSpaces">1</SimpleData>
		<SimpleData name="ParkingSpaceWidth">3.2</SimpleData>
		<SimpleData name="ParkingSpaceLength">7.8</SimpleData>
		<SimpleData name="ParkingSpaceAngle">Parallel</SimpleData>
		<SimpleData name="SignText">Mobility Parking Only Monday to Friday, 8:30am to 5:30pm</SimpleData>
		<SimpleData name="URL">https://goo.gl/maps/5BVbEsEBFf3JEL7X7</SimpleData>
		<SimpleData name="AuditDate">4/8/2023</SimpleData>
	</SchemaData></ExtendedData>
      <Point><coordinates>151.189921068682,-33.8914671863509</coordinates></Point>
  </Placemark>
  <Placemark>
	<ExtendedData><SchemaData schemaUrl="#Mobility_parking">
		<SimpleData name="OBJECTID">691</SimpleData>
		<SimpleData name="Address">41</SimpleData>
		<SimpleData name="Street">Cooper Street</SimpleData>
		<SimpleData name="Location">between Elizabeth Street and Walker Street</SimpleData>
		<SimpleData name="Suburb">Redfern</SimpleData>
		<SimpleData name="SideOfStreet">Southside</SimpleData>
		<SimpleData name="NumberParkingSpaces">1</SimpleData>
		<SimpleData name="ParkingSpaceWidth">3.2</SimpleData>
		<SimpleData name="ParkingSpaceLength">7.8</SimpleData>
		<SimpleData name="ParkingSpaceAngle">Parallel</SimpleData>
		<SimpleData name="SignText">Mobility Parking Only</SimpleData>
		<SimpleData name="URL">https://goo.gl/maps/sUtPn4KqmCPSMtLSA</SimpleData>
		<SimpleData name="AuditDate">4/8/2023</SimpleData>
	</SchemaData></ExtendedData>
      <Point><coordinates>151.208041071502,-33.8915096854501</coordinates></Point>
  </Placemark>
  <Placemark>
	<ExtendedData><SchemaData schemaUrl="#Mobility_parking">
		<SimpleData name="OBJECTID">692</SimpleData>
		<SimpleData name="Address">37</SimpleData>
		<SimpleData name="Street">Cooper Street</SimpleData>
		<SimpleData name="Location">between Elizabeth Street and Walker Street</SimpleData>
		<SimpleData name="Suburb">Redfern</SimpleData>
		<SimpleData name="SideOfStreet">Southside</SimpleData>
		<SimpleData name="NumberParkingSpaces">1</SimpleData>
		<SimpleData name="ParkingSpaceWidth">3.2</SimpleData>
		<SimpleData name="ParkingSpaceLength">7.8</SimpleData>
		<SimpleData name="ParkingSpaceAngle">Parallel</SimpleData>
		<SimpleData name="SignText">Mobility Parking Only</SimpleData>
		<SimpleData name="URL">https://goo.gl/maps/UgVSxHK9HqFs9Qu29</SimpleData>
		<SimpleData name="AuditDate">4/8/2023</SimpleData>
	</SchemaData></ExtendedData>
      <Point><coordinates>151.208314703667,-33.8916126997187</coordinates></Point>
  </Placemark>
  <Placemark>
	<ExtendedData><SchemaData schemaUrl="#Mobility_parking">
		<SimpleData name="OBJECTID">693</SimpleData>
		<SimpleData name="Address">5</SimpleData>
		<SimpleData name="Street">Kettle Street</SimpleData>
		<SimpleData name="Location">between Elizabeth Street and Walker Street</SimpleData>
		<SimpleData name="Suburb">Redfern</SimpleData>
		<SimpleData name="SideOfStreet">Southside</SimpleData>
		<SimpleData name="NumberParkingSpaces">1</SimpleData>
		<SimpleData name="ParkingSpaceWidth">3.2</SimpleData>
		<SimpleData name="ParkingSpaceLength">7.8</SimpleData>
		<SimpleData name="ParkingSpaceAngle">Parallel</SimpleData>
		<SimpleData name="SignText">Mobility Parking Only</SimpleData>
		<SimpleData name="URL">https://goo.gl/maps/tEYNvkrF4ekjeY61A</SimpleData>
		<SimpleData name="AuditDate">10/8/2023</SimpleData>
	</SchemaData></ExtendedData>
      <Point><coordinates>151.207877072486,-33.8948266857156</coordinates></Point>
  </Placemark>
  <Placemark>
	<ExtendedData><SchemaData schemaUrl="#Mobility_parking">
		<SimpleData name="OBJECTID">694</SimpleData>
		<SimpleData name="Address">64</SimpleData>
		<SimpleData name="Street">Walker Street</SimpleData>
		<SimpleData name="Location">between Kettle Street and Redfern Street</SimpleData>
		<SimpleData name="Suburb">Redfern</SimpleData>
		<SimpleData name="SideOfStreet">Westside</SimpleData>
		<SimpleData name="NumberParkingSpaces">1</SimpleData>
		<SimpleData name="ParkingSpaceWidth">3.2</SimpleData>
		<SimpleData name="ParkingSpaceLength">7.8</SimpleData>
		<SimpleData name="ParkingSpaceAngle">Parallel</SimpleData>
		<SimpleData name="SignText">Mobility Parking Only</SimpleData>
		<SimpleData name="URL">https://goo.gl/maps/mCHPM6rexg5XdBLC9</SimpleData>
		<SimpleData name="AuditDate">10/8/2023</SimpleData>
	</SchemaData></ExtendedData>
      <Point><coordinates>151.207948541795,-33.8945621309113</coordinates></Point>
  </Placemark>
  <Placemark>
	<ExtendedData><SchemaData schemaUrl="#Mobility_parking">
		<SimpleData name="OBJECTID">696</SimpleData>
		<SimpleData name="Address">44</SimpleData>
		<SimpleData name="Street">Morehead Street</SimpleData>
		<SimpleData name="Location">between Kettle Street and Phillip Street</SimpleData>
		<SimpleData name="Suburb">Redfern</SimpleData>
		<SimpleData name="SideOfStreet">Westside</SimpleData>
		<SimpleData name="NumberParkingSpaces">1</SimpleData>
		<SimpleData name="ParkingSpaceWidth">3.2</SimpleData>
		<SimpleData name="ParkingSpaceLength">7.8</SimpleData>
		<SimpleData name="ParkingSpaceAngle">Parallel</SimpleData>
		<SimpleData name="SignText">Mobility Parking Only</SimpleData>
		<SimpleData name="URL">https://goo.gl/maps/pCZi84pT54M2fBw17</SimpleData>
		<SimpleData name="AuditDate">10/8/2023</SimpleData>
	</SchemaData></ExtendedData>
      <Point><coordinates>151.208836072285,-33.89508368557</coordinates></Point>
  </Placemark>
  <Placemark>
	<ExtendedData><SchemaData schemaUrl="#Mobility_parking">
		<SimpleData name="OBJECTID">697</SimpleData>
		<SimpleData name="Address">1</SimpleData>
		<SimpleData name="Street">Zamia Street</SimpleData>
		<SimpleData name="Location">between Marriott Street and Young Street</SimpleData>
		<SimpleData name="Suburb">Redfern</SimpleData>
		<SimpleData name="SideOfStreet">Northside</SimpleData>
		<SimpleData name="NumberParkingSpaces">1</SimpleData>
		<SimpleData name="ParkingSpaceWidth">3.2</SimpleData>
		<SimpleData name="ParkingSpaceLength">7.8</SimpleData>
		<SimpleData name="ParkingSpaceAngle">Parallel</SimpleData>
		<SimpleData name="SignText">Mobility Parking Only</SimpleData>
		<SimpleData name="URL">https://goo.gl/maps/Gbjo2FGCumVKrTDB6</SimpleData>
		<SimpleData name="AuditDate">10/8/2023</SimpleData>
	</SchemaData></ExtendedData>
      <Point><coordinates>151.210722222093,-33.8953326380868</coordinates></Point>
  </Placemark>
  <Placemark>
	<ExtendedData><SchemaData schemaUrl="#Mobility_parking">
		<SimpleData name="OBJECTID">698</SimpleData>
		<SimpleData name="Address">4</SimpleData>
		<SimpleData name="Street">Thurlow Street</SimpleData>
		<SimpleData name="Location">between Maddison Lane and Stanley Street</SimpleData>
		<SimpleData name="Suburb">Redfern</SimpleData>
		<SimpleData name="SideOfStreet">Northside</SimpleData>
		<SimpleData name="NumberParkingSpaces">1</SimpleData>
		<SimpleData name="ParkingSpaceWidth">3.2</SimpleData>
		<SimpleData name="ParkingSpaceLength">7.8</SimpleData>
		<SimpleData name="ParkingSpaceAngle">Parallel</SimpleData>
		<SimpleData name="SignText">Mobility Parking Only</SimpleData>
		<SimpleData name="URL">https://goo.gl/maps/9HB6459h2WAk7aDAA</SimpleData>
		<SimpleData name="AuditDate">10/8/2023</SimpleData>
	</SchemaData></ExtendedData>
      <Point><coordinates>151.215667572876,-33.8943291845706</coordinates></Point>
  </Placemark>
  <Placemark>
	<ExtendedData><SchemaData schemaUrl="#Mobility_parking">
		<SimpleData name="OBJECTID">699</SimpleData>
		<SimpleData name="Address">56</SimpleData>
		<SimpleData name="Street">Boronia Street</SimpleData>
		<SimpleData name="Location">between Baptist Lane and Baptist Street</SimpleData>
		<SimpleData name="Suburb">Redfern</SimpleData>
		<SimpleData name="SideOfStreet">Southside</SimpleData>
		<SimpleData name="NumberParkingSpaces">1</SimpleData>
		<SimpleData name="ParkingSpaceWidth">3.2</SimpleData>
		<SimpleData name="ParkingSpaceLength">7.8</SimpleData>
		<SimpleData name="ParkingSpaceAngle">Parallel</SimpleData>
		<SimpleData name="SignText">Mobility Parking Only</SimpleData>
		<SimpleData name="URL">https://goo.gl/maps/gfEcBBMCwN57y6fU8</SimpleData>
		<SimpleData name="AuditDate">10/8/2023</SimpleData>
	</SchemaData></ExtendedData>
      <Point><coordinates>151.212029072821,-33.8934276845483</coordinates></Point>
  </Placemark>
  <Placemark>
	<ExtendedData><SchemaData schemaUrl="#Mobility_parking">
		<SimpleData name="OBJECTID">702</SimpleData>
		<SimpleData name="Address">1</SimpleData>
		<SimpleData name="Street">Stanley Street</SimpleData>
		<SimpleData name="Location">between Cleveland Street and Little Cleveland Street</SimpleData>
		<SimpleData name="Suburb">Redfern</SimpleData>
		<SimpleData name="SideOfStreet">Eastside</SimpleData>
		<SimpleData name="NumberParkingSpaces">1</SimpleData>
		<SimpleData name="ParkingSpaceWidth">3.2</SimpleData>
		<SimpleData name="ParkingSpaceLength">7.8</SimpleData>
		<SimpleData name="ParkingSpaceAngle">Parallel</SimpleData>
		<SimpleData name="SignText">Mobility Parking Only</SimpleData>
		<SimpleData name="URL">https://goo.gl/maps/Hrs8UCidqG5iNXiY8</SimpleData>
		<SimpleData name="AuditDate">10/8/2023</SimpleData>
	</SchemaData></ExtendedData>
      <Point><coordinates>151.214845072934,-33.8920146841914</coordinates></Point>
  </Placemark>
  <Placemark>
	<ExtendedData><SchemaData schemaUrl="#Mobility_parking">
		<SimpleData name="OBJECTID">705</SimpleData>
		<SimpleData name="Address">2</SimpleData>
		<SimpleData name="Street">Goodlet Street</SimpleData>
		<SimpleData name="Location">between Wilton Street and Elizabeth Street</SimpleData>
		<SimpleData name="Suburb">Surry Hills</SimpleData>
		<SimpleData name="SideOfStreet">Northside</SimpleData>
		<SimpleData name="NumberParkingSpaces">1</SimpleData>
		<SimpleData name="ParkingSpaceWidth">3.2</SimpleData>
		<SimpleData name="ParkingSpaceLength">7.8</SimpleData>
		<SimpleData name="ParkingSpaceAngle">Parallel</SimpleData>
		<SimpleData name="SignText">Mobility Parking Only</SimpleData>
		<SimpleData name="URL">https://goo.gl/maps/UmwDnX3rqaikwhCw5</SimpleData>
		<SimpleData name="AuditDate">10/8/2023</SimpleData>
	</SchemaData></ExtendedData>
      <Point><coordinates>151.208931571467,-33.8894901850297</coordinates></Point>
  </Placemark>
  <Placemark>
	<ExtendedData><SchemaData schemaUrl="#Mobility_parking">
		<SimpleData name="OBJECTID">706</SimpleData>
		<SimpleData name="Address">29</SimpleData>
		<SimpleData name="Street">Belvoir Street</SimpleData>
		<SimpleData name="Location">between Clisdell Street and Wilton Street</SimpleData>
		<SimpleData name="Suburb">Surry Hills</SimpleData>
		<SimpleData name="SideOfStreet">Southside</SimpleData>
		<SimpleData name="NumberParkingSpaces">1</SimpleData>
		<SimpleData name="ParkingSpaceWidth">3.2</SimpleData>
		<SimpleData name="ParkingSpaceLength">7.8</SimpleData>
		<SimpleData name="ParkingSpaceAngle">Parallel</SimpleData>
		<SimpleData name="SignText">Mobility Parking Only</SimpleData>
		<SimpleData name="URL">https://goo.gl/maps/GYyEjm9gzn4CKSLn6</SimpleData>
		<SimpleData name="AuditDate">10/8/2023</SimpleData>
	</SchemaData></ExtendedData>
      <Point><coordinates>151.209348071452,-33.8889186849763</coordinates></Point>
  </Placemark>
  <Placemark>
	<ExtendedData><SchemaData schemaUrl="#Mobility_parking">
		<SimpleData name="OBJECTID">708</SimpleData>
		<SimpleData name="Address">16</SimpleData>
		<SimpleData name="Street">Clisdell Street</SimpleData>
		<SimpleData name="Location">between Dawson Street and Belvoir Street</SimpleData>
		<SimpleData name="Suburb">Surry Hills</SimpleData>
		<SimpleData name="SideOfStreet">Westside</SimpleData>
		<SimpleData name="NumberParkingSpaces">1</SimpleData>
		<SimpleData name="ParkingSpaceWidth">3.2</SimpleData>
		<SimpleData name="ParkingSpaceLength">7.8</SimpleData>
		<SimpleData name="ParkingSpaceAngle">Parallel</SimpleData>
		<SimpleData name="SignText">Mobility Parking Only</SimpleData>
		<SimpleData name="URL">https://goo.gl/maps/HSY9eXRKbvQBLZG2A</SimpleData>
		<SimpleData name="AuditDate">10/8/2023</SimpleData>
	</SchemaData></ExtendedData>
      <Point><coordinates>151.208962071208,-33.8885461853787</coordinates></Point>
  </Placemark>
  <Placemark>
	<ExtendedData><SchemaData schemaUrl="#Mobility_parking">
		<SimpleData name="OBJECTID">709</SimpleData>
		<SimpleData name="Address">434</SimpleData>
		<SimpleData name="Street">Elizabeth Street</SimpleData>
		<SimpleData name="Location">Between Brumby Street and Butt Street</SimpleData>
		<SimpleData name="Suburb">Surry Hills</SimpleData>
		<SimpleData name="SideOfStreet">Eastside</SimpleData>
		<SimpleData name="NumberParkingSpaces">2</SimpleData>
		<SimpleData name="ParkingSpaceWidth">3.2</SimpleData>
		<SimpleData name="ParkingSpaceLength">15.6</SimpleData>
		<SimpleData name="ParkingSpaceAngle">Parallel</SimpleData>
		<SimpleData name="SignText">Bus Lane Monday to Friday 6am to 10am &amp; 3pm to 8pm, Tow Away Zone, Mobility Parking Only All Other Times</SimpleData>
		<SimpleData name="URL">https://goo.gl/maps/SininLTM5jnr1Qd7A</SimpleData>
		<SimpleData name="AuditDate">10/8/2023</SimpleData>
	</SchemaData></ExtendedData>
      <Point><coordinates>151.208240691073,-33.8871944498786</coordinates></Point>
  </Placemark>
  <Placemark>
	<ExtendedData><SchemaData schemaUrl="#Mobility_parking">
		<SimpleData name="OBJECTID">710</SimpleData>
		<SimpleData name="Address">35</SimpleData>
		<SimpleData name="Street">Buckingham Street</SimpleData>
		<SimpleData name="Location">between Rutland Street and Pembroke Street</SimpleData>
		<SimpleData name="Suburb">Surry Hills</SimpleData>
		<SimpleData name="SideOfStreet">Westside</SimpleData>
		<SimpleData name="NumberParkingSpaces">1</SimpleData>
		<SimpleData name="ParkingSpaceWidth">3.2</SimpleData>
		<SimpleData name="ParkingSpaceLength">7.8</SimpleData>
		<SimpleData name="ParkingSpaceAngle">Parallel</SimpleData>
		<SimpleData name="SignText">Mobility Parking Only</SimpleData>
		<SimpleData name="URL">https://goo.gl/maps/pPfs3PzLynKb3jGu5</SimpleData>
		<SimpleData name="AuditDate">10/8/2023</SimpleData>
	</SchemaData></ExtendedData>
      <Point><coordinates>151.207430070907,-33.8870151854726</coordinates></Point>
  </Placemark>
  <Placemark>
	<ExtendedData><SchemaData schemaUrl="#Mobility_parking">
		<SimpleData name="OBJECTID">711</SimpleData>
		<SimpleData name="Address">139</SimpleData>
		<SimpleData name="Street">Kippax Street</SimpleData>
		<SimpleData name="Location">between Little Riley Street and Lacey Street</SimpleData>
		<SimpleData name="Suburb">Surry Hills</SimpleData>
		<SimpleData name="SideOfStreet">Southside</SimpleData>
		<SimpleData name="NumberParkingSpaces">1</SimpleData>
		<SimpleData name="ParkingSpaceWidth">3.2</SimpleData>
		<SimpleData name="ParkingSpaceLength">7.8</SimpleData>
		<SimpleData name="ParkingSpaceAngle">Parallel</SimpleData>
		<SimpleData name="SignText">Mobility Parking Only</SimpleData>
		<SimpleData name="URL">https://goo.gl/maps/eyTBEZfqaAyqMgtf8</SimpleData>
		<SimpleData name="AuditDate">10/8/2023</SimpleData>
	</SchemaData></ExtendedData>
      <Point><coordinates>151.211966945936,-33.8857215218734</coordinates></Point>
  </Placemark>
  <Placemark>
	<ExtendedData><SchemaData schemaUrl="#Mobility_parking">
		<SimpleData name="OBJECTID">713</SimpleData>
		<SimpleData name="Address">405</SimpleData>
		<SimpleData name="Street">Crown Street</SimpleData>
		<SimpleData name="Location">between Withers Lane and Foveaux Street</SimpleData>
		<SimpleData name="Suburb">Surry Hills</SimpleData>
		<SimpleData name="SideOfStreet">Westside</SimpleData>
		<SimpleData name="NumberParkingSpaces">1</SimpleData>
		<SimpleData name="ParkingSpaceWidth">3.2</SimpleData>
		<SimpleData name="ParkingSpaceLength">7.8</SimpleData>
		<SimpleData name="ParkingSpaceAngle">Parallel</SimpleData>
		<SimpleData name="SignText">Mobility Parking Only</SimpleData>
		<SimpleData name="URL">https://goo.gl/maps/Y5PJ21WxZ8pyrT2AA</SimpleData>
		<SimpleData name="AuditDate">10/8/2023</SimpleData>
	</SchemaData></ExtendedData>
      <Point><coordinates>151.21377357177,-33.885955183978</coordinates></Point>
  </Placemark>
  <Placemark>
	<ExtendedData><SchemaData schemaUrl="#Mobility_parking">
		<SimpleData name="OBJECTID">714</SimpleData>
		<SimpleData name="Address">6</SimpleData>
		<SimpleData name="Street">Chapman Lane</SimpleData>
		<SimpleData name="Location">between Phelps Street and No Through Road</SimpleData>
		<SimpleData name="Suburb">Surry Hills</SimpleData>
		<SimpleData name="SideOfStreet">Eastside</SimpleData>
		<SimpleData name="NumberParkingSpaces">1</SimpleData>
		<SimpleData name="ParkingSpaceWidth">3.2</SimpleData>
		<SimpleData name="ParkingSpaceLength">7.8</SimpleData>
		<SimpleData name="ParkingSpaceAngle">Parallel</SimpleData>
		<SimpleData name="SignText">Mobility Parking Only</SimpleData>
		<SimpleData name="URL">https://goo.gl/maps/BwAeEwPKZerMwQUX6</SimpleData>
		<SimpleData name="AuditDate">10/8/2023</SimpleData>
	</SchemaData></ExtendedData>
      <Point><coordinates>151.217336071645,-33.8872306836238</coordinates></Point>
  </Placemark>
  <Placemark>
	<ExtendedData><SchemaData schemaUrl="#Mobility_parking">
		<SimpleData name="OBJECTID">715</SimpleData>
		<SimpleData name="Address">147</SimpleData>
		<SimpleData name="Street">Reservoir Street</SimpleData>
		<SimpleData name="Location">between Riley Street and Crown Street</SimpleData>
		<SimpleData name="Suburb">Surry Hills</SimpleData>
		<SimpleData name="SideOfStreet">Southside</SimpleData>
		<SimpleData name="NumberParkingSpaces">1</SimpleData>
		<SimpleData name="ParkingSpaceWidth">3.2</SimpleData>
		<SimpleData name="ParkingSpaceLength">7.8</SimpleData>
		<SimpleData name="ParkingSpaceAngle">Parallel</SimpleData>
		<SimpleData name="SignText">Mobility Parking Only</SimpleData>
		<SimpleData name="URL">https://goo.gl/maps/Vy77mC5M7vrjo4Nb9</SimpleData>
		<SimpleData name="AuditDate">10/8/2023</SimpleData>
	</SchemaData></ExtendedData>
      <Point><coordinates>151.213729071396,-33.881650184562</coordinates></Point>
  </Placemark>
  <Placemark>
	<ExtendedData><SchemaData schemaUrl="#Mobility_parking">
		<SimpleData name="OBJECTID">716</SimpleData>
		<SimpleData name="Address">100</SimpleData>
		<SimpleData name="Street">Campbell Street</SimpleData>
		<SimpleData name="Location">between Mary Street and Beauchamp Lane</SimpleData>
		<SimpleData name="Suburb">Surry Hills</SimpleData>
		<SimpleData name="SideOfStreet">Southside</SimpleData>
		<SimpleData name="NumberParkingSpaces">1</SimpleData>
		<SimpleData name="ParkingSpaceWidth">3.2</SimpleData>
		<SimpleData name="ParkingSpaceLength">7.8</SimpleData>
		<SimpleData name="ParkingSpaceAngle">Parallel</SimpleData>
		<SimpleData name="SignText">Mobility Parking Only</SimpleData>
		<SimpleData name="URL">https://goo.gl/maps/8if4RKhnxAKQMm4u7</SimpleData>
		<SimpleData name="AuditDate">10/8/2023</SimpleData>
	</SchemaData></ExtendedData>
      <Point><coordinates>151.210456570676,-33.8802641853433</coordinates></Point>
  </Placemark>
  <Placemark>
	<ExtendedData><SchemaData schemaUrl="#Mobility_parking">
		<SimpleData name="OBJECTID">717</SimpleData>
		<SimpleData name="Address">9</SimpleData>
		<SimpleData name="Street">Iris Street</SimpleData>
		<SimpleData name="Location">between Albion Street and Bartlett Lane</SimpleData>
		<SimpleData name="Suburb">Paddington</SimpleData>
		<SimpleData name="SideOfStreet">Eastside</SimpleData>
		<SimpleData name="NumberParkingSpaces">1</SimpleData>
		<SimpleData name="ParkingSpaceWidth">3.2</SimpleData>
		<SimpleData name="ParkingSpaceLength">7.8</SimpleData>
		<SimpleData name="ParkingSpaceAngle">Parallel</SimpleData>
		<SimpleData name="SignText">Mobility Parking Only</SimpleData>
		<SimpleData name="URL">https://goo.gl/maps/raZfuJmu3hrcRL4J6</SimpleData>
		<SimpleData name="AuditDate">10/8/2023</SimpleData>
	</SchemaData></ExtendedData>
      <Point><coordinates>151.220119571769,-33.8850191839708</coordinates></Point>
  </Placemark>
  <Placemark>
	<ExtendedData><SchemaData schemaUrl="#Mobility_parking">
		<SimpleData name="OBJECTID">719</SimpleData>
		<SimpleData name="Address">38</SimpleData>
		<SimpleData name="Street">Stewart Street</SimpleData>
		<SimpleData name="Location">between Bent Street and Stewart Place</SimpleData>
		<SimpleData name="Suburb">Paddington</SimpleData>
		<SimpleData name="SideOfStreet">Southside</SimpleData>
		<SimpleData name="NumberParkingSpaces">1</SimpleData>
		<SimpleData name="ParkingSpaceWidth">3.2</SimpleData>
		<SimpleData name="ParkingSpaceLength">7.8</SimpleData>
		<SimpleData name="ParkingSpaceAngle">Parallel</SimpleData>
		<SimpleData name="SignText">Mobility Parking Only</SimpleData>
		<SimpleData name="URL">https://goo.gl/maps/BYj6j3DkKE4okHmm9</SimpleData>
		<SimpleData name="AuditDate">10/8/2023</SimpleData>
	</SchemaData></ExtendedData>
      <Point><coordinates>151.228853721092,-33.8881706880575</coordinates></Point>
  </Placemark>
  <Placemark>
	<ExtendedData><SchemaData schemaUrl="#Mobility_parking">
		<SimpleData name="OBJECTID">720</SimpleData>
		<SimpleData name="Address">91</SimpleData>
		<SimpleData name="Street">Stewart Street</SimpleData>
		<SimpleData name="Location">between Stewart Place and Gordon Street</SimpleData>
		<SimpleData name="Suburb">Paddington</SimpleData>
		<SimpleData name="SideOfStreet">Southside</SimpleData>
		<SimpleData name="NumberParkingSpaces">1</SimpleData>
		<SimpleData name="ParkingSpaceWidth">3.2</SimpleData>
		<SimpleData name="ParkingSpaceLength">7.8</SimpleData>
		<SimpleData name="ParkingSpaceAngle">Parallel</SimpleData>
		<SimpleData name="SignText">Mobility Parking Only</SimpleData>
		<SimpleData name="URL">https://goo.gl/maps/r6sZtCz9e3pQgpNc7</SimpleData>
		<SimpleData name="AuditDate">10/8/2023</SimpleData>
	</SchemaData></ExtendedData>
      <Point><coordinates>151.22977472854,-33.8882844803219</coordinates></Point>
  </Placemark>
  <Placemark>
	<ExtendedData><SchemaData schemaUrl="#Mobility_parking">
		<SimpleData name="OBJECTID">721</SimpleData>
		<SimpleData name="Address">13</SimpleData>
		<SimpleData name="Street">Gordon Streetq</SimpleData>
		<SimpleData name="Location">between Elizabeth Street and Regent Street</SimpleData>
		<SimpleData name="Suburb">Paddington</SimpleData>
		<SimpleData name="SideOfStreet">Eastside</SimpleData>
		<SimpleData name="NumberParkingSpaces">1</SimpleData>
		<SimpleData name="ParkingSpaceWidth">3.2</SimpleData>
		<SimpleData name="ParkingSpaceLength">7.8</SimpleData>
		<SimpleData name="ParkingSpaceAngle">Parallel</SimpleData>
		<SimpleData name="SignText">Mobility Parking Only</SimpleData>
		<SimpleData name="URL">https://goo.gl/maps/WTf12sdA6dGX7RK79</SimpleData>
		<SimpleData name="AuditDate">10/8/2023</SimpleData>
	</SchemaData></ExtendedData>
      <Point><coordinates>151.229271692882,-33.8874592993472</coordinates></Point>
  </Placemark>
  <Placemark>
	<ExtendedData><SchemaData schemaUrl="#Mobility_parking">
		<SimpleData name="OBJECTID">722</SimpleData>
		<SimpleData name="Address">20</SimpleData>
		<SimpleData name="Street">Leichhardt Street</SimpleData>
		<SimpleData name="Location">between Barcom Avenue and Boundary Street</SimpleData>
		<SimpleData name="Suburb">Paddington</SimpleData>
		<SimpleData name="SideOfStreet">Eastside</SimpleData>
		<SimpleData name="NumberParkingSpaces">3</SimpleData>
		<SimpleData name="ParkingSpaceWidth">9.6</SimpleData>
		<SimpleData name="ParkingSpaceLength">7.8</SimpleData>
		<SimpleData name="ParkingSpaceAngle">60-degree</SimpleData>
		<SimpleData name="SignText">Mobility Parking Only</SimpleData>
		<SimpleData name="URL">https://goo.gl/maps/KaWvSGC6XniguWfk6</SimpleData>
		<SimpleData name="AuditDate">10/8/2023</SimpleData>
	</SchemaData></ExtendedData>
      <Point><coordinates>151.222417072393,-33.8804520791571</coordinates></Point>
  </Placemark>
  <Placemark>
	<ExtendedData><SchemaData schemaUrl="#Mobility_parking">
		<SimpleData name="OBJECTID">723</SimpleData>
		<SimpleData name="Address">23</SimpleData>
		<SimpleData name="Street">Craigend Street</SimpleData>
		<SimpleData name="Location">between Royston Street and Nimroad Street</SimpleData>
		<SimpleData name="Suburb">Darlinghurst</SimpleData>
		<SimpleData name="SideOfStreet">Eastside</SimpleData>
		<SimpleData name="NumberParkingSpaces">1</SimpleData>
		<SimpleData name="ParkingSpaceWidth">3.2</SimpleData>
		<SimpleData name="ParkingSpaceLength">7.8</SimpleData>
		<SimpleData name="ParkingSpaceAngle">Parallel</SimpleData>
		<SimpleData name="SignText">Mobility Parking Only</SimpleData>
		<SimpleData name="URL">https://goo.gl/maps/kmWg2HSDARbDv61m6</SimpleData>
		<SimpleData name="AuditDate">10/8/2023</SimpleData>
	</SchemaData></ExtendedData>
      <Point><coordinates>151.222827070928,-33.8763980494996</coordinates></Point>
  </Placemark>
  <Placemark>
	<ExtendedData><SchemaData schemaUrl="#Mobility_parking">
		<SimpleData name="OBJECTID">724</SimpleData>
		<SimpleData name="Address">137</SimpleData>
		<SimpleData name="Street">Palmer Street</SimpleData>
		<SimpleData name="Location">between Stanley Street and Barnett Lane</SimpleData>
		<SimpleData name="Suburb">Darlinghurst</SimpleData>
		<SimpleData name="SideOfStreet">Westside</SimpleData>
		<SimpleData name="NumberParkingSpaces">2</SimpleData>
		<SimpleData name="ParkingSpaceWidth">3.2</SimpleData>
		<SimpleData name="ParkingSpaceLength">15.6</SimpleData>
		<SimpleData name="ParkingSpaceAngle">Parallel</SimpleData>
		<SimpleData name="SignText">Mobility Parking Only</SimpleData>
		<SimpleData name="URL">https://goo.gl/maps/WF4FiJM3MfKiVsCF9</SimpleData>
		<SimpleData name="AuditDate">10/8/2023</SimpleData>
	</SchemaData></ExtendedData>
      <Point><coordinates>151.21698857022,-33.8751006849714</coordinates></Point>
  </Placemark>
  <Placemark>
	<ExtendedData><SchemaData schemaUrl="#Mobility_parking">
		<SimpleData name="OBJECTID">725</SimpleData>
		<SimpleData name="Address">6</SimpleData>
		<SimpleData name="Street">Waratah Street</SimpleData>
		<SimpleData name="Location">between Roslyn Gardens and Queens Avenue</SimpleData>
		<SimpleData name="Suburb">Rushcutters Bay</SimpleData>
		<SimpleData name="SideOfStreet">Westside</SimpleData>
		<SimpleData name="NumberParkingSpaces">1</SimpleData>
		<SimpleData name="ParkingSpaceWidth">3.2</SimpleData>
		<SimpleData name="ParkingSpaceLength">7.8</SimpleData>
		<SimpleData name="ParkingSpaceAngle">Parallel</SimpleData>
		<SimpleData name="SignText">Mobility Parking Only</SimpleData>
		<SimpleData name="URL">https://goo.gl/maps/9sufGAukZVP2KM6U9</SimpleData>
		<SimpleData name="AuditDate">10/8/2023</SimpleData>
	</SchemaData></ExtendedData>
      <Point><coordinates>151.228347072319,-33.874035183287</coordinates></Point>
  </Placemark>
  <Placemark>
	<ExtendedData><SchemaData schemaUrl="#Mobility_parking">
		<SimpleData name="OBJECTID">726</SimpleData>
		<SimpleData name="Address">16</SimpleData>
		<SimpleData name="Street">Roslyn Gardens</SimpleData>
		<SimpleData name="Location">between Waratah Street and Evans Road</SimpleData>
		<SimpleData name="Suburb">Rushcutters Bay</SimpleData>
		<SimpleData name="SideOfStreet">Eastside</SimpleData>
		<SimpleData name="NumberParkingSpaces">1</SimpleData>
		<SimpleData name="ParkingSpaceWidth">3.2</SimpleData>
		<SimpleData name="ParkingSpaceLength">7.8</SimpleData>
		<SimpleData name="ParkingSpaceAngle">Parallel</SimpleData>
		<SimpleData name="SignText">Mobility Parking Only</SimpleData>
		<SimpleData name="URL">https://goo.gl/maps/ZoqdeSng64Ev3Q5H7</SimpleData>
		<SimpleData name="AuditDate">10/8/2023</SimpleData>
	</SchemaData></ExtendedData>
      <Point><coordinates>151.227959571376,-33.8728896835537</coordinates></Point>
  </Placemark>
  <Placemark>
	<ExtendedData><SchemaData schemaUrl="#Mobility_parking">
		<SimpleData name="OBJECTID">727</SimpleData>
		<SimpleData name="Address">81</SimpleData>
		<SimpleData name="Street">Elizabeth Bay Road</SimpleData>
		<SimpleData name="Location">between Holdsworth Avenue and Elizabeth Bay Crescent</SimpleData>
		<SimpleData name="Suburb">Elizabeth Bay</SimpleData>
		<SimpleData name="SideOfStreet">Eastside</SimpleData>
		<SimpleData name="NumberParkingSpaces">1</SimpleData>
		<SimpleData name="ParkingSpaceWidth">3.2</SimpleData>
		<SimpleData name="ParkingSpaceLength">7.8</SimpleData>
		<SimpleData name="ParkingSpaceAngle">Parallel</SimpleData>
		<SimpleData name="SignText">Mobility Parking Only</SimpleData>
		<SimpleData name="URL">https://goo.gl/maps/2kSy9QbwXuRt79QWA</SimpleData>
		<SimpleData name="AuditDate">10/8/2023</SimpleData>
	</SchemaData></ExtendedData>
      <Point><coordinates>151.229921072457,-33.8721016835222</coordinates></Point>
  </Placemark>
  <Placemark>
	<ExtendedData><SchemaData schemaUrl="#Mobility_parking">
		<SimpleData name="OBJECTID">728</SimpleData>
		<SimpleData name="Address">7</SimpleData>
		<SimpleData name="Street">Onslow Place</SimpleData>
		<SimpleData name="Location">between Onslow Avenue and Onslow Avenue</SimpleData>
		<SimpleData name="Suburb">Elizabeth Bay</SimpleData>
		<SimpleData name="SideOfStreet">Northside</SimpleData>
		<SimpleData name="NumberParkingSpaces">1</SimpleData>
		<SimpleData name="ParkingSpaceWidth">3.2</SimpleData>
		<SimpleData name="ParkingSpaceLength">7.8</SimpleData>
		<SimpleData name="ParkingSpaceAngle">Parallel</SimpleData>
		<SimpleData name="SignText">Mobility Parking Only</SimpleData>
		<SimpleData name="URL">https://goo.gl/maps/iLRM7KngpguhuwEw6</SimpleData>
		<SimpleData name="AuditDate">11/8/2023</SimpleData>
	</SchemaData></ExtendedData>
      <Point><coordinates>151.226455571107,-33.8702956839704</coordinates></Point>
  </Placemark>
  <Placemark>
	<ExtendedData><SchemaData schemaUrl="#Mobility_parking">
		<SimpleData name="OBJECTID">729</SimpleData>
		<SimpleData name="Address">57</SimpleData>
		<SimpleData name="Street">Lucas Street</SimpleData>
		<SimpleData name="Location">between Missenden Road and Church Street</SimpleData>
		<SimpleData name="Suburb">Camperdown</SimpleData>
		<SimpleData name="SideOfStreet">Northside</SimpleData>
		<SimpleData name="NumberParkingSpaces">3</SimpleData>
		<SimpleData name="ParkingSpaceWidth">3.2</SimpleData>
		<SimpleData name="ParkingSpaceLength">23.4</SimpleData>
		<SimpleData name="ParkingSpaceAngle">Parallel</SimpleData>
		<SimpleData name="SignText">Mobility Parking Only Monday to Friday, 8am to 6pm</SimpleData>
		<SimpleData name="URL">https://goo.gl/maps/DcQAV6SxbkibtSbP9</SimpleData>
		<SimpleData name="AuditDate">11/8/2023</SimpleData>
	</SchemaData></ExtendedData>
      <Point><coordinates>151.180291067752,-33.8886581884863</coordinates></Point>
  </Placemark>
  <Placemark>
	<ExtendedData><SchemaData schemaUrl="#Mobility_parking">
		<SimpleData name="OBJECTID">730</SimpleData>
		<SimpleData name="Address">15</SimpleData>
		<SimpleData name="Street">Harcourt Parade</SimpleData>
		<SimpleData name="Location">east of Durdans Ave</SimpleData>
		<SimpleData name="Suburb">Rosebery</SimpleData>
		<SimpleData name="SideOfStreet">Eastside</SimpleData>
		<SimpleData name="NumberParkingSpaces">1</SimpleData>
		<SimpleData name="ParkingSpaceWidth">3.2</SimpleData>
		<SimpleData name="ParkingSpaceLength">7.8</SimpleData>
		<SimpleData name="ParkingSpaceAngle">Parallel</SimpleData>
		<SimpleData name="SignText">Mobility Parking Only</SimpleData>
		<SimpleData name="URL">https://maps.app.goo.gl/BPQp6SDhr8xbx5b57</SimpleData>
		<SimpleData name="AuditDate">20/07/2023</SimpleData>
	</SchemaData></ExtendedData>
      <Point><coordinates>151.200215963072,-33.919873122576</coordinates></Point>
  </Placemark>
  <Placemark>
	<ExtendedData><SchemaData schemaUrl="#Mobility_parking">
		<SimpleData name="OBJECTID">732</SimpleData>
		<SimpleData name="Address">118</SimpleData>
		<SimpleData name="Street">Harrington Street</SimpleData>
		<SimpleData name="Location">south of Essex Street</SimpleData>
		<SimpleData name="Suburb">The Rocks</SimpleData>
		<SimpleData name="SideOfStreet">Eastside</SimpleData>
		<SimpleData name="NumberParkingSpaces">2</SimpleData>
		<SimpleData name="ParkingSpaceWidth">3.2</SimpleData>
		<SimpleData name="ParkingSpaceLength">15.6</SimpleData>
		<SimpleData name="ParkingSpaceAngle">Parallel</SimpleData>
		<SimpleData name="SignText">Mobility Parking Only</SimpleData>
		<SimpleData name="URL">https://maps.app.goo.gl/hE8yYkxB8pdqWMVU8</SimpleData>
		<SimpleData name="AuditDate">20/07/2023</SimpleData>
	</SchemaData></ExtendedData>
      <Point><coordinates>151.206875582623,-33.8624139388022</coordinates></Point>
  </Placemark>
  <Placemark>
	<ExtendedData><SchemaData schemaUrl="#Mobility_parking">
		<SimpleData name="OBJECTID">733</SimpleData>
		<SimpleData name="Street">Hickson Road</SimpleData>
		<SimpleData name="Location">west of Sydney Harbour Bridge</SimpleData>
		<SimpleData name="Suburb">Dawes Point</SimpleData>
		<SimpleData name="SideOfStreet">Southside</SimpleData>
		<SimpleData name="NumberParkingSpaces">2</SimpleData>
		<SimpleData name="ParkingSpaceWidth">3.2</SimpleData>
		<SimpleData name="ParkingSpaceLength">15.6</SimpleData>
		<SimpleData name="ParkingSpaceAngle">Parallel</SimpleData>
		<SimpleData name="SignText">Mobility Parking Only</SimpleData>
		<SimpleData name="URL">https://maps.app.goo.gl/Gp9CPdig7PewTmQr9</SimpleData>
		<SimpleData name="AuditDate">20/07/2023</SimpleData>
	</SchemaData></ExtendedData>
      <Point><coordinates>151.208977748517,-33.8540089202507</coordinates></Point>
  </Placemark>
  <Placemark>
	<ExtendedData><SchemaData schemaUrl="#Mobility_parking">
		<SimpleData name="OBJECTID">734</SimpleData>
		<SimpleData name="Street">Park Road</SimpleData>
		<SimpleData name="Location">north of Power Avenue</SimpleData>
		<SimpleData name="Suburb">Alexandria</SimpleData>
		<SimpleData name="SideOfStreet">Eastside</SimpleData>
		<SimpleData name="NumberParkingSpaces">2</SimpleData>
		<SimpleData name="ParkingSpaceWidth">3.2</SimpleData>
		<SimpleData name="ParkingSpaceLength">12.8</SimpleData>
		<SimpleData name="ParkingSpaceAngle">Parallel</SimpleData>
		<SimpleData name="SignText">Mobility Parking  8-9:30am, 2:30-4pm Mon-Fri &amp; 2P 9:30am-2:30pm, 4-6pm Mon-Fri</SimpleData>
		<SimpleData name="URL">https://maps.app.goo.gl/jN8tZZhMw1WyHVoFA</SimpleData>
		<SimpleData name="AuditDate">17/08/2023</SimpleData>
	</SchemaData></ExtendedData>
      <Point><coordinates>151.196640544348,-33.9008596797199</coordinates></Point>
  </Placemark>
  <Placemark>
	<ExtendedData><SchemaData schemaUrl="#Mobility_parking">
		<SimpleData name="OBJECTID">735</SimpleData>
		<SimpleData name="Street">Power Avenue</SimpleData>
		<SimpleData name="Location">south of Park Road</SimpleData>
		<SimpleData name="Suburb">Alexandria</SimpleData>
		<SimpleData name="SideOfStreet">Southside</SimpleData>
		<SimpleData name="NumberParkingSpaces">1</SimpleData>
		<SimpleData name="ParkingSpaceWidth">3.2</SimpleData>
		<SimpleData name="ParkingSpaceLength">8.4</SimpleData>
		<SimpleData name="ParkingSpaceAngle">Parallel</SimpleData>
		<SimpleData name="SignText">Mobility Parking  8-9:30am, 2:30-4pm Mon-Fri &amp; 2P 9:30am-2:30pm, 4-6pm Mon-Fri</SimpleData>
		<SimpleData name="URL">https://maps.app.goo.gl/LzK3CpQTeqXdMtyV7</SimpleData>
		<SimpleData name="AuditDate">17/08/2023</SimpleData>
	</SchemaData></ExtendedData>
      <Point><coordinates>151.196832885312,-33.9012198623421</coordinates></Point>
  </Placemark>
</Folder>
</Document></kml>
