<?xml version="1.0" encoding="utf-8" ?>
<kml xmlns="http://www.opengis.net/kml/2.2">
<Document id="root_doc">
<Schema name="Navability_routes" id="Navability_routes">
	<SimpleField name="OBJECTID" type="int"></SimpleField>
	<SimpleField name="Effort" type="string"></SimpleField>
	<SimpleField name="TravelDirection" type="string"></SimpleField>
	<SimpleField name="Shape__Length" type="float"></SimpleField>
</Schema>
<Folder><name>Navability_routes</name>
  <Placemark>
	<name>Glebe Foreshore</name>
	<Style><LineStyle><color>ff0000ff</color></LineStyle><PolyStyle><fill>0</fill></PolyStyle></Style>
	<ExtendedData><SchemaData schemaUrl="#Navability_routes">
		<SimpleData name="OBJECTID">55</SimpleData>
		<SimpleData name="Effort">Easy</SimpleData>
		<SimpleData name="TravelDirection">Both</SimpleData>
		<SimpleData name="Shape__Length">254.54881612173</SimpleData>
	</SchemaData></ExtendedData>
      <LineString><coordinates>151.176741444937,-33.8828364652242 151.176635290395,-33.8827771709086 151.176529384939,-33.8827180163531 151.176403690542,-33.8826381101388 151.176269316009,-33.8825527036308 151.176265468685,-33.8825481578241 151.176264728604,-33.88254523877 151.176264889942,-33.8825422311679 151.176265939317,-33.8825394080453 151.176292629085,-33.8824913656655 151.176316743101,-33.8824479624382 151.176317933183,-33.8824442685192 151.176317628501,-33.8824403991717 151.176310475268,-33.8824149671234 151.176301868767,-33.8823843637471 151.176300902349,-33.8823820716544 151.176247975273,-33.8822903921419 151.176195113961,-33.8821988281015 151.176194078384,-33.8821962806946 151.176173996981,-33.8821169038706 151.176154527743,-33.8820399554633 151.176154226415,-33.8820377570799 151.176151386537,-33.8819260252293 151.176146149871,-33.8817872716605 151.176138492982,-33.8816213787992 151.176133257433,-33.8814826243391 151.176133046615,-33.8814809989959 151.176087270542,-33.8812664043027 151.17604139227,-33.8810513382721 151.176018345059,-33.880929893934 151.175995518565,-33.8808096124906 151.175991737143,-33.8807896876576</coordinates></LineString>
  </Placemark>
  <Placemark>
	<name>Glebe Foreshore</name>
	<Style><LineStyle><color>ff0000ff</color></LineStyle><PolyStyle><fill>0</fill></PolyStyle></Style>
	<ExtendedData><SchemaData schemaUrl="#Navability_routes">
		<SimpleData name="OBJECTID">56</SimpleData>
		<SimpleData name="Effort">Easy</SimpleData>
		<SimpleData name="TravelDirection">Both</SimpleData>
		<SimpleData name="Shape__Length">27.782410099325</SimpleData>
	</SchemaData></ExtendedData>
      <LineString><coordinates>151.175710379325,-33.880836252125 151.175704044681,-33.8808376831301 151.175668736098,-33.8808506004935 151.175635112062,-33.8808629025672 151.175630289185,-33.8808666535825 151.175605500661,-33.8809029500408 151.175580532423,-33.8809395107449 151.175575165065,-33.8809434448603 151.175527856886,-33.880957726397 151.175477170013,-33.8809730273211</coordinates></LineString>
  </Placemark>
  <Placemark>
	<name>Glebe Foreshore</name>
	<Style><LineStyle><color>ff0000ff</color></LineStyle><PolyStyle><fill>0</fill></PolyStyle></Style>
	<ExtendedData><SchemaData schemaUrl="#Navability_routes">
		<SimpleData name="OBJECTID">57</SimpleData>
		<SimpleData name="Effort">Easy</SimpleData>
		<SimpleData name="TravelDirection">Both</SimpleData>
		<SimpleData name="Shape__Length">26.5395281451489</SimpleData>
	</SchemaData></ExtendedData>
      <LineString><coordinates>151.175710379325,-33.880836252125 151.175724963902,-33.8808329567945 151.175756668474,-33.8808277815332 151.175821682244,-33.8808171670986 151.175853387886,-33.880811991828 151.175918401634,-33.8808013773415 151.175981811833,-33.880791025824 151.175991737143,-33.8807896876576</coordinates></LineString>
  </Placemark>
  <Placemark>
	<name>Glebe Foreshore</name>
	<Style><LineStyle><color>ff0000ff</color></LineStyle><PolyStyle><fill>0</fill></PolyStyle></Style>
	<ExtendedData><SchemaData schemaUrl="#Navability_routes">
		<SimpleData name="OBJECTID">58</SimpleData>
		<SimpleData name="Effort">Easy</SimpleData>
		<SimpleData name="TravelDirection">Both</SimpleData>
		<SimpleData name="Shape__Length">126.893668048575</SimpleData>
	</SchemaData></ExtendedData>
      <LineString><coordinates>151.175710379325,-33.880836252125 151.175713395772,-33.880815891442 151.17571717213,-33.8807904093387 151.17571994749,-33.8807716727162 151.175720049204,-33.8807698409954 151.175716224351,-33.8806655996756 151.175712446723,-33.8805626440262 151.175700028015,-33.880449663841 151.175687635541,-33.8803371790945 151.175687576731,-33.8803359807192 151.175689481487,-33.8801515454863 151.175691414218,-33.879965744534 151.175698049112,-33.8798577076297 151.17570474391,-33.8797486842103 151.175704939058,-33.8797472371106 151.175708689355,-33.8797294238747 151.175714276355,-33.8797028846998 151.175716657154,-33.8796949576418</coordinates></LineString>
  </Placemark>
  <Placemark>
	<name>Glebe Foreshore</name>
	<Style><LineStyle><color>ff0000ff</color></LineStyle><PolyStyle><fill>0</fill></PolyStyle></Style>
	<ExtendedData><SchemaData schemaUrl="#Navability_routes">
		<SimpleData name="OBJECTID">59</SimpleData>
		<SimpleData name="Effort">Moderate</SimpleData>
		<SimpleData name="TravelDirection">Both</SimpleData>
		<SimpleData name="Shape__Length">50.230623680093</SimpleData>
	</SchemaData></ExtendedData>
      <LineString><coordinates>151.176481334063,-33.880611532596 151.176442515033,-33.8806299943792 151.176404548398,-33.8806480278221 151.176327874967,-33.8806906239977 151.176250688345,-33.880733504687 151.176249040285,-33.8807342341338 151.176191638066,-33.880753676779 151.176132344241,-33.8807737595707 151.176130226017,-33.8807742286659 151.176071164655,-33.8807807004732 151.176001661391,-33.8807883485729 151.175991737143,-33.8807896876576</coordinates></LineString>
  </Placemark>
  <Placemark>
	<name>Glebe Foreshore</name>
	<Style><LineStyle><color>ff0000ff</color></LineStyle><PolyStyle><fill>0</fill></PolyStyle></Style>
	<ExtendedData><SchemaData schemaUrl="#Navability_routes">
		<SimpleData name="OBJECTID">60</SimpleData>
		<SimpleData name="Effort">Moderate</SimpleData>
		<SimpleData name="TravelDirection">Both</SimpleData>
		<SimpleData name="Shape__Length">23.5338136596855</SimpleData>
	</SchemaData></ExtendedData>
      <LineString><coordinates>151.175716657154,-33.8796949576418 151.175472816568,-33.8796344849838</coordinates></LineString>
  </Placemark>
  <Placemark>
	<name>Glebe Foreshore</name>
	<Style><LineStyle><color>ff0000ff</color></LineStyle><PolyStyle><fill>0</fill></PolyStyle></Style>
	<ExtendedData><SchemaData schemaUrl="#Navability_routes">
		<SimpleData name="OBJECTID">61</SimpleData>
		<SimpleData name="Effort">Easy</SimpleData>
		<SimpleData name="TravelDirection">Both</SimpleData>
		<SimpleData name="Shape__Length">144.257226698464</SimpleData>
	</SchemaData></ExtendedData>
      <LineString><coordinates>151.175716657154,-33.8796949576418 151.175720036335,-33.8796837071476 151.175768294856,-33.8795648996308 151.175813668644,-33.8794528006572 151.175839521636,-33.8793715133979 151.175865226241,-33.8792905918419 151.175865795726,-33.8792891827484 151.175938272774,-33.8791453103102 151.176021476118,-33.8789772326827 151.176093952619,-33.8788333601298 151.176155916259,-33.8787132449748 151.176156398984,-33.8787121529075 151.176174075545,-33.8786647083485 151.176192036526,-33.878616497014 151.176193378898,-33.8786140262982 151.176234657951,-33.8785584260557 151.176282060563,-33.878494641243 151.176286855641,-33.8784891918187</coordinates></LineString>
  </Placemark>
  <Placemark>
	<name>Glebe Foreshore</name>
	<Style><LineStyle><color>ff0000ff</color></LineStyle><PolyStyle><fill>0</fill></PolyStyle></Style>
	<ExtendedData><SchemaData schemaUrl="#Navability_routes">
		<SimpleData name="OBJECTID">62</SimpleData>
		<SimpleData name="Effort">Easy</SimpleData>
		<SimpleData name="TravelDirection">Both</SimpleData>
		<SimpleData name="Shape__Length">75.0197948097481</SimpleData>
	</SchemaData></ExtendedData>
      <LineString><coordinates>151.176997772896,-33.8787586198421 151.176911668872,-33.8787614275297 151.17682368563,-33.8787642966115 151.176820030498,-33.878763731222 151.176754999764,-33.878740778859 151.176693273019,-33.8787189926233 151.176690462356,-33.8787174568396 151.17661399237,-33.8786579806919 151.176537809658,-33.878598726971 151.176535660528,-33.8785974507584 151.1764233561,-33.8785485858088 151.176306515316,-33.8784977455176 151.176286855641,-33.8784891918187</coordinates></LineString>
  </Placemark>
  <Placemark>
	<name>Glebe Foreshore</name>
	<Style><LineStyle><color>ff0000ff</color></LineStyle><PolyStyle><fill>0</fill></PolyStyle></Style>
	<ExtendedData><SchemaData schemaUrl="#Navability_routes">
		<SimpleData name="OBJECTID">63</SimpleData>
		<SimpleData name="Effort">Easy</SimpleData>
		<SimpleData name="TravelDirection">Both</SimpleData>
		<SimpleData name="Shape__Length">259.184286944676</SimpleData>
	</SchemaData></ExtendedData>
      <LineString><coordinates>151.176286855641,-33.8784891918187 151.176300734541,-33.8784734194705 151.176390091916,-33.8783777392388 151.176499072598,-33.8782609702173 151.176622770993,-33.878128516869 151.176731798811,-33.8780118394001 151.176800535877,-33.8779431031497 151.176868547247,-33.8778750856209 151.176870337569,-33.8778726467761 151.176949716015,-33.87772082783 151.177027245987,-33.8775725415187 151.177028383517,-33.8775679081038 151.177028383493,-33.8775248727669 151.177028384165,-33.8774852090299 151.177028218453,-33.8774833940884 151.176970050602,-33.8771682286556 151.176911713483,-33.8768521445186 151.176883981453,-33.8767029611616 151.176855203168,-33.8765508235531 151.176839478255,-33.8764673677919 151.176821355615,-33.8763739998243 151.176822324341,-33.8763622095398</coordinates></LineString>
  </Placemark>
  <Placemark>
	<name>Glebe Foreshore</name>
	<Style><LineStyle><color>ff0000ff</color></LineStyle><PolyStyle><fill>0</fill></PolyStyle></Style>
	<ExtendedData><SchemaData schemaUrl="#Navability_routes">
		<SimpleData name="OBJECTID">64</SimpleData>
		<SimpleData name="Effort">Easy</SimpleData>
		<SimpleData name="TravelDirection">Both</SimpleData>
		<SimpleData name="Shape__Length">98.5139969152061</SimpleData>
	</SchemaData></ExtendedData>
      <LineString><coordinates>151.177705956994,-33.8770324233775 151.177633274533,-33.876990344279 151.177560849539,-33.8769484132258 151.177503922109,-33.8769108044237 151.17744843975,-33.8768741295356 151.177405057159,-33.8768338932694 151.177364839721,-33.876796417149 151.177362794086,-33.8767937330694 151.177340799186,-33.8767516536134 151.177320265845,-33.8767123740302 151.177319316828,-33.8767096719119 151.177308164797,-33.8766529824707 151.177296968978,-33.8765960651428 151.177295800285,-33.8765929666166 151.177266477485,-33.8765425684014 151.177235875046,-33.8764899690414 151.177234880218,-33.8764885566285 151.177173779175,-33.8764166451992 151.177112375692,-33.8763443703734 151.177105113384,-33.8763353546439</coordinates></LineString>
  </Placemark>
  <Placemark>
	<name>Glebe Foreshore</name>
	<Style><LineStyle><color>ff0000ff</color></LineStyle><PolyStyle><fill>0</fill></PolyStyle></Style>
	<ExtendedData><SchemaData schemaUrl="#Navability_routes">
		<SimpleData name="OBJECTID">65</SimpleData>
		<SimpleData name="Effort">Easy</SimpleData>
		<SimpleData name="TravelDirection">Both</SimpleData>
		<SimpleData name="Shape__Length">26.3943373847235</SimpleData>
	</SchemaData></ExtendedData>
      <LineString><coordinates>151.176822324341,-33.8763622095398 151.176833315231,-33.8763579681502 151.176966480376,-33.8763473157951 151.177093704512,-33.8763371389538 151.177105113384,-33.8763353546439</coordinates></LineString>
  </Placemark>
  <Placemark>
	<name>Glebe Foreshore</name>
	<Style><LineStyle><color>ff0000ff</color></LineStyle><PolyStyle><fill>0</fill></PolyStyle></Style>
	<ExtendedData><SchemaData schemaUrl="#Navability_routes">
		<SimpleData name="OBJECTID">66</SimpleData>
		<SimpleData name="Effort">Easy</SimpleData>
		<SimpleData name="TravelDirection">Both</SimpleData>
		<SimpleData name="Shape__Length">33.9526302314278</SimpleData>
	</SchemaData></ExtendedData>
      <LineString><coordinates>151.176822324341,-33.8763622095398 151.176812301097,-33.876354660628 151.176760969401,-33.8763172885165 151.176714846842,-33.8762837077449 151.176712754328,-33.8762816532742 151.176711349623,-33.8762790796663 151.176710750152,-33.8762762095845 151.176711009039,-33.8762732899893 151.176716316399,-33.8762511768356 151.176720497916,-33.8762337576837 151.176720689685,-33.8762301310358 151.176713742028,-33.8761768654522 151.176706270199,-33.8761195793842 151.176705538428,-33.8760991505472</coordinates></LineString>
  </Placemark>
  <Placemark>
	<name>Glebe Foreshore</name>
	<Style><LineStyle><color>ff0000ff</color></LineStyle><PolyStyle><fill>0</fill></PolyStyle></Style>
	<ExtendedData><SchemaData schemaUrl="#Navability_routes">
		<SimpleData name="OBJECTID">67</SimpleData>
		<SimpleData name="Effort">Easy</SimpleData>
		<SimpleData name="TravelDirection">Both</SimpleData>
		<SimpleData name="Shape__Length">241.812919124189</SimpleData>
	</SchemaData></ExtendedData>
      <LineString><coordinates>151.176705538428,-33.8760991505472 151.176704807739,-33.876078721726 151.176706582538,-33.8760441916773 151.176708974821,-33.8759976632543 151.176710749615,-33.875963133205 151.176712468391,-33.8759297114614 151.176718734687,-33.8758078173918 151.176724729315,-33.8756912206033 151.176715219445,-33.8755275608441 151.176705689863,-33.8753645743857 151.17670576455,-33.8753626394642 151.176711272695,-33.8753222474846 151.176717010252,-33.8752801681454 151.176717311901,-33.875278744261 151.17672954241,-33.8752364102592 151.176741565324,-33.8751947882594 151.176741957526,-33.8751919030995 151.176741022654,-33.8751061819619 151.176740082547,-33.8750201478435 151.176740662237,-33.8750166820356 151.176769711243,-33.874935162264 151.176799216745,-33.8748523561513 151.176812854906,-33.8748008669072 151.176825703873,-33.8747522226793 151.176826005868,-33.8747489024486 151.176823371542,-33.8747146461799 151.176820502474,-33.8746773484877 151.176819935828,-33.874674714245 151.176804140863,-33.8746310447256 151.176788179461,-33.874586916462 151.176787733017,-33.8745852380351 151.176774344873,-33.8745087313497 151.176761276786,-33.8744340518085 151.176761129186,-33.8744320973651 151.176762987219,-33.8743515322064 151.176764900589,-33.8742685692478 151.17676535608,-33.874265808562 151.176784764164,-33.8742038859713 151.176804848274,-33.8741398110198 151.176805483514,-33.8741382559104 151.176849109999,-33.8740527840523 151.176891978274,-33.8739687996394 151.176896391482,-33.8739577077783</coordinates></LineString>
  </Placemark>
  <Placemark>
	<name>Glebe Foreshore</name>
	<Style><LineStyle><color>ff0000ff</color></LineStyle><PolyStyle><fill>0</fill></PolyStyle></Style>
	<ExtendedData><SchemaData schemaUrl="#Navability_routes">
		<SimpleData name="OBJECTID">68</SimpleData>
		<SimpleData name="Effort">Easy</SimpleData>
		<SimpleData name="TravelDirection">Both</SimpleData>
		<SimpleData name="Shape__Length">36.3393018140847</SimpleData>
	</SchemaData></ExtendedData>
      <LineString><coordinates>151.177089941797,-33.8760373101849 151.177070312605,-33.8760394904295 151.176950546675,-33.876052797557 151.176832129867,-33.8760659541089 151.176830664549,-33.8760662290903 151.176780089454,-33.8760796773959 151.17672545675,-33.8760942054102 151.176705538428,-33.8760991505472</coordinates></LineString>
  </Placemark>
  <Placemark>
	<name>Glebe Foreshore</name>
	<Style><LineStyle><color>ff0000ff</color></LineStyle><PolyStyle><fill>0</fill></PolyStyle></Style>
	<ExtendedData><SchemaData schemaUrl="#Navability_routes">
		<SimpleData name="OBJECTID">69</SimpleData>
		<SimpleData name="Effort">Easy</SimpleData>
		<SimpleData name="TravelDirection">Both</SimpleData>
		<SimpleData name="Shape__Length">33.7550614578051</SimpleData>
	</SchemaData></ExtendedData>
      <LineString><coordinates>151.177089941797,-33.8760373101849 151.177091783485,-33.8760457172735 151.177108996968,-33.8761117058728 151.177123814602,-33.8761685054906 151.177124100411,-33.8761701635042 151.177127672797,-33.8762112507681 151.177131497987,-33.8762552426575 151.177131022013,-33.8762592708814 151.177120619633,-33.8762904775005 151.177109261011,-33.8763245555211 151.177105113384,-33.8763353546439</coordinates></LineString>
  </Placemark>
  <Placemark>
	<name>Glebe Foreshore</name>
	<Style><LineStyle><color>ff0000ff</color></LineStyle><PolyStyle><fill>0</fill></PolyStyle></Style>
	<ExtendedData><SchemaData schemaUrl="#Navability_routes">
		<SimpleData name="OBJECTID">70</SimpleData>
		<SimpleData name="Effort">Moderate</SimpleData>
		<SimpleData name="TravelDirection">Both</SimpleData>
		<SimpleData name="Shape__Length">60.5204243277441</SimpleData>
	</SchemaData></ExtendedData>
      <LineString><coordinates>151.178442819651,-33.8753983887169 151.178446981798,-33.8754088139244 151.178447802735,-33.8754103716409 151.178468069939,-33.8754431113268 151.178491190535,-33.8754804595989 151.178494835518,-33.8754839373948 151.178507392098,-33.8754909122579 151.178524606067,-33.8755004763466 151.178529712358,-33.8755017313301 151.178541525884,-33.8755014506525 151.17854900968,-33.8755012718654 151.178556492376,-33.8755010939634 151.178571459947,-33.8755007372884 151.178645242881,-33.8754988932001 151.178663420735,-33.8754984595453 151.178673433352,-33.8754982216586 151.178678782002,-33.8754980942511 151.178679403681,-33.875497989825 151.17868015027,-33.875498061281 151.178701431963,-33.8755000153258 151.178707554438,-33.8755028994358 151.178715204784,-33.8755105501721 151.178715204725,-33.8755246921009 151.178707553454,-33.8755323429135 151.178701981171,-33.8755351586981 151.178670421145,-33.8755399410315 151.178669053958,-33.8755399740174 151.178663384122,-33.8755409199603 151.178657714286,-33.8755418659029 151.178643297364,-33.8755421026842 151.178628881541,-33.8755423385785 151.178570294911,-33.8755433884151 151.178555879088,-33.8755436243007 151.178548670077,-33.8755437431284 151.178541462166,-33.8755438610701 151.17853932134,-33.875544128788 151.178521150949,-33.8755484318848 151.178488904259,-33.8755560697346 151.178470733863,-33.8755603728237 151.178448706509,-33.8755848484206</coordinates></LineString>
  </Placemark>
  <Placemark>
	<name>Glebe Foreshore</name>
	<Style><LineStyle><color>ff0000ff</color></LineStyle><PolyStyle><fill>0</fill></PolyStyle></Style>
	<ExtendedData><SchemaData schemaUrl="#Navability_routes">
		<SimpleData name="OBJECTID">71</SimpleData>
		<SimpleData name="Effort">Easy</SimpleData>
		<SimpleData name="TravelDirection">Both</SimpleData>
		<SimpleData name="Shape__Length">121.90473333207</SimpleData>
	</SchemaData></ExtendedData>
      <LineString><coordinates>151.178442819651,-33.8753983887169 151.178431084394,-33.8753964630924 151.17839542287,-33.8753835963344 151.178362143719,-33.8753704401751 151.178358911925,-33.8753697494407 151.178318518826,-33.8753679545356 151.178273555292,-33.8753661425172 151.178197629002,-33.8753775311209 151.178122081195,-33.8753888630558 151.178120912471,-33.8753889684048 151.17803080458,-33.8753918141943 151.177863128695,-33.8753946874017 151.177787426149,-33.8753946874285 151.177786137108,-33.875394604335 151.177638860977,-33.8753754772946 151.177492598341,-33.8753564813989 151.177386400148,-33.8753345046054 151.177280613782,-33.8753125843125 151.177279208067,-33.8753123957875 151.177249313847,-33.8753105277575 151.177215597004,-33.8753089106423 151.177189389785,-33.8753081359606 151.177156486634,-33.8753083145049 151.177145436986,-33.8753109039782</coordinates></LineString>
  </Placemark>
  <Placemark>
	<name>Glebe Foreshore</name>
	<Style><LineStyle><color>ff0000ff</color></LineStyle><PolyStyle><fill>0</fill></PolyStyle></Style>
	<ExtendedData><SchemaData schemaUrl="#Navability_routes">
		<SimpleData name="OBJECTID">72</SimpleData>
		<SimpleData name="Effort">Easy</SimpleData>
		<SimpleData name="TravelDirection">Both</SimpleData>
		<SimpleData name="Shape__Length">87.2981488808428</SimpleData>
	</SchemaData></ExtendedData>
      <LineString><coordinates>151.177145436986,-33.8753109039782 151.177136851511,-33.8753129158365 151.177103345788,-33.8753245979125 151.177075225922,-33.8753344029223 151.177070568171,-33.8753377786195 151.177042833991,-33.8753741202063 151.177018418245,-33.875406113134 151.17701650967,-33.8754105051962 151.177008593679,-33.8754571159947 151.176999976119,-33.8755110917072 151.1770083175,-33.875562067662 151.177016921896,-33.8756146553039 151.177036029493,-33.8757331250273 151.177055194807,-33.8758519328501 151.177070445156,-33.8759341227458 151.177087481411,-33.8760260724078 151.177089941797,-33.8760373101849</coordinates></LineString>
  </Placemark>
  <Placemark>
	<name>Glebe Foreshore</name>
	<Style><LineStyle><color>ff0000ff</color></LineStyle><PolyStyle><fill>0</fill></PolyStyle></Style>
	<ExtendedData><SchemaData schemaUrl="#Navability_routes">
		<SimpleData name="OBJECTID">73</SimpleData>
		<SimpleData name="Effort">Easy</SimpleData>
		<SimpleData name="TravelDirection">Both</SimpleData>
		<SimpleData name="Shape__Length">187.206400567059</SimpleData>
	</SchemaData></ExtendedData>
      <LineString><coordinates>151.177145436986,-33.8753109039782 151.177141681515,-33.8752922960828 151.177132868664,-33.8752482339807 151.177124333823,-33.8752063491762 151.177124195817,-33.875203333532 151.177130699245,-33.8751420134395 151.177137469015,-33.8750783365427 151.177161333575,-33.8749322946739 151.17718515342,-33.8747865208518 151.177189099957,-33.8747098568435 151.177192872289,-33.8746362994422 151.177189111524,-33.8745540108635 151.177185308432,-33.8744708154126 151.17719194273,-33.8744426207192 151.177199849522,-33.8744073581122 151.177202778276,-33.8744023201708 151.177254101621,-33.8743546627586 151.177306367796,-33.8743061319672 151.177308461182,-33.8743033666609 151.17732805623,-33.8742650109155 151.177346115291,-33.8742297957283 151.177401792953,-33.8740809458216 151.17745694413,-33.8739335606287 151.177475114983,-33.8738733112675 151.177492511177,-33.8738156312098 151.177492792393,-33.8738110500418 151.177485358988,-33.8737677973848 151.17747752909,-33.8737222457453 151.177477471498,-33.8736884081407</coordinates></LineString>
  </Placemark>
  <Placemark>
	<name>Glebe Foreshore</name>
	<Style><LineStyle><color>ff0000ff</color></LineStyle><PolyStyle><fill>0</fill></PolyStyle></Style>
	<ExtendedData><SchemaData schemaUrl="#Navability_routes">
		<SimpleData name="OBJECTID">74</SimpleData>
		<SimpleData name="Effort">Moderate</SimpleData>
		<SimpleData name="TravelDirection">Both</SimpleData>
		<SimpleData name="Shape__Length">85.5666847105178</SimpleData>
	</SchemaData></ExtendedData>
      <LineString><coordinates>151.178918954486,-33.8748852698654 151.178917524375,-33.8749000651518 151.17891090949,-33.8749228949004 151.178897580431,-33.8749689019002 151.178890965554,-33.8749917307458 151.178877636492,-33.8750377368408 151.178864407772,-33.8750833954455 151.178854233147,-33.8750905968664 151.178825845087,-33.875088974218 151.178800331341,-33.8750875166984 151.178792021355,-33.8750911675945 151.178757591992,-33.8751332475266 151.178728345887,-33.8751689918435 151.178726821037,-33.8751715599848 151.178726122536,-33.8751744649699 151.178721529619,-33.8752277401693 151.178717013948,-33.8752801273983 151.178715733228,-33.8752842302974 151.178700545659,-33.8753108071303 151.178681418015,-33.8753442789883 151.178672829863,-33.8753493171417 151.178576064925,-33.875350221745 151.178479477344,-33.8753511234847 151.178471023794,-33.8753559318681 151.178459862426,-33.8753743047005 151.178450393841,-33.8753898891488 151.178442819651,-33.8753983887169</coordinates></LineString>
  </Placemark>
  <Placemark>
	<name>Glebe Foreshore</name>
	<Style><LineStyle><color>ff0000ff</color></LineStyle><PolyStyle><fill>0</fill></PolyStyle></Style>
	<ExtendedData><SchemaData schemaUrl="#Navability_routes">
		<SimpleData name="OBJECTID">75</SimpleData>
		<SimpleData name="Effort">Moderate</SimpleData>
		<SimpleData name="TravelDirection">Both</SimpleData>
		<SimpleData name="Shape__Length">70.0980401397235</SimpleData>
	</SchemaData></ExtendedData>
      <LineString><coordinates>151.178918954486,-33.8748852698654 151.17893634254,-33.8748929978296 151.178957340798,-33.8749023301532 151.178972685461,-33.8749091505122 151.17902100121,-33.874925255659 151.179068773832,-33.8749412292197 151.17907218319,-33.8749431786792 151.179109980391,-33.8749761611878 151.179145510024,-33.8750071362626 151.179213103523,-33.875074729615 151.179280761693,-33.8751423879106 151.179376062412,-33.8752224424466 151.179472336304,-33.8753033607302</coordinates></LineString>
  </Placemark>
  <Placemark>
	<name>Glebe Foreshore</name>
	<Style><LineStyle><color>ff0000ff</color></LineStyle><PolyStyle><fill>0</fill></PolyStyle></Style>
	<ExtendedData><SchemaData schemaUrl="#Navability_routes">
		<SimpleData name="OBJECTID">76</SimpleData>
		<SimpleData name="Effort">Moderate</SimpleData>
		<SimpleData name="TravelDirection">Both</SimpleData>
		<SimpleData name="Shape__Length">64.8411208852739</SimpleData>
	</SchemaData></ExtendedData>
      <LineString><coordinates>151.178918954486,-33.8748852698654 151.178919553039,-33.8748790810809 151.17890687079,-33.8748310717901 151.178895019138,-33.8747862010984 151.178894689567,-33.8747838030173 151.178892776446,-33.8746604343266 151.178890902593,-33.8745395414808 151.178891175786,-33.8745370639413 151.178906186015,-33.8744742112074 151.178921369562,-33.8744106288233 151.178927248129,-33.8743628768146 151.17893321895,-33.8743183120039 151.178933568685,-33.8743059760096</coordinates></LineString>
  </Placemark>
  <Placemark>
	<name>Glebe Foreshore</name>
	<Style><LineStyle><color>ff0000ff</color></LineStyle><PolyStyle><fill>0</fill></PolyStyle></Style>
	<ExtendedData><SchemaData schemaUrl="#Navability_routes">
		<SimpleData name="OBJECTID">77</SimpleData>
		<SimpleData name="Effort">Easy</SimpleData>
		<SimpleData name="TravelDirection">Both</SimpleData>
		<SimpleData name="Shape__Length">130.992119131669</SimpleData>
	</SchemaData></ExtendedData>
      <LineString><coordinates>151.178933568685,-33.8743059760096 151.178924004231,-33.874299324967 151.178912590769,-33.8742879106667 151.178900613626,-33.874276924472 151.178830657512,-33.8742490184138 151.17874187467,-33.8742135866874 151.178671918682,-33.8741856796406 151.178599457785,-33.8741567616385 151.178329247904,-33.8740489694989 151.178078135642,-33.8739487534043 151.178035888071,-33.8739306402176 151.177935551566,-33.8738874281668 151.177872180308,-33.8738602583106 151.177808809092,-33.873833088423 151.177708472823,-33.8737898761936 151.177672685846,-33.8737745573619</coordinates></LineString>
  </Placemark>
  <Placemark>
	<name>Glebe Foreshore</name>
	<Style><LineStyle><color>ff0000ff</color></LineStyle><PolyStyle><fill>0</fill></PolyStyle></Style>
	<ExtendedData><SchemaData schemaUrl="#Navability_routes">
		<SimpleData name="OBJECTID">78</SimpleData>
		<SimpleData name="Effort">Easy</SimpleData>
		<SimpleData name="TravelDirection">Both</SimpleData>
		<SimpleData name="Shape__Length">135.591284637344</SimpleData>
	</SchemaData></ExtendedData>
      <LineString><coordinates>151.179098395896,-33.8735211850916 151.17880058964,-33.8736051812587 151.178511109836,-33.8736867533223 151.178445172081,-33.8736971157542 151.178377388969,-33.8737077312995 151.178176978705,-33.8737220463382 151.177976414677,-33.8737363704974 151.177918793667,-33.8737436193371 151.177843819772,-33.8737530416229 151.177786198761,-33.8737602894985 151.177711225921,-33.8737697117186 151.177672685846,-33.8737745573619</coordinates></LineString>
  </Placemark>
  <Placemark>
	<name>Glebe Foreshore</name>
	<Style><LineStyle><color>ff0000ff</color></LineStyle><PolyStyle><fill>0</fill></PolyStyle></Style>
	<ExtendedData><SchemaData schemaUrl="#Navability_routes">
		<SimpleData name="OBJECTID">79</SimpleData>
		<SimpleData name="Effort">Easy</SimpleData>
		<SimpleData name="TravelDirection">Both</SimpleData>
		<SimpleData name="Shape__Length">62.3573306659591</SimpleData>
	</SchemaData></ExtendedData>
      <LineString><coordinates>151.176896391482,-33.8739577077783 151.176908076348,-33.8739555885132 151.176935531314,-33.8739561815305 151.176962494629,-33.873956763658 151.176967711096,-33.8739554260405 151.177035369111,-33.8739163560429 151.177101338965,-33.8738782781816 151.17718794356,-33.8738345298471 151.177278569559,-33.8737887507339 151.177365173976,-33.8737450022685 151.177455799788,-33.8736992230185 151.177477471498,-33.8736884081407</coordinates></LineString>
  </Placemark>
  <Placemark>
	<name>Glebe Foreshore</name>
	<Style><LineStyle><color>ff0000ff</color></LineStyle><PolyStyle><fill>0</fill></PolyStyle></Style>
	<ExtendedData><SchemaData schemaUrl="#Navability_routes">
		<SimpleData name="OBJECTID">80</SimpleData>
		<SimpleData name="Effort">Easy</SimpleData>
		<SimpleData name="TravelDirection">Both</SimpleData>
		<SimpleData name="Shape__Length">324.700425763653</SimpleData>
	</SchemaData></ExtendedData>
      <LineString><coordinates>151.175627383919,-33.8737780921276 151.175625992428,-33.8737852087579 151.175614830807,-33.8738184527557 151.17560572958,-33.873845760483 151.175605260828,-33.8738479745158 151.175603347865,-33.8738680575987 151.175601678535,-33.87388558336 151.175601812914,-33.8738884113908 151.175609953942,-33.8739309306946 151.175618561091,-33.8739758789644 151.175619160949,-33.8739778653561 151.17564362125,-33.8740361966433 151.175668047744,-33.87409444176 151.175668679429,-33.8740966089701 151.175678761715,-33.8741550392959 151.175689087344,-33.8742148871466 151.175689822132,-33.8742172894332 151.175691133203,-33.8742194342429 151.175723953282,-33.8742604596764 151.17575807076,-33.8743031057993 151.175758651435,-33.8743039115339 151.175781602636,-33.8743392956113 151.175802796413,-33.8743719709927 151.175803935473,-33.8743743756589 151.175804398586,-33.87437699665 151.175805037177,-33.8743923473407 151.175805995024,-33.8744152989829 151.175805665356,-33.8744182923724 151.175804460678,-33.8744210518777 151.175802487916,-33.8744233283997 151.175755648852,-33.8744632272444 151.175707715294,-33.8745040593879 151.175705856542,-33.8745061599549 151.175704653397,-33.8745086949495 151.175704202019,-33.8745114638073 151.175704537334,-33.8745142479236 151.175705831863,-33.8745190994993 151.175709656119,-33.8745334450465 151.175711058007,-33.8745365037579 151.17571339455,-33.8745389243571 151.175742137735,-33.8745600593299 151.175771819724,-33.8745818854039 151.175773889653,-33.8745839314399 151.175775280638,-33.8745864868205 151.175775878405,-33.8745893334364 151.175781633617,-33.8746842587438 151.175787063952,-33.8747734216549 151.175785156617,-33.8749363875722 151.175783247045,-33.8750995590481 151.175783298553,-33.8751006941946 151.175796474036,-33.8752293993049 151.175809861581,-33.8753601797415 151.175810610605,-33.8753630817996 151.175834138054,-33.8754182819292 151.175859003067,-33.8754766191641 151.175861074514,-33.8754797121365 151.17597712401,-33.8755976347364 151.176095709245,-33.8757181340669 151.176098464949,-33.8757201136051 151.176298009268,-33.8758171148129 151.176503031438,-33.8759167793723 151.176507641735,-33.8759213761434 151.176508583057,-33.8759245398426 151.176508443693,-33.8759278372307 151.17650344193,-33.8759515401518 151.176483058455,-33.8760481380091 151.176468052011,-33.876119247651 151.17646788654,-33.8761222984786 151.176475411383,-33.8761310133448 151.17649071385,-33.8761348387231 151.176495301354,-33.8761359860178 151.17649807136,-33.8761362786114 151.176525805404,-33.8761353221718 151.176551187428,-33.87613444723 151.176553057453,-33.8761342052954 151.176618137837,-33.8761194235375 151.176685621186,-33.8761040956968 151.176705538428,-33.8760991505472</coordinates></LineString>
  </Placemark>
  <Placemark>
	<name>Glebe Foreshore</name>
	<Style><LineStyle><color>ff0000ff</color></LineStyle><PolyStyle><fill>0</fill></PolyStyle></Style>
	<ExtendedData><SchemaData schemaUrl="#Navability_routes">
		<SimpleData name="OBJECTID">81</SimpleData>
		<SimpleData name="Effort">Easy</SimpleData>
		<SimpleData name="TravelDirection">Both</SimpleData>
		<SimpleData name="Shape__Length">64.7215264870631</SimpleData>
	</SchemaData></ExtendedData>
      <LineString><coordinates>151.175627383919,-33.8737780921276 151.175647297369,-33.8737757900719 151.175806071742,-33.873757435046 151.175958869305,-33.8737397713074 151.175959567768,-33.873739715824 151.176064380568,-33.8737349945393 151.176170535138,-33.8737302136799 151.176172505816,-33.8737303195072 151.176224440561,-33.873738309593 151.176297753509,-33.8737495883049 151.17632090746,-33.8737534046057</coordinates></LineString>
  </Placemark>
  <Placemark>
	<name>Glebe Foreshore</name>
	<Style><LineStyle><color>ff0000ff</color></LineStyle><PolyStyle><fill>0</fill></PolyStyle></Style>
	<ExtendedData><SchemaData schemaUrl="#Navability_routes">
		<SimpleData name="OBJECTID">82</SimpleData>
		<SimpleData name="Effort">Easy</SimpleData>
		<SimpleData name="TravelDirection">Both</SimpleData>
		<SimpleData name="Shape__Length">58.6306628736647</SimpleData>
	</SchemaData></ExtendedData>
      <LineString><coordinates>151.17632090746,-33.8737534046057 151.17632492531,-33.8737540348918 151.176447414153,-33.8737806217598 151.176566870657,-33.8738065504366 151.176568012996,-33.8738068712326 151.176648346571,-33.8738346048498 151.176727593028,-33.8738619652358 151.17672861656,-33.8738623825609 151.176785040237,-33.873889160705 151.176840248164,-33.8739153608506 151.176841618405,-33.8739161485098 151.176868087765,-33.8739343062997 151.176889120922,-33.873948734296 151.176896391482,-33.8739577077783</coordinates></LineString>
  </Placemark>
  <Placemark>
	<name>Glebe Foreshore</name>
	<Style><LineStyle><color>ff0000ff</color></LineStyle><PolyStyle><fill>0</fill></PolyStyle></Style>
	<ExtendedData><SchemaData schemaUrl="#Navability_routes">
		<SimpleData name="OBJECTID">83</SimpleData>
		<SimpleData name="Effort">Easy</SimpleData>
		<SimpleData name="TravelDirection">Both</SimpleData>
		<SimpleData name="Shape__Length">39.8399339520516</SimpleData>
	</SchemaData></ExtendedData>
      <LineString><coordinates>151.186886802765,-33.8738687359237 151.186872060739,-33.8738769934534 151.186852117675,-33.8738881654854 151.186814678907,-33.8739091370514 151.186758907451,-33.8739403782435 151.186721468639,-33.8739613497796 151.186629954026,-33.8740126117181 151.186544468507,-33.8740604969733 151.186526255702,-33.874061626523</coordinates></LineString>
  </Placemark>
  <Placemark>
	<name>Glebe Foreshore</name>
	<Style><LineStyle><color>ff0000ff</color></LineStyle><PolyStyle><fill>0</fill></PolyStyle></Style>
	<ExtendedData><SchemaData schemaUrl="#Navability_routes">
		<SimpleData name="OBJECTID">84</SimpleData>
		<SimpleData name="Effort">Moderate</SimpleData>
		<SimpleData name="TravelDirection">Both</SimpleData>
		<SimpleData name="Shape__Length">95.6074418324996</SimpleData>
	</SchemaData></ExtendedData>
      <LineString><coordinates>151.186886802765,-33.8738687359237 151.186900679866,-33.8738797439139 151.186941872611,-33.8739180149448 151.186991218907,-33.8739656298519 151.186999475261,-33.8739663320969 151.187009313723,-33.8739597544535 151.187037925714,-33.8739402589047 151.187074762436,-33.8739150393394 151.187103374378,-33.8738955446757 151.187144815375,-33.8738675622998 151.187183068311,-33.8738417765131 151.187195643821,-33.8738310676972 151.18720352554,-33.8738220878653 151.187220422426,-33.8738014982802 151.187252211417,-33.8737625899319 151.187279410407,-33.8737294464659 151.187305622031,-33.8736978520764 151.187340008043,-33.8736559097013 151.18737464882,-33.8736129097194 151.187404911704,-33.8735760736075 151.187433886007,-33.8735413808933 151.187459825402,-33.8735097716414 151.187494830694,-33.8734671142368 151.187530445129,-33.8734237155387 151.187542933186,-33.8734084985116</coordinates></LineString>
  </Placemark>
  <Placemark>
	<name>Glebe Foreshore</name>
	<Style><LineStyle><color>ff0000ff</color></LineStyle><PolyStyle><fill>0</fill></PolyStyle></Style>
	<ExtendedData><SchemaData schemaUrl="#Navability_routes">
		<SimpleData name="OBJECTID">85</SimpleData>
		<SimpleData name="Effort">Easy</SimpleData>
		<SimpleData name="TravelDirection">Both</SimpleData>
		<SimpleData name="Shape__Length">55.5142371737827</SimpleData>
	</SchemaData></ExtendedData>
      <LineString><coordinates>151.186886802765,-33.8738687359237 151.186901544787,-33.8738604783921 151.186934946169,-33.8738418883748 151.186976558582,-33.873818528182 151.187003189145,-33.8737853295222 151.187040112524,-33.8737398645206 151.187066527941,-33.8737075328563 151.187092269679,-33.8736760262797 151.187119179531,-33.8736428055529 151.187150970741,-33.8736038936553 151.187182754822,-33.873565215194 151.187222015945,-33.873517162285 151.187253129832,-33.8734791421285</coordinates></LineString>
  </Placemark>
  <Placemark>
	<name>Glebe Foreshore</name>
	<Style><LineStyle><color>ff0000ff</color></LineStyle><PolyStyle><fill>0</fill></PolyStyle></Style>
	<ExtendedData><SchemaData schemaUrl="#Navability_routes">
		<SimpleData name="OBJECTID">86</SimpleData>
		<SimpleData name="Effort">Easy</SimpleData>
		<SimpleData name="TravelDirection">Both</SimpleData>
		<SimpleData name="Shape__Length">20.4596593946862</SimpleData>
	</SchemaData></ExtendedData>
      <LineString><coordinates>151.177477471498,-33.8736884081407 151.177509141162,-33.8737064479647 151.177551962815,-33.8737241928975 151.177629254581,-33.8737565509651 151.177672076285,-33.8737742958575 151.177672685846,-33.8737745573619</coordinates></LineString>
  </Placemark>
  <Placemark>
	<name>Glebe Foreshore</name>
	<Style><LineStyle><color>ff0000ff</color></LineStyle><PolyStyle><fill>0</fill></PolyStyle></Style>
	<ExtendedData><SchemaData schemaUrl="#Navability_routes">
		<SimpleData name="OBJECTID">87</SimpleData>
		<SimpleData name="Effort">Steep</SimpleData>
		<SimpleData name="TravelDirection">Both</SimpleData>
		<SimpleData name="Shape__Length">34.7063415775169</SimpleData>
	</SchemaData></ExtendedData>
      <LineString><coordinates>151.187849923412,-33.8738203971402 151.187842139967,-33.8738180363998 151.187840112293,-33.8738109630927 151.187835296097,-33.8737916942337 151.187830195641,-33.8737687421013 151.18781532694,-33.8737416903305 151.187795103017,-33.8737048588715 151.187785910341,-33.8736880099097 151.187776046418,-33.8736741727954 151.187748665614,-33.873634850935 151.187721571327,-33.8735971131292 151.187694133789,-33.8735595560253 151.187683128361,-33.8735447958618</coordinates></LineString>
  </Placemark>
  <Placemark>
	<name>Glebe Foreshore</name>
	<Style><LineStyle><color>ff0000ff</color></LineStyle><PolyStyle><fill>0</fill></PolyStyle></Style>
	<ExtendedData><SchemaData schemaUrl="#Navability_routes">
		<SimpleData name="OBJECTID">88</SimpleData>
		<SimpleData name="Effort">Easy</SimpleData>
		<SimpleData name="TravelDirection">Both</SimpleData>
		<SimpleData name="Shape__Length">18.7657424771253</SimpleData>
	</SchemaData></ExtendedData>
      <LineString><coordinates>151.187542933186,-33.8734084985116 151.187530845536,-33.8734050401243 151.187502628426,-33.8733980602645 151.187461083789,-33.8733882313689 151.187406291182,-33.8733754725368 151.187364746588,-33.8733656427079 151.187348033812,-33.8733616915209</coordinates></LineString>
  </Placemark>
  <Placemark>
	<name>Glebe Foreshore</name>
	<Style><LineStyle><color>ff0000ff</color></LineStyle><PolyStyle><fill>0</fill></PolyStyle></Style>
	<ExtendedData><SchemaData schemaUrl="#Navability_routes">
		<SimpleData name="OBJECTID">89</SimpleData>
		<SimpleData name="Effort">Easy</SimpleData>
		<SimpleData name="TravelDirection">Both</SimpleData>
		<SimpleData name="Shape__Length">69.7676586440007</SimpleData>
	</SchemaData></ExtendedData>
      <LineString><coordinates>151.175771764539,-33.8732176797923 151.175761795056,-33.8732187476832 151.175723061544,-33.8732225817128 151.175684507654,-33.8732267123566 151.175675594398,-33.8732360043872 151.175664136445,-33.8734114369556 151.175653207639,-33.8735787689449 151.175642298171,-33.8736661812569 151.175630022269,-33.8737646096744 151.175627383919,-33.8737780921276</coordinates></LineString>
  </Placemark>
  <Placemark>
	<name>Glebe Foreshore</name>
	<Style><LineStyle><color>ff0000ff</color></LineStyle><PolyStyle><fill>0</fill></PolyStyle></Style>
	<ExtendedData><SchemaData schemaUrl="#Navability_routes">
		<SimpleData name="OBJECTID">90</SimpleData>
		<SimpleData name="Effort">Easy</SimpleData>
		<SimpleData name="TravelDirection">Both</SimpleData>
		<SimpleData name="Shape__Length">24.5127890016271</SimpleData>
	</SchemaData></ExtendedData>
      <LineString><coordinates>151.175771764539,-33.8732176797923 151.175771056266,-33.8731973252354 151.175770210171,-33.8731729838655 151.175768597113,-33.8731266269731 151.17576605771,-33.8730536046495 151.175765030765,-33.8730240476644 151.175764081845,-33.8729967669149</coordinates></LineString>
  </Placemark>
  <Placemark>
	<name>Glebe Foreshore</name>
	<Style><LineStyle><color>ff0000ff</color></LineStyle><PolyStyle><fill>0</fill></PolyStyle></Style>
	<ExtendedData><SchemaData schemaUrl="#Navability_routes">
		<SimpleData name="OBJECTID">91</SimpleData>
		<SimpleData name="Effort">Easy</SimpleData>
		<SimpleData name="TravelDirection">Both</SimpleData>
		<SimpleData name="Shape__Length">16.0347327221021</SimpleData>
	</SchemaData></ExtendedData>
      <LineString><coordinates>151.175943612396,-33.8731989032054 151.175921920328,-33.8732012763597 151.175861528078,-33.8732077464824 151.17578173294,-33.8732166118847 151.175771764539,-33.8732176797923</coordinates></LineString>
  </Placemark>
  <Placemark>
	<name>Glebe Foreshore</name>
	<Style><LineStyle><color>ff0000ff</color></LineStyle><PolyStyle><fill>0</fill></PolyStyle></Style>
	<ExtendedData><SchemaData schemaUrl="#Navability_routes">
		<SimpleData name="OBJECTID">92</SimpleData>
		<SimpleData name="Effort">Easy</SimpleData>
		<SimpleData name="TravelDirection">Both</SimpleData>
		<SimpleData name="Shape__Length">71.5857975509726</SimpleData>
	</SchemaData></ExtendedData>
      <LineString><coordinates>151.175943612396,-33.8731989032054 151.175946732051,-33.873204755682 151.176022664027,-33.8733613321995 151.176096101839,-33.8735127994731 151.176098335192,-33.8735158010587 151.176179177431,-33.873590063975 151.176260563762,-33.8736648263417 151.176262076653,-33.8736665809769 151.176278208482,-33.8736903894048 151.176305608839,-33.8737308276669 151.17632090746,-33.8737534046057</coordinates></LineString>
  </Placemark>
  <Placemark>
	<name>Glebe Foreshore</name>
	<Style><LineStyle><color>ff0000ff</color></LineStyle><PolyStyle><fill>0</fill></PolyStyle></Style>
	<ExtendedData><SchemaData schemaUrl="#Navability_routes">
		<SimpleData name="OBJECTID">93</SimpleData>
		<SimpleData name="Effort">Easy</SimpleData>
		<SimpleData name="TravelDirection">Both</SimpleData>
		<SimpleData name="Shape__Length">28.2520442863594</SimpleData>
	</SchemaData></ExtendedData>
      <LineString><coordinates>151.175943612396,-33.8731989032054 151.175936590361,-33.8731857276516 151.175912682297,-33.8731426917262 151.175896956682,-33.8731143850957 151.175894776165,-33.873111695388 151.175871122816,-33.8730911272765 151.175806051484,-33.8730345436171 151.175782399258,-33.8730139755056 151.175764081845,-33.8729967669149</coordinates></LineString>
  </Placemark>
  <Placemark>
	<name>Glebe Foreshore</name>
	<Style><LineStyle><color>ff0000ff</color></LineStyle><PolyStyle><fill>0</fill></PolyStyle></Style>
	<ExtendedData><SchemaData schemaUrl="#Navability_routes">
		<SimpleData name="OBJECTID">94</SimpleData>
		<SimpleData name="Effort">Easy</SimpleData>
		<SimpleData name="TravelDirection">Both</SimpleData>
		<SimpleData name="Shape__Length">25.6838101658314</SimpleData>
	</SchemaData></ExtendedData>
      <LineString><coordinates>151.187348033812,-33.8733616915209 151.187305388862,-33.8733515993048 151.187267853469,-33.8733428131425 151.187211897065,-33.873329573604 151.187174361692,-33.8733207874137 151.187129798492,-33.8733100546254 151.187082145214,-33.8732987803848 151.187080958751,-33.8732984996147</coordinates></LineString>
  </Placemark>
  <Placemark>
	<name>Glebe Foreshore</name>
	<Style><LineStyle><color>ff0000ff</color></LineStyle><PolyStyle><fill>0</fill></PolyStyle></Style>
	<ExtendedData><SchemaData schemaUrl="#Navability_routes">
		<SimpleData name="OBJECTID">95</SimpleData>
		<SimpleData name="Effort">Moderate</SimpleData>
		<SimpleData name="TravelDirection">Both</SimpleData>
		<SimpleData name="Shape__Length">81.7776862723115</SimpleData>
	</SchemaData></ExtendedData>
      <LineString><coordinates>151.187080958751,-33.8732984996147 151.187065496482,-33.8733130091394 151.187043518016,-33.873333631219 151.187016784668,-33.8733587172467 151.186976477155,-33.8733968013055 151.186949743786,-33.8734218864158 151.186909429584,-33.873459312986 151.186870806442,-33.8734952937002 151.186840013941,-33.8735241965077 151.186801866896,-33.873559489869 151.186762526747,-33.8736085577347 151.18672517058,-33.8736559261621 151.186718336662,-33.8736657609059 151.186718840065,-33.87367558734 151.186733718452,-33.8737152429702 151.18675290816,-33.8737670047745 151.186763042586,-33.8737913475889 151.186823565927,-33.8738280230977 151.186872924586,-33.873857727916 151.186886802765,-33.8738687359237</coordinates></LineString>
  </Placemark>
  <Placemark>
	<name>Glebe Foreshore</name>
	<Style><LineStyle><color>ff0000ff</color></LineStyle><PolyStyle><fill>0</fill></PolyStyle></Style>
	<ExtendedData><SchemaData schemaUrl="#Navability_routes">
		<SimpleData name="OBJECTID">96</SimpleData>
		<SimpleData name="Effort">Easy</SimpleData>
		<SimpleData name="TravelDirection">Both</SimpleData>
		<SimpleData name="Shape__Length">152.593561643719</SimpleData>
	</SchemaData></ExtendedData>
      <LineString><coordinates>151.17889474178,-33.8729847033085 151.178878134635,-33.8729929476262 151.178817700936,-33.873022951213 151.178741406254,-33.8730608286661 151.178560105852,-33.8731508382365 151.178400703692,-33.8732299763234 151.178309443528,-33.8732752834141 151.178156152831,-33.873351387044 151.178064891332,-33.8733966939286 151.177998246808,-33.8734297802484 151.177865120399,-33.873495872223 151.177798475723,-33.8735289584294 151.177774584052,-33.8735408199019 151.177643558373,-33.8736058678385 151.177510268636,-33.8736720399621 151.177477471498,-33.8736884081407</coordinates></LineString>
  </Placemark>
  <Placemark>
	<name>Glebe Foreshore</name>
	<Style><LineStyle><color>ff0000ff</color></LineStyle><PolyStyle><fill>0</fill></PolyStyle></Style>
	<ExtendedData><SchemaData schemaUrl="#Navability_routes">
		<SimpleData name="OBJECTID">97</SimpleData>
		<SimpleData name="Effort">Easy</SimpleData>
		<SimpleData name="TravelDirection">Both</SimpleData>
		<SimpleData name="Shape__Length">52.9005703583692</SimpleData>
	</SchemaData></ExtendedData>
      <LineString><coordinates>151.179051601714,-33.8729068263842 151.179057732224,-33.8729189903658 151.179061249004,-33.8729318551317 151.179062044618,-33.8729450331504 151.17906009507,-33.8729581273031 151.179055460643,-33.8729707426184 151.179048280205,-33.8729824997143 151.179038769936,-33.872993043797 151.179027216578,-33.8730020571849 151.179013968617,-33.8730092672945 151.178999425243,-33.8730144572978 151.178984024351,-33.8730174713557 151.178968230573,-33.8730182180478 151.178952521136,-33.873016674672 151.178937367469,-33.8730128878745 151.178923227654,-33.8730069726365 151.178910527096,-33.8729991065776 151.178899649945,-33.8729895262226 151.178890923006,-33.8729785213522 151.178884608421,-33.8729664231731 151.178880899518,-33.8729535961403 151.178879904833,-33.8729404269003 151.178881655902,-33.8729273135851 151.178886100024,-33.8729146503762 151.178893102614,-33.8729028185215 151.178902452833,-33.872892175598 151.178913869286,-33.8728830420701 151.178927007754,-33.8728756932882 151.178941472192,-33.8728703506342 151.178956825675,-33.8728671753711 151.17897260672,-33.8728662634741 151.178986435053,-33.8728673516137 151.178999905348,-33.872870179319 151.179012703286,-33.8728746833305 151.179024531694,-33.8728807564571 151.179035115705,-33.872888259375 151.179044209314,-33.872897017118 151.179051601714,-33.8729068263842</coordinates></LineString>
  </Placemark>
  <Placemark>
	<name>Glebe Foreshore</name>
	<Style><LineStyle><color>ff0000ff</color></LineStyle><PolyStyle><fill>0</fill></PolyStyle></Style>
	<ExtendedData><SchemaData schemaUrl="#Navability_routes">
		<SimpleData name="OBJECTID">98</SimpleData>
		<SimpleData name="Effort">Easy</SimpleData>
		<SimpleData name="TravelDirection">Both</SimpleData>
		<SimpleData name="Shape__Length">85.6887292047799</SimpleData>
	</SchemaData></ExtendedData>
      <LineString><coordinates>151.179051601714,-33.8729068263842 151.179847481623,-33.8725116880965</coordinates></LineString>
  </Placemark>
  <Placemark>
	<name>Glebe Foreshore</name>
	<Style><LineStyle><color>ff0000ff</color></LineStyle><PolyStyle><fill>0</fill></PolyStyle></Style>
	<ExtendedData><SchemaData schemaUrl="#Navability_routes">
		<SimpleData name="OBJECTID">99</SimpleData>
		<SimpleData name="Effort">Difficult descent</SimpleData>
		<SimpleData name="TravelDirection">Both</SimpleData>
		<SimpleData name="Shape__Length">12.04362001756</SimpleData>
	</SchemaData></ExtendedData>
      <LineString><coordinates>151.186071503069,-33.8730002299837 151.18596600267,-33.8730638421836</coordinates></LineString>
  </Placemark>
  <Placemark>
	<name>Glebe Foreshore</name>
	<Style><LineStyle><color>ff0000ff</color></LineStyle><PolyStyle><fill>0</fill></PolyStyle></Style>
	<ExtendedData><SchemaData schemaUrl="#Navability_routes">
		<SimpleData name="OBJECTID">100</SimpleData>
		<SimpleData name="Effort">Easy</SimpleData>
		<SimpleData name="TravelDirection">Both</SimpleData>
		<SimpleData name="Shape__Length">99.5895968763188</SimpleData>
	</SchemaData></ExtendedData>
      <LineString><coordinates>151.186071503069,-33.8730002299837 151.18608251343,-33.8730087142645 151.186112331129,-33.8730267859468 151.186148869543,-33.8730497186674 151.186194674335,-33.8730630688986 151.186231701794,-33.8730738281218 151.186283794104,-33.8730886550719 151.186335985325,-33.8731035087053 151.186386317568,-33.8731177298795 151.186437156391,-33.873132023417 151.186490862786,-33.8731469524966 151.186539276932,-33.8731603734811 151.186591839494,-33.8731745417432 151.186650206885,-33.8731907233559 151.186700692712,-33.8732048438658 151.186749854828,-33.8732182225769 151.186799396127,-33.8732312569761 151.186856371628,-33.8732455279601 151.186909274349,-33.8732578795847 151.186959267268,-33.873269395729 151.187011290965,-33.8732817037125 151.187065065733,-33.8732947389992 151.187080958751,-33.8732984996147</coordinates></LineString>
  </Placemark>
  <Placemark>
	<name>Glebe Foreshore</name>
	<Style><LineStyle><color>ff0000ff</color></LineStyle><PolyStyle><fill>0</fill></PolyStyle></Style>
	<ExtendedData><SchemaData schemaUrl="#Navability_routes">
		<SimpleData name="OBJECTID">101</SimpleData>
		<SimpleData name="Effort">Easy</SimpleData>
		<SimpleData name="TravelDirection">Both</SimpleData>
		<SimpleData name="Shape__Length">166.5341563136</SimpleData>
	</SchemaData></ExtendedData>
      <LineString><coordinates>151.177141264464,-33.8728417289569 151.176965723429,-33.8729285553055 151.176787841812,-33.8730165388474 151.176782895864,-33.8730175621496 151.176745599329,-33.8730156484648 151.17671296565,-33.8730139751201 151.176709060888,-33.8730129596762 151.176648337771,-33.8729830645803 151.176588023365,-33.872953371182 151.176584995707,-33.8729524399556 151.176536146356,-33.8729455840994 151.176481635195,-33.8729379329352 151.176474263312,-33.8729398229488 151.176410893186,-33.8729871267651 151.176346289385,-33.8730353509895 151.176336525922,-33.8730365942092 151.176247585301,-33.8730002530346 151.176164930438,-33.8729664801349 151.176162951397,-33.872965396702 151.176057641656,-33.8728911691382 151.175959210284,-33.8728217900841 151.175900345175,-33.87278029876 151.175827519276,-33.8727289665073 151.175768654277,-33.872687476025 151.175732001229,-33.8726616403905 151.17572689389,-33.8726598352192 151.175690600887,-33.8726574581599 151.175639991054,-33.8726541431458 151.175618443467,-33.8726527319988</coordinates></LineString>
  </Placemark>
  <Placemark>
	<name>Glebe Foreshore</name>
	<Style><LineStyle><color>ff0000ff</color></LineStyle><PolyStyle><fill>0</fill></PolyStyle></Style>
	<ExtendedData><SchemaData schemaUrl="#Navability_routes">
		<SimpleData name="OBJECTID">102</SimpleData>
		<SimpleData name="Effort">Easy</SimpleData>
		<SimpleData name="TravelDirection">Both</SimpleData>
		<SimpleData name="Shape__Length">107.447881323537</SimpleData>
	</SchemaData></ExtendedData>
      <LineString><coordinates>151.185255658605,-33.872683100866 151.185246675037,-33.8726539560016 151.185239832424,-33.8726340791789 151.185248272495,-33.872590365547 151.185256034099,-33.872550459876 151.185256147547,-33.8725287161417 151.185255875843,-33.8724977978636 151.185242022427,-33.8724782388624 151.18522563842,-33.872453671296 151.185196686713,-33.8724216785108 151.185168195251,-33.8723898530094 151.185134338336,-33.872352373905 151.18509950868,-33.8723138660041 151.185062017887,-33.8722705432801 151.185022928477,-33.8722245567016 151.185005166747,-33.872186133444 151.184992821431,-33.872159022942 151.184997101317,-33.8721083362053 151.185001189449,-33.8720570560043 151.184980612343,-33.872019263955 151.184956359626,-33.8719740757923 151.18492211516,-33.8719314789693 151.184886596553,-33.8718854962727 151.184872579996,-33.8718429738783 151.184863343201,-33.8718124221503</coordinates></LineString>
  </Placemark>
  <Placemark>
	<name>Glebe Foreshore</name>
	<Style><LineStyle><color>ff0000ff</color></LineStyle><PolyStyle><fill>0</fill></PolyStyle></Style>
	<ExtendedData><SchemaData schemaUrl="#Navability_routes">
		<SimpleData name="OBJECTID">103</SimpleData>
		<SimpleData name="Effort">Easy</SimpleData>
		<SimpleData name="TravelDirection">Both</SimpleData>
		<SimpleData name="Shape__Length">40.6245416252146</SimpleData>
	</SchemaData></ExtendedData>
      <LineString><coordinates>151.175618443467,-33.8726527319988 151.175626511793,-33.8726691098026 151.175650693419,-33.8727314262466 151.175669972206,-33.8727811142973 151.175700118076,-33.8728649587445 151.175730678357,-33.8729499563302 151.175731911049,-33.8729523290197 151.175746932055,-33.8729736638326 151.175761714868,-33.8729946605719 151.175764081845,-33.8729967669149</coordinates></LineString>
  </Placemark>
  <Placemark>
	<name>Glebe Foreshore</name>
	<Style><LineStyle><color>ff0000ff</color></LineStyle><PolyStyle><fill>0</fill></PolyStyle></Style>
	<ExtendedData><SchemaData schemaUrl="#Navability_routes">
		<SimpleData name="OBJECTID">104</SimpleData>
		<SimpleData name="Effort">Easy</SimpleData>
		<SimpleData name="TravelDirection">Both</SimpleData>
		<SimpleData name="Shape__Length">18.123810082009</SimpleData>
	</SchemaData></ExtendedData>
      <LineString><coordinates>151.175618443467,-33.8726527319988 151.175616308764,-33.8726483991 151.175591156253,-33.8726196534305 151.175567110852,-33.872592172157 151.175566110393,-33.8725911798566 151.175533425411,-33.872563034077 151.175500461256,-33.8725346478989 151.175490782657,-33.8725304350024</coordinates></LineString>
  </Placemark>
  <Placemark>
	<name>Glebe Foreshore</name>
	<Style><LineStyle><color>ff0000ff</color></LineStyle><PolyStyle><fill>0</fill></PolyStyle></Style>
	<ExtendedData><SchemaData schemaUrl="#Navability_routes">
		<SimpleData name="OBJECTID">105</SimpleData>
		<SimpleData name="Effort">Easy</SimpleData>
		<SimpleData name="TravelDirection">Both</SimpleData>
		<SimpleData name="Shape__Length">21.7664979454367</SimpleData>
	</SchemaData></ExtendedData>
      <LineString><coordinates>151.175895628365,-33.872591641613 151.175819971866,-33.8725242895757 151.175744279452,-33.8724569035969 151.175734731919,-33.872448463518</coordinates></LineString>
  </Placemark>
  <Placemark>
	<name>Glebe Foreshore</name>
	<Style><LineStyle><color>ff0000ff</color></LineStyle><PolyStyle><fill>0</fill></PolyStyle></Style>
	<ExtendedData><SchemaData schemaUrl="#Navability_routes">
		<SimpleData name="OBJECTID">106</SimpleData>
		<SimpleData name="Effort">Easy</SimpleData>
		<SimpleData name="TravelDirection">Both</SimpleData>
		<SimpleData name="Shape__Length">43.4930440090174</SimpleData>
	</SchemaData></ExtendedData>
      <LineString><coordinates>151.175490782657,-33.8725304350024 151.175436711709,-33.8725068986059 151.175406914474,-33.8724944821699 151.175404987502,-33.8724938990581 151.175363055635,-33.8724856943162 151.175319063225,-33.8724770875208 151.175316911533,-33.8724769041547 151.17527578782,-33.8724778603693 151.175236291866,-33.8724787793663 151.175235215538,-33.8724788626122 151.175184528909,-33.8724855564469 151.175134895996,-33.8724921116748 151.175133871458,-33.8724923011902 151.17508605474,-33.8725037779286 151.175038745482,-33.872515131415</coordinates></LineString>
  </Placemark>
  <Placemark>
	<name>Glebe Foreshore</name>
	<Style><LineStyle><color>ff0000ff</color></LineStyle><PolyStyle><fill>0</fill></PolyStyle></Style>
	<ExtendedData><SchemaData schemaUrl="#Navability_routes">
		<SimpleData name="OBJECTID">107</SimpleData>
		<SimpleData name="Effort">Easy</SimpleData>
		<SimpleData name="TravelDirection">Both</SimpleData>
		<SimpleData name="Shape__Length">26.9542819923779</SimpleData>
	</SchemaData></ExtendedData>
      <LineString><coordinates>151.175734731919,-33.872448463518 151.175723327699,-33.8724517284294 151.175676879623,-33.872450868277 151.175636998446,-33.8724501297167 151.175634066074,-33.8724505128064 151.175567121878,-33.872469639006 151.175507168017,-33.8724867685671 151.175500214098,-33.8724939588064 151.175497872044,-33.8725033256161 151.175496404349,-33.8725091985253 151.175495647604,-33.8725109763607 151.175490782657,-33.8725304350024</coordinates></LineString>
  </Placemark>
  <Placemark>
	<name>Glebe Foreshore</name>
	<Style><LineStyle><color>ff0000ff</color></LineStyle><PolyStyle><fill>0</fill></PolyStyle></Style>
	<ExtendedData><SchemaData schemaUrl="#Navability_routes">
		<SimpleData name="OBJECTID">108</SimpleData>
		<SimpleData name="Effort">Easy</SimpleData>
		<SimpleData name="TravelDirection">Both</SimpleData>
		<SimpleData name="Shape__Length">23.3228850472744</SimpleData>
	</SchemaData></ExtendedData>
      <LineString><coordinates>151.175734731919,-33.872448463518 151.175736589687,-33.8724367585429 151.175721809983,-33.8723342187468 151.175708186917,-33.8722397071025</coordinates></LineString>
  </Placemark>
  <Placemark>
	<name>Glebe Foreshore</name>
	<Style><LineStyle><color>ff0000ff</color></LineStyle><PolyStyle><fill>0</fill></PolyStyle></Style>
	<ExtendedData><SchemaData schemaUrl="#Navability_routes">
		<SimpleData name="OBJECTID">109</SimpleData>
		<SimpleData name="Effort">Easy</SimpleData>
		<SimpleData name="TravelDirection">Both</SimpleData>
		<SimpleData name="Shape__Length">200.728921176857</SimpleData>
	</SchemaData></ExtendedData>
      <LineString><coordinates>151.178481645964,-33.8722551066036 151.178475368874,-33.8722581851862 151.178191010046,-33.8723926885008 151.177916532492,-33.8725224976912 151.177848632831,-33.872560751264 151.177781993608,-33.8725982930382 151.177744125659,-33.8726321034146 151.177712496417,-33.8726602187311 151.177693907793,-33.8727150226898 151.177677673688,-33.8727637251625 151.177640375452,-33.8729184126833 151.177603208722,-33.8730725520737 151.177572611165,-33.873216942582 151.177540320828,-33.873369301023 151.177509721973,-33.8735136905852 151.177477432469,-33.8736660490119 151.177477471498,-33.8736884081407</coordinates></LineString>
  </Placemark>
  <Placemark>
	<name>Glebe Foreshore</name>
	<Style><LineStyle><color>ff0000ff</color></LineStyle><PolyStyle><fill>0</fill></PolyStyle></Style>
	<ExtendedData><SchemaData schemaUrl="#Navability_routes">
		<SimpleData name="OBJECTID">110</SimpleData>
		<SimpleData name="Effort">Easy</SimpleData>
		<SimpleData name="TravelDirection">Both</SimpleData>
		<SimpleData name="Shape__Length">80.148158490434</SimpleData>
	</SchemaData></ExtendedData>
      <LineString><coordinates>151.178481645964,-33.8722551066036 151.178493144093,-33.8722715755262 151.178701460229,-33.8725699521032 151.178910636987,-33.8728695602097 151.178916980636,-33.8728798328006</coordinates></LineString>
  </Placemark>
  <Placemark>
	<name>Glebe Foreshore</name>
	<Style><LineStyle><color>ff0000ff</color></LineStyle><PolyStyle><fill>0</fill></PolyStyle></Style>
	<ExtendedData><SchemaData schemaUrl="#Navability_routes">
		<SimpleData name="OBJECTID">111</SimpleData>
		<SimpleData name="Effort">Easy</SimpleData>
		<SimpleData name="TravelDirection">Both</SimpleData>
		<SimpleData name="Shape__Length">114.80566551</SimpleData>
	</SchemaData></ExtendedData>
      <LineString><coordinates>151.178481645964,-33.8722551066036 151.178493538168,-33.8722492723891 151.179024036,-33.8719926403635 151.179543962918,-33.8717413314204 151.17955588169,-33.8717371404578</coordinates></LineString>
  </Placemark>
  <Placemark>
	<name>Glebe Foreshore</name>
	<Style><LineStyle><color>ff0000ff</color></LineStyle><PolyStyle><fill>0</fill></PolyStyle></Style>
	<ExtendedData><SchemaData schemaUrl="#Navability_routes">
		<SimpleData name="OBJECTID">112</SimpleData>
		<SimpleData name="Effort">Easy</SimpleData>
		<SimpleData name="TravelDirection">Both</SimpleData>
		<SimpleData name="Shape__Length">452.951069664088</SimpleData>
	</SchemaData></ExtendedData>
      <LineString><coordinates>151.182378584513,-33.8722468853603 151.182392032042,-33.872258942542 151.182412375202,-33.8722748887708 151.182447949976,-33.8723033855976 151.182468293157,-33.8723193318178 151.182510039358,-33.8723480964301 151.182541287345,-33.872369838497 151.182569482956,-33.8723890097531 151.182605967068,-33.8724142403337 151.182673642548,-33.8724348308754 151.182745578035,-33.8724553390499 151.182791552632,-33.8724424407613 151.182836370287,-33.8724307760971 151.182849537118,-33.8724096316281 151.182862762192,-33.8723805401037 151.182888264318,-33.8723301025146 151.182907982431,-33.8723240902528 151.182930651193,-33.8723172901133 151.182976619435,-33.8723144757892 151.183022865356,-33.8723115663528 151.183046589124,-33.8723025265089 151.183070529906,-33.8722934483816 151.183077746786,-33.8722879487334 151.183085493155,-33.8722517139614 151.183090140018,-33.8722329244703 151.183078258626,-33.872216899375 151.183063688474,-33.8721955819971 151.183062791924,-33.872168474268 151.183063405034,-33.8721594929897 151.183069769849,-33.8721508923226 151.183085997219,-33.8721374874962 151.18310702911,-33.872121157964 151.183143648585,-33.8721111973747 151.183188671949,-33.8721001704355 151.183202508676,-33.8720962707143 151.183236621934,-33.8720802585425 151.18326488963,-33.8720674767352 151.183277509672,-33.8720610513286 151.18329649561,-33.8720512760745 151.183322476937,-33.8720329337835 151.183387084416,-33.8719877853032 151.183426439331,-33.8719596967629 151.183457161327,-33.8719265979878 151.183486395933,-33.871894410568 151.183517141496,-33.8718591777117 151.183546045014,-33.8718276139052 151.183582124372,-33.8717917680545 151.183615502369,-33.8717570870794 151.18365030061,-33.8717223648174 151.183682521207,-33.871690213263 151.183716806811,-33.8716555501504 151.183750089758,-33.8716223393706 151.183783563747,-33.8715889375246 151.183819907138,-33.8715531207415 151.183861312494,-33.8715114090778 151.183899114583,-33.8714738364521 151.183929002815,-33.8714444070532 151.183961117991,-33.8714119148136 151.18399403427,-33.8713794695435 151.184032296702,-33.8713425628314 151.184067622209,-33.871311204485 151.184101503894,-33.8712803857238 151.184138855833,-33.8712456811235 151.184171546748,-33.8712158556359 151.184207785216,-33.8711828325715 151.184244156835,-33.8711496464406 151.184274639687,-33.8711222952061 151.184309822471,-33.8710907254793 151.184351864032,-33.8710623335698 151.18438993421,-33.8710362222164 151.184420662635,-33.8710161551946 151.184456550051,-33.8709917339663 151.184539654226,-33.8709655360734 151.184625277001,-33.8709390893911 151.184674204446,-33.8709411675779 151.184720256584,-33.8709433377309 151.184753172554,-33.8709635032378 151.18479512579,-33.8709899517654 151.184807460829,-33.8709980408781 151.18484063973,-33.8710424913325 151.184871931591,-33.8710841158785 151.184887858566,-33.8711269279309 151.184912401718,-33.8711914653703 151.184922867735,-33.871218284882 151.184926874992,-33.8712406971102 151.184935766847,-33.8712909025396 151.184944059166,-33.8713385868921 151.184950688123,-33.8713768127527 151.184953723944,-33.871394204217 151.184962680197,-33.8714147776838 151.184980609016,-33.8714542872999 151.184987032211,-33.871468643831 151.18500411437,-33.8714900953907 151.185038873225,-33.8715345835011 151.185072974613,-33.8715788274629 151.185098800216,-33.8716166129682 151.185119100674,-33.8716505703409 151.18514675311,-33.8716968879441 151.18516461909,-33.8717268138403 151.18516946242,-33.8717390000473 151.185181465747,-33.8717704167031 151.185197874282,-33.8718150555176 151.18520192341,-33.8718260000518 151.185214068695,-33.8718588309173 151.185223050367,-33.8718822930063 151.185223702971,-33.8719024221954 151.185224063829,-33.8719162150833 151.185225145444,-33.8719575369229 151.185226845898,-33.8720023071078 151.185219428311,-33.872040110488 151.185210455576,-33.8720829451954 151.185204056534,-33.8721093033949 151.185200127486,-33.8721278086812 151.185195411737,-33.8721482907084</coordinates></LineString>
  </Placemark>
  <Placemark>
	<name>Glebe Foreshore</name>
	<Style><LineStyle><color>ff0000ff</color></LineStyle><PolyStyle><fill>0</fill></PolyStyle></Style>
	<ExtendedData><SchemaData schemaUrl="#Navability_routes">
		<SimpleData name="OBJECTID">113</SimpleData>
		<SimpleData name="Effort">Steep</SimpleData>
		<SimpleData name="TravelDirection">Both</SimpleData>
		<SimpleData name="Shape__Length">76.1049296175085</SimpleData>
	</SchemaData></ExtendedData>
      <LineString><coordinates>151.185195411737,-33.8721482907084 151.185220061321,-33.8721601979241 151.18524426608,-33.8721832584883 151.185281481535,-33.8722181963507 151.185314283782,-33.8722476921226 151.185355111561,-33.872282912223 151.185386734409,-33.8723097548215 151.185426479097,-33.8723434918155 151.185474173882,-33.8723835047803 151.18551102293,-33.8724227366634 151.185534914845,-33.8724489387266 151.185567694532,-33.8724838481343 151.1855991003,-33.8725193162111 151.185628647552,-33.8725565820217 151.185659628876,-33.8725960159865 151.185692278916,-33.8726376666475 151.185720803055,-33.8726718424408</coordinates></LineString>
  </Placemark>
  <Placemark>
	<name>Glebe Foreshore</name>
	<Style><LineStyle><color>ff0000ff</color></LineStyle><PolyStyle><fill>0</fill></PolyStyle></Style>
	<ExtendedData><SchemaData schemaUrl="#Navability_routes">
		<SimpleData name="OBJECTID">114</SimpleData>
		<SimpleData name="Effort">Moderate</SimpleData>
		<SimpleData name="TravelDirection">Both</SimpleData>
		<SimpleData name="Shape__Length">45.1777455174887</SimpleData>
	</SchemaData></ExtendedData>
      <LineString><coordinates>151.182047328642,-33.871981255884 151.182043101717,-33.871996903566 151.182035119804,-33.872026437588 151.182026968285,-33.872056628276 151.18201898636,-33.8720861622963 151.182010834809,-33.8721163538841 151.182009537503,-33.8721291980188 151.182025884741,-33.8721664078125 151.182044315594,-33.8722078775037 151.182058609982,-33.8722394301548 151.182079175621,-33.8722844300883 151.182105490369,-33.8723212711849 151.182135230219,-33.8723615614722</coordinates></LineString>
  </Placemark>
  <Placemark>
	<name>Glebe Foreshore</name>
	<Style><LineStyle><color>ff0000ff</color></LineStyle><PolyStyle><fill>0</fill></PolyStyle></Style>
	<ExtendedData><SchemaData schemaUrl="#Navability_routes">
		<SimpleData name="OBJECTID">115</SimpleData>
		<SimpleData name="Effort">Moderate</SimpleData>
		<SimpleData name="TravelDirection">Both</SimpleData>
		<SimpleData name="Shape__Length">42.6826277448245</SimpleData>
	</SchemaData></ExtendedData>
      <LineString><coordinates>151.182047328642,-33.871981255884 151.182069385505,-33.8719969289854 151.182099692698,-33.8720184697155 151.182138993877,-33.8720458322338 151.182168065505,-33.87206640338 151.182212308206,-33.8720971779351 151.182264223109,-33.8721340153575 151.182278958771,-33.8721449716027 151.182300919148,-33.8721675929291 151.182347612926,-33.8722161425831 151.18237253708,-33.8722422008695 151.182378584513,-33.8722468853603</coordinates></LineString>
  </Placemark>
  <Placemark>
	<name>Glebe Foreshore</name>
	<Style><LineStyle><color>ff0000ff</color></LineStyle><PolyStyle><fill>0</fill></PolyStyle></Style>
	<ExtendedData><SchemaData schemaUrl="#Navability_routes">
		<SimpleData name="OBJECTID">116</SimpleData>
		<SimpleData name="Effort">Easy</SimpleData>
		<SimpleData name="TravelDirection">Both</SimpleData>
		<SimpleData name="Shape__Length">160.209879221162</SimpleData>
	</SchemaData></ExtendedData>
      <LineString><coordinates>151.182047328642,-33.871981255884 151.182016733866,-33.8719568641122 151.181985445747,-33.8719372818855 151.18198321012,-33.8719350928352 151.181887791433,-33.8718113232368 151.181791099882,-33.8716859080439 151.18178863447,-33.8716836461645 151.181726152408,-33.8716432169416 151.181663877727,-33.8716027988647 151.181658721051,-33.8716000040042 151.181383871552,-33.871516330192 151.181107334561,-33.8714321222756 151.180932612032,-33.871383693298 151.180756438895,-33.8713348603142 151.180754113619,-33.8713345031497 151.180677254924,-33.8713318440425 151.180597620695,-33.8713296687023 151.180589657828,-33.8713284473599</coordinates></LineString>
  </Placemark>
  <Placemark>
	<name>Glebe Foreshore</name>
	<Style><LineStyle><color>ff0000ff</color></LineStyle><PolyStyle><fill>0</fill></PolyStyle></Style>
	<ExtendedData><SchemaData schemaUrl="#Navability_routes">
		<SimpleData name="OBJECTID">117</SimpleData>
		<SimpleData name="Effort">Easy</SimpleData>
		<SimpleData name="TravelDirection">Both</SimpleData>
		<SimpleData name="Shape__Length">4.91915921658727</SimpleData>
	</SchemaData></ExtendedData>
      <LineString><coordinates>151.1799345766,-33.8719068193993 151.179965695699,-33.8719260398494 151.179977307211,-33.871933211602</coordinates></LineString>
  </Placemark>
  <Placemark>
	<name>Glebe Foreshore</name>
	<Style><LineStyle><color>ff0000ff</color></LineStyle><PolyStyle><fill>0</fill></PolyStyle></Style>
	<ExtendedData><SchemaData schemaUrl="#Navability_routes">
		<SimpleData name="OBJECTID">118</SimpleData>
		<SimpleData name="Effort">Easy</SimpleData>
		<SimpleData name="TravelDirection">Both</SimpleData>
		<SimpleData name="Shape__Length">89.8787738676164</SimpleData>
	</SchemaData></ExtendedData>
      <LineString><coordinates>151.1799345766,-33.8719068193993 151.179947419297,-33.871891244096 151.179983439607,-33.8718475605549 151.180022208419,-33.8718005424109 151.180024544118,-33.8717984749727 151.180123362149,-33.8717354202254 151.180224325245,-33.8716710210357 151.180315855773,-33.8716204890956 151.180405529942,-33.8715709810883 151.180409018406,-33.8715677746444 151.180445074343,-33.8715136890476 151.180480062738,-33.871461206288 151.180523851616,-33.8714081185953 151.180574901749,-33.8713463218562 151.180589657828,-33.8713284473599</coordinates></LineString>
  </Placemark>
  <Placemark>
	<name>Glebe Foreshore</name>
	<Style><LineStyle><color>ff0000ff</color></LineStyle><PolyStyle><fill>0</fill></PolyStyle></Style>
	<ExtendedData><SchemaData schemaUrl="#Navability_routes">
		<SimpleData name="OBJECTID">119</SimpleData>
		<SimpleData name="Effort">Easy</SimpleData>
		<SimpleData name="TravelDirection">Both</SimpleData>
		<SimpleData name="Shape__Length">39.8332278557339</SimpleData>
	</SchemaData></ExtendedData>
      <LineString><coordinates>151.17955588169,-33.8717371404578 151.179565444841,-33.8717444019065 151.179741374869,-33.871819800877 151.179916637594,-33.8718957379961 151.1799345766,-33.8719068193993</coordinates></LineString>
  </Placemark>
  <Placemark>
	<name>Glebe Foreshore</name>
	<Style><LineStyle><color>ff0000ff</color></LineStyle><PolyStyle><fill>0</fill></PolyStyle></Style>
	<ExtendedData><SchemaData schemaUrl="#Navability_routes">
		<SimpleData name="OBJECTID">120</SimpleData>
		<SimpleData name="Effort">Easy</SimpleData>
		<SimpleData name="TravelDirection">Both</SimpleData>
		<SimpleData name="Shape__Length">113.257006044404</SimpleData>
	</SchemaData></ExtendedData>
      <LineString><coordinates>151.17955588169,-33.8717371404578 151.179558236211,-33.8717256889309 151.179567359907,-33.8717104834221 151.179572942147,-33.8717011806441 151.179574091538,-33.871698369784 151.179578772745,-33.8716788631607 151.179584152464,-33.871656447938 151.179585193063,-33.8716538221293 151.179589213823,-33.8716499355507 151.179899739411,-33.871489489355 151.180216630019,-33.8713257846315 151.180220168986,-33.8713248323798 151.180302670269,-33.8713183440474 151.18038778445,-33.8713116489854 151.180389295808,-33.8713116451612 151.180470638268,-33.8713175772572 151.180562448364,-33.8713242716867 151.180589657828,-33.8713284473599</coordinates></LineString>
  </Placemark>
  <Placemark>
	<name>Glebe Foreshore</name>
	<Style><LineStyle><color>ff0000ff</color></LineStyle><PolyStyle><fill>0</fill></PolyStyle></Style>
	<ExtendedData><SchemaData schemaUrl="#Navability_routes">
		<SimpleData name="OBJECTID">121</SimpleData>
		<SimpleData name="Effort">Moderate</SimpleData>
		<SimpleData name="TravelDirection">Both</SimpleData>
		<SimpleData name="Shape__Length">38.0660781648422</SimpleData>
	</SchemaData></ExtendedData>
      <LineString><coordinates>151.185067263524,-33.8718453799736 151.185084810477,-33.8718766898564 151.185107618956,-33.8719168764177 151.185125165937,-33.8719481862953 151.185134469211,-33.8719645780938 151.185133194416,-33.8719881731189 151.185130652576,-33.8720203980426 151.185129377778,-33.8720439930673 151.185128529777,-33.8720547346978 151.185137843058,-33.8720884183673 151.185151321979,-33.8721342836689 151.185167611336,-33.8721392740251 151.185192653043,-33.8721469578734 151.185195411737,-33.8721482907084</coordinates></LineString>
  </Placemark>
  <Placemark>
	<name>Glebe Foreshore</name>
	<Style><LineStyle><color>ff0000ff</color></LineStyle><PolyStyle><fill>0</fill></PolyStyle></Style>
	<ExtendedData><SchemaData schemaUrl="#Navability_routes">
		<SimpleData name="OBJECTID">122</SimpleData>
		<SimpleData name="Effort">Steep</SimpleData>
		<SimpleData name="TravelDirection">Both</SimpleData>
		<SimpleData name="Shape__Length">19.4005642680944</SimpleData>
	</SchemaData></ExtendedData>
      <LineString><coordinates>151.184750898635,-33.8717253894878 151.184710821438,-33.8716968116333 151.184665025709,-33.8716655750277 151.184640148942,-33.8716837950206 151.184624572674,-33.8716952609986 151.184591778609,-33.8717196458018</coordinates></LineString>
  </Placemark>
  <Placemark>
	<name>Glebe Foreshore</name>
	<Style><LineStyle><color>ff0000ff</color></LineStyle><PolyStyle><fill>0</fill></PolyStyle></Style>
	<ExtendedData><SchemaData schemaUrl="#Navability_routes">
		<SimpleData name="OBJECTID">123</SimpleData>
		<SimpleData name="Effort">Strenuous</SimpleData>
		<SimpleData name="TravelDirection">Both</SimpleData>
		<SimpleData name="Shape__Length">12.8692814778042</SimpleData>
	</SchemaData></ExtendedData>
      <LineString><coordinates>151.18794800528,-33.8737381200273 151.18790316418,-33.8737757364229 151.187849923412,-33.8738203971402</coordinates></LineString>
  </Placemark>
  <Placemark>
	<name>Glebe Foreshore</name>
	<Style><LineStyle><color>ff0000ff</color></LineStyle><PolyStyle><fill>0</fill></PolyStyle></Style>
	<ExtendedData><SchemaData schemaUrl="#Navability_routes">
		<SimpleData name="OBJECTID">124</SimpleData>
		<SimpleData name="Effort">Easy</SimpleData>
		<SimpleData name="TravelDirection">Both</SimpleData>
		<SimpleData name="Shape__Length">20.1636628800417</SimpleData>
	</SchemaData></ExtendedData>
      <LineString><coordinates>151.187683128361,-33.8735447958618 151.187666429441,-33.8735223989684 151.187634767708,-33.8734830790208 151.18761177711,-33.8734549040875 151.187580093916,-33.8734330594932 151.187557709561,-33.8734169082278 151.187545037185,-33.8734090993693 151.187542933186,-33.8734084985116</coordinates></LineString>
  </Placemark>
  <Placemark>
	<name>Glebe Foreshore</name>
	<Style><LineStyle><color>ff0000ff</color></LineStyle><PolyStyle><fill>0</fill></PolyStyle></Style>
	<ExtendedData><SchemaData schemaUrl="#Navability_routes">
		<SimpleData name="OBJECTID">125</SimpleData>
		<SimpleData name="Effort">Steep</SimpleData>
		<SimpleData name="TravelDirection">Both</SimpleData>
		<SimpleData name="Shape__Length">15.711786744129</SimpleData>
	</SchemaData></ExtendedData>
      <LineString><coordinates>151.187253129832,-33.8734791421285 151.187273632091,-33.8734540491118 151.187300700617,-33.873421701756 151.187321202847,-33.8733966087303 151.187335960013,-33.8733769993876 151.187348033812,-33.8733616915209</coordinates></LineString>
  </Placemark>
  <Placemark>
	<name>Glebe Foreshore</name>
	<Style><LineStyle><color>ff0000ff</color></LineStyle><PolyStyle><fill>0</fill></PolyStyle></Style>
	<ExtendedData><SchemaData schemaUrl="#Navability_routes">
		<SimpleData name="OBJECTID">126</SimpleData>
		<SimpleData name="Effort">Easy</SimpleData>
		<SimpleData name="TravelDirection">Both</SimpleData>
		<SimpleData name="Shape__Length">48.795482791477</SimpleData>
	</SchemaData></ExtendedData>
      <LineString><coordinates>151.185720803055,-33.8726718424408 151.185742338634,-33.8726926218747 151.185774578663,-33.8727232093665 151.185809763513,-33.8727571658319 151.185846898618,-33.8727923981146 151.185880719301,-33.8728239006782 151.185915977678,-33.8728573496169 151.185952859599,-33.8728923409826 151.185984898456,-33.8729232464768 151.186026830916,-33.8729625873395 151.18604798845,-33.8729822348835 151.186068943802,-33.8729982580673 151.186071503069,-33.8730002299837</coordinates></LineString>
  </Placemark>
  <Placemark>
	<name>Glebe Foreshore</name>
	<Style><LineStyle><color>ff0000ff</color></LineStyle><PolyStyle><fill>0</fill></PolyStyle></Style>
	<ExtendedData><SchemaData schemaUrl="#Navability_routes">
		<SimpleData name="OBJECTID">127</SimpleData>
		<SimpleData name="Effort">Difficult descent</SimpleData>
		<SimpleData name="TravelDirection">Both</SimpleData>
		<SimpleData name="Shape__Length">40.946725779932</SimpleData>
	</SchemaData></ExtendedData>
      <LineString><coordinates>151.184863343201,-33.8718124221503 151.184851062499,-33.871771802751 151.184828852023,-33.8716983382077 151.184879632056,-33.8717213774626 151.1849613459,-33.8717584535889 151.184996493028,-33.8717743533266 151.185032968652,-33.8718110838361 151.185066796711,-33.8718449114057 151.185066846454,-33.8718449617342 151.185067263524,-33.8718453799736</coordinates></LineString>
  </Placemark>
  <Placemark>
	<name>Glebe Foreshore</name>
	<Style><LineStyle><color>ff0000ff</color></LineStyle><PolyStyle><fill>0</fill></PolyStyle></Style>
	<ExtendedData><SchemaData schemaUrl="#Navability_routes">
		<SimpleData name="OBJECTID">128</SimpleData>
		<SimpleData name="Effort">Easy</SimpleData>
		<SimpleData name="TravelDirection">Both</SimpleData>
		<SimpleData name="Shape__Length">14.2544719281444</SimpleData>
	</SchemaData></ExtendedData>
      <LineString><coordinates>151.184863343201,-33.8718124221503 151.184836735527,-33.8717845631246 151.184782796254,-33.8717464886102 151.184750898635,-33.8717253894878</coordinates></LineString>
  </Placemark>
  <Placemark>
	<name>Glebe Foreshore</name>
	<Style><LineStyle><color>ff0000ff</color></LineStyle><PolyStyle><fill>0</fill></PolyStyle></Style>
	<ExtendedData><SchemaData schemaUrl="#Navability_routes">
		<SimpleData name="OBJECTID">129</SimpleData>
		<SimpleData name="Effort">Difficult descent</SimpleData>
		<SimpleData name="TravelDirection">Both</SimpleData>
		<SimpleData name="Shape__Length">27.3878916195142</SimpleData>
	</SchemaData></ExtendedData>
      <LineString><coordinates>151.185379130692,-33.8728953034417 151.185382908565,-33.8728749013737 151.18538265789,-33.872860243541 151.18538227999,-33.8728409750526 151.185373007861,-33.8728205024664 151.185360458384,-33.8727906693518 151.185334114444,-33.8727668748406 151.185307057258,-33.8727423547379 151.18528196143,-33.8727134801785 151.185267777047,-33.8726970922244 151.185265718084,-33.8726947236841 151.185255658605,-33.872683100866</coordinates></LineString>
  </Placemark>
  <Placemark>
	<name>Glebe Foreshore</name>
	<Style><LineStyle><color>ff0000ff</color></LineStyle><PolyStyle><fill>0</fill></PolyStyle></Style>
	<ExtendedData><SchemaData schemaUrl="#Navability_routes">
		<SimpleData name="OBJECTID">130</SimpleData>
		<SimpleData name="Effort">Steep</SimpleData>
		<SimpleData name="TravelDirection">Both</SimpleData>
		<SimpleData name="Shape__Length">31.9597536073058</SimpleData>
	</SchemaData></ExtendedData>
      <LineString><coordinates>151.182135230219,-33.8723615614722 151.18221186789,-33.8723632714015 151.182291850916,-33.8723651054946 151.182336182977,-33.8723429015555 151.182374151497,-33.8723244423936 151.18237556639,-33.8723084475161 151.182376980183,-33.8722924535241 151.182377625688,-33.8722664542406 151.182378584513,-33.8722468853603</coordinates></LineString>
  </Placemark>
  <Placemark>
	<name>Glebe Foreshore</name>
	<Style><LineStyle><color>ff0000ff</color></LineStyle><PolyStyle><fill>0</fill></PolyStyle></Style>
	<ExtendedData><SchemaData schemaUrl="#Navability_routes">
		<SimpleData name="OBJECTID">131</SimpleData>
		<SimpleData name="Effort">Easy</SimpleData>
		<SimpleData name="TravelDirection">Both</SimpleData>
		<SimpleData name="Shape__Length">84.3703184657007</SimpleData>
	</SchemaData></ExtendedData>
      <LineString><coordinates>151.178933568685,-33.8743059760096 151.178943481811,-33.8743002901395 151.178974136224,-33.8742669327382 151.179038393919,-33.8741972767585 151.179069048276,-33.8741639184293 151.179133306896,-33.8740942624102 151.179194614355,-33.8740275456744 151.179253679722,-33.8739463228918 151.179311383187,-33.8738668644838 151.179349231023,-33.8738019443223 151.179384721354,-33.8737409767811 151.179385821383,-33.8737382012639 151.179386053237,-33.8737352262549 151.179383900688,-33.8737054172923 151.179380792426,-33.8736623819584</coordinates></LineString>
  </Placemark>
  <Placemark>
	<name>Glebe Foreshore</name>
	<Style><LineStyle><color>ff0000ff</color></LineStyle><PolyStyle><fill>0</fill></PolyStyle></Style>
	<ExtendedData><SchemaData schemaUrl="#Navability_routes">
		<SimpleData name="OBJECTID">132</SimpleData>
		<SimpleData name="Effort">Steep</SimpleData>
		<SimpleData name="TravelDirection">Both</SimpleData>
		<SimpleData name="Shape__Length">39.774674458638</SimpleData>
	</SchemaData></ExtendedData>
      <LineString><coordinates>151.179380792426,-33.8736623819584 151.179369927372,-33.8736531417772 151.179260942152,-33.8736628881966 151.179153442952,-33.8736725013877 151.179142817105,-33.8736648256289 151.179127034278,-33.8735975409856 151.179109617404,-33.8735255530726 151.179098395896,-33.8735211850916</coordinates></LineString>
  </Placemark>
  <Placemark>
	<name>Hyde Park</name>
	<Style><LineStyle><color>ff0000ff</color></LineStyle><PolyStyle><fill>0</fill></PolyStyle></Style>
	<ExtendedData><SchemaData schemaUrl="#Navability_routes">
		<SimpleData name="OBJECTID">133</SimpleData>
		<SimpleData name="Effort">Easy</SimpleData>
		<SimpleData name="TravelDirection">Both</SimpleData>
		<SimpleData name="Shape__Length">46.3035448353681</SimpleData>
	</SchemaData></ExtendedData>
      <LineString><coordinates>151.210779273762,-33.8767458888685 151.210780860716,-33.8767262223747 151.210781689637,-33.8767157273128 151.210782782811,-33.8767024145373 151.210812278919,-33.8765302711219 151.210842331268,-33.8763548849905 151.210846881723,-33.8763323606332</coordinates></LineString>
  </Placemark>
  <Placemark>
	<name>Hyde Park</name>
	<Style><LineStyle><color>ff0000ff</color></LineStyle><PolyStyle><fill>0</fill></PolyStyle></Style>
	<ExtendedData><SchemaData schemaUrl="#Navability_routes">
		<SimpleData name="OBJECTID">134</SimpleData>
		<SimpleData name="Effort">Easy</SimpleData>
		<SimpleData name="TravelDirection">Both</SimpleData>
		<SimpleData name="Shape__Length">261.821589301462</SimpleData>
	</SchemaData></ExtendedData>
      <LineString><coordinates>151.209617348584,-33.8767125102743 151.209616564297,-33.8767245876299 151.20961016439,-33.8768264924641 151.209603311088,-33.8769358138471 151.209613198446,-33.8769459254177 151.209891590665,-33.8769490544673 151.210309181276,-33.8769537455424 151.211430980659,-33.8769663414237 151.211639775625,-33.8769686840724 151.211848570599,-33.8769710272691 151.211865730266,-33.8769650065563 151.211867306952,-33.8769641574595 151.21187158329,-33.8769618524635 151.21187752424,-33.8769597691135 151.211915383289,-33.8768672732839 151.211962541675,-33.8767533968489 151.211967222264,-33.8767395950881</coordinates></LineString>
  </Placemark>
  <Placemark>
	<name>Hyde Park</name>
	<Style><LineStyle><color>ff0000ff</color></LineStyle><PolyStyle><fill>0</fill></PolyStyle></Style>
	<ExtendedData><SchemaData schemaUrl="#Navability_routes">
		<SimpleData name="OBJECTID">135</SimpleData>
		<SimpleData name="Effort">Easy</SimpleData>
		<SimpleData name="TravelDirection">Both</SimpleData>
		<SimpleData name="Shape__Length">13.9869247606293</SimpleData>
	</SchemaData></ExtendedData>
      <LineString><coordinates>151.209617348584,-33.8767125102743 151.20962783477,-33.8767052945547 151.20968018925,-33.8766835308903 151.2097398387,-33.8766599200541 151.209749034441,-33.8766521670668</coordinates></LineString>
  </Placemark>
  <Placemark>
	<name>Hyde Park</name>
	<Style><LineStyle><color>ff0000ff</color></LineStyle><PolyStyle><fill>0</fill></PolyStyle></Style>
	<ExtendedData><SchemaData schemaUrl="#Navability_routes">
		<SimpleData name="OBJECTID">136</SimpleData>
		<SimpleData name="Effort">Easy</SimpleData>
		<SimpleData name="TravelDirection">Both</SimpleData>
		<SimpleData name="Shape__Length">109.901337004082</SimpleData>
	</SchemaData></ExtendedData>
      <LineString><coordinates>151.211967222264,-33.8767395950881 151.211945174855,-33.8767397150996 151.211801310437,-33.8767405483215 151.211658793246,-33.8767412701819 151.211514928838,-33.8767421030691 151.211372411638,-33.8767428254994 151.21122854834,-33.8767436571661 151.211082705311,-33.8767443958891 151.211010773657,-33.8767448120248 151.210937851605,-33.876745181271 151.210865919954,-33.8767455973222 151.210792999005,-33.8767459655968 151.210779273762,-33.8767458888685</coordinates></LineString>
  </Placemark>
  <Placemark>
	<name>Hyde Park</name>
	<Style><LineStyle><color>ff0000ff</color></LineStyle><PolyStyle><fill>0</fill></PolyStyle></Style>
	<ExtendedData><SchemaData schemaUrl="#Navability_routes">
		<SimpleData name="OBJECTID">137</SimpleData>
		<SimpleData name="Effort">Easy</SimpleData>
		<SimpleData name="TravelDirection">Both</SimpleData>
		<SimpleData name="Shape__Length">96.9149263172575</SimpleData>
	</SchemaData></ExtendedData>
      <LineString><coordinates>151.209749034441,-33.8766521670668 151.209761738635,-33.8766558360387 151.20988204979,-33.8766934504461 151.210003446943,-33.8767314051465 151.210191635917,-33.8767349603124 151.210388195721,-33.8767386295943 151.210576385834,-33.8767421841891 151.210772945699,-33.8767458528581 151.210779273762,-33.8767458888685</coordinates></LineString>
  </Placemark>
  <Placemark>
	<name>Hyde Park</name>
	<Style><LineStyle><color>ff0000ff</color></LineStyle><PolyStyle><fill>0</fill></PolyStyle></Style>
	<ExtendedData><SchemaData schemaUrl="#Navability_routes">
		<SimpleData name="OBJECTID">138</SimpleData>
		<SimpleData name="Effort">Easy</SimpleData>
		<SimpleData name="TravelDirection">Both</SimpleData>
		<SimpleData name="Shape__Length">29.5722251864877</SimpleData>
	</SchemaData></ExtendedData>
      <LineString><coordinates>151.209749034441,-33.8766521670668 151.209745527089,-33.8766407442208 151.209698229391,-33.8765772775026 151.209655262296,-33.8765196232187 151.209650941508,-33.8764886144297 151.209639302978,-33.876414031699 151.209645729381,-33.8764118436968</coordinates></LineString>
  </Placemark>
  <Placemark>
	<name>Hyde Park</name>
	<Style><LineStyle><color>ff0000ff</color></LineStyle><PolyStyle><fill>0</fill></PolyStyle></Style>
	<ExtendedData><SchemaData schemaUrl="#Navability_routes">
		<SimpleData name="OBJECTID">139</SimpleData>
		<SimpleData name="Effort">Easy</SimpleData>
		<SimpleData name="TravelDirection">Both</SimpleData>
		<SimpleData name="Shape__Length">19.3198571388516</SimpleData>
	</SchemaData></ExtendedData>
      <LineString><coordinates>151.211999935247,-33.8765676224769 151.211996780995,-33.8765870804834 151.211990103629,-33.8766230532642 151.211983382307,-33.8766592670733 151.211976704948,-33.8766952389511 151.211969983613,-33.8767314527586 151.211967222264,-33.8767395950881</coordinates></LineString>
  </Placemark>
  <Placemark>
	<name>Hyde Park</name>
	<Style><LineStyle><color>ff0000ff</color></LineStyle><PolyStyle><fill>0</fill></PolyStyle></Style>
	<ExtendedData><SchemaData schemaUrl="#Navability_routes">
		<SimpleData name="OBJECTID">140</SimpleData>
		<SimpleData name="Effort">Easy</SimpleData>
		<SimpleData name="TravelDirection">Both</SimpleData>
		<SimpleData name="Shape__Length">5.44334592387263</SimpleData>
	</SchemaData></ExtendedData>
      <LineString><coordinates>151.211999935247,-33.8765676224769 151.211951279729,-33.8765400253379</coordinates></LineString>
  </Placemark>
  <Placemark>
	<name>Hyde Park</name>
	<Style><LineStyle><color>ff0000ff</color></LineStyle><PolyStyle><fill>0</fill></PolyStyle></Style>
	<ExtendedData><SchemaData schemaUrl="#Navability_routes">
		<SimpleData name="OBJECTID">141</SimpleData>
		<SimpleData name="Effort">Easy</SimpleData>
		<SimpleData name="TravelDirection">Both</SimpleData>
		<SimpleData name="Shape__Length">87.6902976903152</SimpleData>
	</SchemaData></ExtendedData>
      <LineString><coordinates>151.211999935247,-33.8765676224769 151.212018302078,-33.8765780399974 151.212040649998,-33.8765907155539 151.212075764648,-33.8766120464843 151.212088724008,-33.8765766572319 151.212124341625,-33.8764826535397 151.212137302024,-33.8764472642956 151.21214487657,-33.8763827481377 151.212152452164,-33.8763182328954 151.212183360467,-33.8760572915235 151.212190935992,-33.8759927762736 151.212198510424,-33.8759282610065 151.212200921182,-33.8759091474872</coordinates></LineString>
  </Placemark>
  <Placemark>
	<name>Hyde Park</name>
	<Style><LineStyle><color>ff0000ff</color></LineStyle><PolyStyle><fill>0</fill></PolyStyle></Style>
	<ExtendedData><SchemaData schemaUrl="#Navability_routes">
		<SimpleData name="OBJECTID">142</SimpleData>
		<SimpleData name="Effort">Easy</SimpleData>
		<SimpleData name="TravelDirection">Both</SimpleData>
		<SimpleData name="Shape__Length">14.835728085991</SimpleData>
	</SchemaData></ExtendedData>
      <LineString><coordinates>151.211999935247,-33.8765676224769 151.212003541127,-33.8765453801322 151.212008148955,-33.8765139798044 151.212010583605,-33.8764972472393 151.21200624684,-33.8764862344277 151.21199648063,-33.8764605156365 151.211992184402,-33.8764365264338</coordinates></LineString>
  </Placemark>
  <Placemark>
	<name>Hyde Park</name>
	<Style><LineStyle><color>ff0000ff</color></LineStyle><PolyStyle><fill>0</fill></PolyStyle></Style>
	<ExtendedData><SchemaData schemaUrl="#Navability_routes">
		<SimpleData name="OBJECTID">143</SimpleData>
		<SimpleData name="Effort">Easy</SimpleData>
		<SimpleData name="TravelDirection">Both</SimpleData>
		<SimpleData name="Shape__Length">21.8548162069542</SimpleData>
	</SchemaData></ExtendedData>
      <LineString><coordinates>151.211951279729,-33.8765400253379 151.211948011916,-33.8765460682724 151.21194207049,-33.8765520092747 151.211934992551,-33.8765584811369 151.211912156752,-33.87656348526 151.211896531155,-33.8765666102113 151.211876905271,-33.8765650304104 151.211864663308,-33.8765637633937 151.211848595475,-33.8765530609096 151.211841669423,-33.8765475931932 151.211829317843,-33.8765241768807 151.211823488088,-33.8765129052312 151.211825799255,-33.8765043181226 151.21183110125,-33.8764833276778 151.211832687097,-33.8764812622634 151.211837340084,-33.8764763458785 151.211848103796,-33.8764681510944</coordinates></LineString>
  </Placemark>
  <Placemark>
	<name>Hyde Park</name>
	<Style><LineStyle><color>ff0000ff</color></LineStyle><PolyStyle><fill>0</fill></PolyStyle></Style>
	<ExtendedData><SchemaData schemaUrl="#Navability_routes">
		<SimpleData name="OBJECTID">144</SimpleData>
		<SimpleData name="Effort">Easy</SimpleData>
		<SimpleData name="TravelDirection">Both</SimpleData>
		<SimpleData name="Shape__Length">7.27538575469867</SimpleData>
	</SchemaData></ExtendedData>
      <LineString><coordinates>151.211949195764,-33.8764779984749 151.211956277547,-33.8764867273439 151.211958587969,-33.8764946484249 151.211960945821,-33.8765027316062 151.211959478089,-33.8765172166353 151.211957542056,-33.8765284467893 151.211951279729,-33.8765400253379</coordinates></LineString>
  </Placemark>
  <Placemark>
	<name>Hyde Park</name>
	<Style><LineStyle><color>ff0000ff</color></LineStyle><PolyStyle><fill>0</fill></PolyStyle></Style>
	<ExtendedData><SchemaData schemaUrl="#Navability_routes">
		<SimpleData name="OBJECTID">145</SimpleData>
		<SimpleData name="Effort">Easy</SimpleData>
		<SimpleData name="TravelDirection">Both</SimpleData>
		<SimpleData name="Shape__Length">10.8679956696831</SimpleData>
	</SchemaData></ExtendedData>
      <LineString><coordinates>151.211949195764,-33.8764779984749 151.211943608541,-33.8764711119191 151.211931480997,-33.876463430671 151.211916923045,-33.8764553390166 151.21190357701,-33.876453670933 151.2118824853,-33.876451411583 151.211867594258,-33.876457725837 151.21185384269,-33.8764637815992 151.211848103796,-33.8764681510944</coordinates></LineString>
  </Placemark>
  <Placemark>
	<name>Hyde Park</name>
	<Style><LineStyle><color>ff0000ff</color></LineStyle><PolyStyle><fill>0</fill></PolyStyle></Style>
	<ExtendedData><SchemaData schemaUrl="#Navability_routes">
		<SimpleData name="OBJECTID">146</SimpleData>
		<SimpleData name="Effort">Easy</SimpleData>
		<SimpleData name="TravelDirection">Both</SimpleData>
		<SimpleData name="Shape__Length">3.29739240750922</SimpleData>
	</SchemaData></ExtendedData>
      <LineString><coordinates>151.210013047306,-33.8764193687038 151.210037062402,-33.8764413369513</coordinates></LineString>
  </Placemark>
  <Placemark>
	<name>Hyde Park</name>
	<Style><LineStyle><color>ff0000ff</color></LineStyle><PolyStyle><fill>0</fill></PolyStyle></Style>
	<ExtendedData><SchemaData schemaUrl="#Navability_routes">
		<SimpleData name="OBJECTID">147</SimpleData>
		<SimpleData name="Effort">Easy</SimpleData>
		<SimpleData name="TravelDirection">Both</SimpleData>
		<SimpleData name="Shape__Length">37.0568708773254</SimpleData>
	</SchemaData></ExtendedData>
      <LineString><coordinates>151.209645729381,-33.8764118436968 151.209661385591,-33.8764275884327 151.209701843105,-33.8764291214818 151.209745825562,-33.8764306804999 151.209789808041,-33.8764322386007 151.209850494303,-33.8764345390079 151.20991117949,-33.8764368393696 151.209999145548,-33.8764399554537 151.210037062402,-33.8764413369513</coordinates></LineString>
  </Placemark>
  <Placemark>
	<name>Hyde Park</name>
	<Style><LineStyle><color>ff0000ff</color></LineStyle><PolyStyle><fill>0</fill></PolyStyle></Style>
	<ExtendedData><SchemaData schemaUrl="#Navability_routes">
		<SimpleData name="OBJECTID">148</SimpleData>
		<SimpleData name="Effort">Easy</SimpleData>
		<SimpleData name="TravelDirection">Both</SimpleData>
		<SimpleData name="Shape__Length">188.506277309948</SimpleData>
	</SchemaData></ExtendedData>
      <LineString><coordinates>151.209645729381,-33.8764118436968 151.209634401159,-33.876378855629 151.20964481554,-33.8762883124731 151.209654892245,-33.8762009935456 151.209670428683,-33.876066377334 151.209687262361,-33.875920017645 151.209698095392,-33.8758261441145 151.209706512193,-33.875752963814 151.209710839394,-33.8757154736474 151.209719256168,-33.8756422933441 151.209728879732,-33.875558905722 151.209741452837,-33.8754495799651 151.209752616745,-33.875352850903 151.20976519084,-33.8752435260553 151.20977839461,-33.8751291055915 151.209790968627,-33.8750197807351 151.209801892195,-33.8749251311923 151.209808178091,-33.874870468745 151.209818013967,-33.8747852401253 151.20982430092,-33.8747305776909 151.209825380687,-33.8747212233771</coordinates></LineString>
  </Placemark>
  <Placemark>
	<name>Hyde Park</name>
	<Style><LineStyle><color>ff0000ff</color></LineStyle><PolyStyle><fill>0</fill></PolyStyle></Style>
	<ExtendedData><SchemaData schemaUrl="#Navability_routes">
		<SimpleData name="OBJECTID">149</SimpleData>
		<SimpleData name="Effort">Easy</SimpleData>
		<SimpleData name="TravelDirection">Both</SimpleData>
		<SimpleData name="Shape__Length">6.08063965231132</SimpleData>
	</SchemaData></ExtendedData>
      <LineString><coordinates>151.211992184402,-33.8764365264338 151.211949195764,-33.8764779984749</coordinates></LineString>
  </Placemark>
  <Placemark>
	<name>Hyde Park</name>
	<Style><LineStyle><color>ff0000ff</color></LineStyle><PolyStyle><fill>0</fill></PolyStyle></Style>
	<ExtendedData><SchemaData schemaUrl="#Navability_routes">
		<SimpleData name="OBJECTID">150</SimpleData>
		<SimpleData name="Effort">Easy</SimpleData>
		<SimpleData name="TravelDirection">Both</SimpleData>
		<SimpleData name="Shape__Length">61.7641364241086</SimpleData>
	</SchemaData></ExtendedData>
      <LineString><coordinates>151.211992184402,-33.8764365264338 151.212008303656,-33.8764084502011 151.212024944961,-33.8763778927338 151.212033691461,-33.8763084051541 151.212045660387,-33.876213341327 151.212051730702,-33.8761651140622 151.212060488552,-33.8760955463872 151.212067897456,-33.876036688968 151.212076656356,-33.8759671213053 151.212084064153,-33.8759082638674 151.212086602837,-33.8758884091716</coordinates></LineString>
  </Placemark>
  <Placemark>
	<name>Hyde Park</name>
	<Style><LineStyle><color>ff0000ff</color></LineStyle><PolyStyle><fill>0</fill></PolyStyle></Style>
	<ExtendedData><SchemaData schemaUrl="#Navability_routes">
		<SimpleData name="OBJECTID">151</SimpleData>
		<SimpleData name="Effort">Easy</SimpleData>
		<SimpleData name="TravelDirection">Both</SimpleData>
		<SimpleData name="Shape__Length">60.0999037051377</SimpleData>
	</SchemaData></ExtendedData>
      <LineString><coordinates>151.210846881723,-33.8763323606332 151.210869389554,-33.8763345712941 151.210946432286,-33.876334571228 151.211015613222,-33.8763345714546 151.211071096112,-33.8763217528194 151.211120793337,-33.8763101567609 151.211181264945,-33.8762847816203 151.21123886439,-33.8762607353893 151.211293936451,-33.8762268892632 151.211347238676,-33.876194131966 151.211374820524,-33.8761656649866 151.211393517773,-33.8761461612639 151.211406500852,-33.8761226438709</coordinates></LineString>
  </Placemark>
  <Placemark>
	<name>Hyde Park</name>
	<Style><LineStyle><color>ff0000ff</color></LineStyle><PolyStyle><fill>0</fill></PolyStyle></Style>
	<ExtendedData><SchemaData schemaUrl="#Navability_routes">
		<SimpleData name="OBJECTID">152</SimpleData>
		<SimpleData name="Effort">Easy</SimpleData>
		<SimpleData name="TravelDirection">Both</SimpleData>
		<SimpleData name="Shape__Length">33.2478605490582</SimpleData>
	</SchemaData></ExtendedData>
      <LineString><coordinates>151.210846881723,-33.8763323606332 151.210851433255,-33.8763098362913 151.210875669026,-33.8761866396704 151.210900429382,-33.8760601656124 151.210905064202,-33.8760365504665</coordinates></LineString>
  </Placemark>
  <Placemark>
	<name>Hyde Park</name>
	<Style><LineStyle><color>ff0000ff</color></LineStyle><PolyStyle><fill>0</fill></PolyStyle></Style>
	<ExtendedData><SchemaData schemaUrl="#Navability_routes">
		<SimpleData name="OBJECTID">153</SimpleData>
		<SimpleData name="Effort">Easy</SimpleData>
		<SimpleData name="TravelDirection">Both</SimpleData>
		<SimpleData name="Shape__Length">75.6007380300295</SimpleData>
	</SchemaData></ExtendedData>
      <LineString><coordinates>151.210780981657,-33.8763210883949 151.210733717959,-33.8763363076971 151.210651337184,-33.8763641877093 151.210607554401,-33.8763769317468 151.210563771606,-33.8763896757684 151.210429852745,-33.876426643122 151.210342288144,-33.8764521301332 151.2102222714,-33.8764757280179 151.210093579475,-33.8765005315986 151.210071254925,-33.876491254701 151.210063293584,-33.8764879982446 151.210048092565,-33.8764643816506 151.210037062402,-33.8764413369513</coordinates></LineString>
  </Placemark>
  <Placemark>
	<name>Hyde Park</name>
	<Style><LineStyle><color>ff0000ff</color></LineStyle><PolyStyle><fill>0</fill></PolyStyle></Style>
	<ExtendedData><SchemaData schemaUrl="#Navability_routes">
		<SimpleData name="OBJECTID">154</SimpleData>
		<SimpleData name="Effort">Easy</SimpleData>
		<SimpleData name="TravelDirection">Both</SimpleData>
		<SimpleData name="Shape__Length">6.23484282944489</SimpleData>
	</SchemaData></ExtendedData>
      <LineString><coordinates>151.210780981657,-33.8763210883949 151.210803925329,-33.8763258798731 151.210824374973,-33.8763301499839 151.210846881723,-33.8763323606332</coordinates></LineString>
  </Placemark>
  <Placemark>
	<name>Hyde Park</name>
	<Style><LineStyle><color>ff0000ff</color></LineStyle><PolyStyle><fill>0</fill></PolyStyle></Style>
	<ExtendedData><SchemaData schemaUrl="#Navability_routes">
		<SimpleData name="OBJECTID">155</SimpleData>
		<SimpleData name="Effort">Easy</SimpleData>
		<SimpleData name="TravelDirection">Both</SimpleData>
		<SimpleData name="Shape__Length">56.0140293478502</SimpleData>
	</SchemaData></ExtendedData>
      <LineString><coordinates>151.211406500852,-33.8761226438709 151.21142439116,-33.8761363044385 151.211631820236,-33.8762987181072 151.211833156413,-33.8764564450029 151.211848103796,-33.8764681510944</coordinates></LineString>
  </Placemark>
  <Placemark>
	<name>Hyde Park</name>
	<Style><LineStyle><color>ff0000ff</color></LineStyle><PolyStyle><fill>0</fill></PolyStyle></Style>
	<ExtendedData><SchemaData schemaUrl="#Navability_routes">
		<SimpleData name="OBJECTID">156</SimpleData>
		<SimpleData name="Effort">Easy</SimpleData>
		<SimpleData name="TravelDirection">Both</SimpleData>
		<SimpleData name="Shape__Length">54.7485202471682</SimpleData>
	</SchemaData></ExtendedData>
      <LineString><coordinates>151.210456894044,-33.8760955554811 151.210435962069,-33.876109412343 151.210361321695,-33.8761656751431 151.210268070216,-33.8762360583925 151.210193429623,-33.8762923210822 151.21013802846,-33.876334136031 151.210091435129,-33.8763594886857 151.210045980156,-33.8763842212339 151.210033540934,-33.8763972113221 151.210030013005,-33.8764012611799 151.210013047306,-33.8764193687038</coordinates></LineString>
  </Placemark>
  <Placemark>
	<name>Hyde Park</name>
	<Style><LineStyle><color>ff0000ff</color></LineStyle><PolyStyle><fill>0</fill></PolyStyle></Style>
	<ExtendedData><SchemaData schemaUrl="#Navability_routes">
		<SimpleData name="OBJECTID">157</SimpleData>
		<SimpleData name="Effort">Easy</SimpleData>
		<SimpleData name="TravelDirection">Both</SimpleData>
		<SimpleData name="Shape__Length">40.8685280126475</SimpleData>
	</SchemaData></ExtendedData>
      <LineString><coordinates>151.210456894044,-33.8760955554811 151.210470242946,-33.8761167509935 151.21050916351,-33.8761673297594 151.210550339292,-33.8762208593141 151.210579176261,-33.8762416855648 151.210615463468,-33.8762681377985 151.210655067355,-33.8762852285193 151.210696091998,-33.8763029323103 151.210780981657,-33.8763210883949</coordinates></LineString>
  </Placemark>
  <Placemark>
	<name>Hyde Park</name>
	<Style><LineStyle><color>ff0000ff</color></LineStyle><PolyStyle><fill>0</fill></PolyStyle></Style>
	<ExtendedData><SchemaData schemaUrl="#Navability_routes">
		<SimpleData name="OBJECTID">158</SimpleData>
		<SimpleData name="Effort">Easy</SimpleData>
		<SimpleData name="TravelDirection">Both</SimpleData>
		<SimpleData name="Shape__Length">26.8483883047408</SimpleData>
	</SchemaData></ExtendedData>
      <LineString><coordinates>151.210905064202,-33.8760365504665 151.21091723566,-33.8760372547673 151.210942304064,-33.8760350876724 151.210966365978,-33.8760325055805 151.210998349869,-33.8760197911373 151.211025092525,-33.8760094091199 151.211051413688,-33.875991823266 151.211073689422,-33.8759771859663 151.211097403637,-33.875953819945 151.211118448821,-33.8759330843156 151.211137089397,-33.8759111171493</coordinates></LineString>
  </Placemark>
  <Placemark>
	<name>Hyde Park</name>
	<Style><LineStyle><color>ff0000ff</color></LineStyle><PolyStyle><fill>0</fill></PolyStyle></Style>
	<ExtendedData><SchemaData schemaUrl="#Navability_routes">
		<SimpleData name="OBJECTID">159</SimpleData>
		<SimpleData name="Effort">Easy</SimpleData>
		<SimpleData name="TravelDirection">Both</SimpleData>
		<SimpleData name="Shape__Length">23.7493308122219</SimpleData>
	</SchemaData></ExtendedData>
      <LineString><coordinates>151.210905064202,-33.8760365504665 151.21089204293,-33.8760357977517 151.210872077612,-33.8760330324823 151.210864177054,-33.8760319393392 151.210834766666,-33.87602153979 151.21081161771,-33.8760131221358 151.210784944876,-33.8759891496334 151.210766724512,-33.8759717834299 151.210756818788,-33.8759472780696 151.210746414878,-33.8759166029638 151.210741420342,-33.8758986326302</coordinates></LineString>
  </Placemark>
  <Placemark>
	<name>Hyde Park</name>
	<Style><LineStyle><color>ff0000ff</color></LineStyle><PolyStyle><fill>0</fill></PolyStyle></Style>
	<ExtendedData><SchemaData schemaUrl="#Navability_routes">
		<SimpleData name="OBJECTID">160</SimpleData>
		<SimpleData name="Effort">Easy</SimpleData>
		<SimpleData name="TravelDirection">Both</SimpleData>
		<SimpleData name="Shape__Length">34.9976865668047</SimpleData>
	</SchemaData></ExtendedData>
      <LineString><coordinates>151.211137089397,-33.8759111171493 151.211156079129,-33.8759081547666 151.211184796884,-33.8759328809862 151.21124362689,-33.8759838433349 151.211272344695,-33.8760085695355 151.211331175904,-33.8760595309596 151.21138861055,-33.876108983301 151.211406500852,-33.8761226438709</coordinates></LineString>
  </Placemark>
  <Placemark>
	<name>Hyde Park</name>
	<Style><LineStyle><color>ff0000ff</color></LineStyle><PolyStyle><fill>0</fill></PolyStyle></Style>
	<ExtendedData><SchemaData schemaUrl="#Navability_routes">
		<SimpleData name="OBJECTID">161</SimpleData>
		<SimpleData name="Effort">Easy</SimpleData>
		<SimpleData name="TravelDirection">Both</SimpleData>
		<SimpleData name="Shape__Length">34.2044161671274</SimpleData>
	</SchemaData></ExtendedData>
      <LineString><coordinates>151.210741420342,-33.8758986326302 151.210720365442,-33.8759132551401 151.210661278288,-33.8759542908923 151.210569233527,-33.8760182164984 151.210510146211,-33.8760592530738 151.210477826012,-33.8760816986154 151.210456894044,-33.8760955554811</coordinates></LineString>
  </Placemark>
  <Placemark>
	<name>Hyde Park</name>
	<Style><LineStyle><color>ff0000ff</color></LineStyle><PolyStyle><fill>0</fill></PolyStyle></Style>
	<ExtendedData><SchemaData schemaUrl="#Navability_routes">
		<SimpleData name="OBJECTID">162</SimpleData>
		<SimpleData name="Effort">Easy</SimpleData>
		<SimpleData name="TravelDirection">Both</SimpleData>
		<SimpleData name="Shape__Length">10.8236319300571</SimpleData>
	</SchemaData></ExtendedData>
      <LineString><coordinates>151.212200921182,-33.8759091474872 151.21218114111,-33.8759054824739 151.21214369068,-33.8758985437559 151.212106354404,-33.8758916265218 151.212086602837,-33.8758884091716</coordinates></LineString>
  </Placemark>
  <Placemark>
	<name>Hyde Park</name>
	<Style><LineStyle><color>ff0000ff</color></LineStyle><PolyStyle><fill>0</fill></PolyStyle></Style>
	<ExtendedData><SchemaData schemaUrl="#Navability_routes">
		<SimpleData name="OBJECTID">163</SimpleData>
		<SimpleData name="Effort">Easy</SimpleData>
		<SimpleData name="TravelDirection">Both</SimpleData>
		<SimpleData name="Shape__Length">106.734274516891</SimpleData>
	</SchemaData></ExtendedData>
      <LineString><coordinates>151.212200921182,-33.8759091474872 151.212200937416,-33.8759083695188 151.212215494939,-33.8757933245442 151.212230052417,-33.8756782795646 151.21229068616,-33.8751983610692 151.2123052434,-33.8750833160631 151.212312521454,-33.875025794001 151.212319800576,-33.8749682719534 151.21232191136,-33.8749521334333</coordinates></LineString>
  </Placemark>
  <Placemark>
	<name>Hyde Park</name>
	<Style><LineStyle><color>ff0000ff</color></LineStyle><PolyStyle><fill>0</fill></PolyStyle></Style>
	<ExtendedData><SchemaData schemaUrl="#Navability_routes">
		<SimpleData name="OBJECTID">164</SimpleData>
		<SimpleData name="Effort">Easy</SimpleData>
		<SimpleData name="TravelDirection">Both</SimpleData>
		<SimpleData name="Shape__Length">36.2452048820078</SimpleData>
	</SchemaData></ExtendedData>
      <LineString><coordinates>151.211498237359,-33.8758055002098 151.211493864782,-33.8758251064352 151.211459037708,-33.8759534155984 151.211419485006,-33.876099126492 151.211406500852,-33.8761226438709</coordinates></LineString>
  </Placemark>
  <Placemark>
	<name>Hyde Park</name>
	<Style><LineStyle><color>ff0000ff</color></LineStyle><PolyStyle><fill>0</fill></PolyStyle></Style>
	<ExtendedData><SchemaData schemaUrl="#Navability_routes">
		<SimpleData name="OBJECTID">165</SimpleData>
		<SimpleData name="Effort">Easy</SimpleData>
		<SimpleData name="TravelDirection">Both</SimpleData>
		<SimpleData name="Shape__Length">55.2033755894492</SimpleData>
	</SchemaData></ExtendedData>
      <LineString><coordinates>151.211498237359,-33.8758055002098 151.211518185832,-33.8758080351881 151.211791645836,-33.8758464906738 151.212066851272,-33.8758851918183 151.212086602837,-33.8758884091716</coordinates></LineString>
  </Placemark>
  <Placemark>
	<name>Hyde Park</name>
	<Style><LineStyle><color>ff0000ff</color></LineStyle><PolyStyle><fill>0</fill></PolyStyle></Style>
	<ExtendedData><SchemaData schemaUrl="#Navability_routes">
		<SimpleData name="OBJECTID">166</SimpleData>
		<SimpleData name="Effort">Easy</SimpleData>
		<SimpleData name="TravelDirection">Both</SimpleData>
		<SimpleData name="Shape__Length">56.9729145684955</SimpleData>
	</SchemaData></ExtendedData>
      <LineString><coordinates>151.211498237359,-33.8758055002098 151.211502609934,-33.8757858939842 151.211522033324,-33.8756742138235 151.211542847371,-33.8755545373552 151.211552559014,-33.8754986972687 151.211573374046,-33.8753790208048 151.211583085645,-33.875323180713 151.211587398685,-33.8752972569097</coordinates></LineString>
  </Placemark>
  <Placemark>
	<name>Hyde Park</name>
	<Style><LineStyle><color>ff0000ff</color></LineStyle><PolyStyle><fill>0</fill></PolyStyle></Style>
	<ExtendedData><SchemaData schemaUrl="#Navability_routes">
		<SimpleData name="OBJECTID">167</SimpleData>
		<SimpleData name="Effort">Easy</SimpleData>
		<SimpleData name="TravelDirection">Both</SimpleData>
		<SimpleData name="Shape__Length">16.2092121152713</SimpleData>
	</SchemaData></ExtendedData>
      <LineString><coordinates>151.211162822896,-33.8757666448478 151.211162298788,-33.8757763688427 151.211150825955,-33.8758289884399 151.211144005954,-33.8758721937821 151.211137089397,-33.8759111171493</coordinates></LineString>
  </Placemark>
  <Placemark>
	<name>Hyde Park</name>
	<Style><LineStyle><color>ff0000ff</color></LineStyle><PolyStyle><fill>0</fill></PolyStyle></Style>
	<ExtendedData><SchemaData schemaUrl="#Navability_routes">
		<SimpleData name="OBJECTID">168</SimpleData>
		<SimpleData name="Effort">Easy</SimpleData>
		<SimpleData name="TravelDirection">Both</SimpleData>
		<SimpleData name="Shape__Length">31.3280974234193</SimpleData>
	</SchemaData></ExtendedData>
      <LineString><coordinates>151.211162822896,-33.8757666448478 151.21118356146,-33.8757690326471 151.211332620508,-33.8757861444765 151.211478288887,-33.8758029652283 151.211498237359,-33.8758055002098</coordinates></LineString>
  </Placemark>
  <Placemark>
	<name>Hyde Park</name>
	<Style><LineStyle><color>ff0000ff</color></LineStyle><PolyStyle><fill>0</fill></PolyStyle></Style>
	<ExtendedData><SchemaData schemaUrl="#Navability_routes">
		<SimpleData name="OBJECTID">169</SimpleData>
		<SimpleData name="Effort">Easy</SimpleData>
		<SimpleData name="TravelDirection">Both</SimpleData>
		<SimpleData name="Shape__Length">35.1879719117389</SimpleData>
	</SchemaData></ExtendedData>
      <LineString><coordinates>151.211162822896,-33.8757666448478 151.211163372851,-33.8757564595359 151.211184317629,-33.8756109212568 151.211204261654,-33.8754723533354 151.21120821506,-33.8754516995205</coordinates></LineString>
  </Placemark>
  <Placemark>
	<name>Hyde Park</name>
	<Style><LineStyle><color>ff0000ff</color></LineStyle><PolyStyle><fill>0</fill></PolyStyle></Style>
	<ExtendedData><SchemaData schemaUrl="#Navability_routes">
		<SimpleData name="OBJECTID">170</SimpleData>
		<SimpleData name="Effort">Easy</SimpleData>
		<SimpleData name="TravelDirection">Both</SimpleData>
		<SimpleData name="Shape__Length">20.7711800338203</SimpleData>
	</SchemaData></ExtendedData>
      <LineString><coordinates>151.210743457764,-33.8757127535793 151.210740926813,-33.8757263737062 151.210736168963,-33.8757552577443 151.210733258281,-33.8757729283929 151.210731951304,-33.8758052801608 151.210730599639,-33.8758441202183 151.210734354753,-33.8758643395296 151.210739323772,-33.8758910897595 151.210741420342,-33.8758986326302</coordinates></LineString>
  </Placemark>
  <Placemark>
	<name>Hyde Park</name>
	<Style><LineStyle><color>ff0000ff</color></LineStyle><PolyStyle><fill>0</fill></PolyStyle></Style>
	<ExtendedData><SchemaData schemaUrl="#Navability_routes">
		<SimpleData name="OBJECTID">171</SimpleData>
		<SimpleData name="Effort">Easy</SimpleData>
		<SimpleData name="TravelDirection">Both</SimpleData>
		<SimpleData name="Shape__Length">30.3590147186357</SimpleData>
	</SchemaData></ExtendedData>
      <LineString><coordinates>151.210743457764,-33.8757127535793 151.210718862514,-33.875709662234 151.210581333723,-33.8756922870341 151.210441602476,-33.8756748237763 151.210419062806,-33.8756714547408</coordinates></LineString>
  </Placemark>
  <Placemark>
	<name>Hyde Park</name>
	<Style><LineStyle><color>ff0000ff</color></LineStyle><PolyStyle><fill>0</fill></PolyStyle></Style>
	<ExtendedData><SchemaData schemaUrl="#Navability_routes">
		<SimpleData name="OBJECTID">172</SimpleData>
		<SimpleData name="Effort">Easy</SimpleData>
		<SimpleData name="TravelDirection">Both</SimpleData>
		<SimpleData name="Shape__Length">32.7384290081807</SimpleData>
	</SchemaData></ExtendedData>
      <LineString><coordinates>151.210743457764,-33.8757127535793 151.210745501587,-33.8757017522506 151.210775541628,-33.8755562460735 151.21080327857,-33.8754218312294</coordinates></LineString>
  </Placemark>
  <Placemark>
	<name>Hyde Park</name>
	<Style><LineStyle><color>ff0000ff</color></LineStyle><PolyStyle><fill>0</fill></PolyStyle></Style>
	<ExtendedData><SchemaData schemaUrl="#Navability_routes">
		<SimpleData name="OBJECTID">173</SimpleData>
		<SimpleData name="Effort">Easy</SimpleData>
		<SimpleData name="TravelDirection">Both</SimpleData>
		<SimpleData name="Shape__Length">48.2695997911579</SimpleData>
	</SchemaData></ExtendedData>
      <LineString><coordinates>151.210419062806,-33.8756714547408 151.210414453727,-33.8756934182491 151.210404168031,-33.8757613846367 151.210393934354,-33.8758262903626 151.210392737906,-33.8758788093956 151.210391744195,-33.8759271085138 151.210401804638,-33.8759670269271 151.210412992113,-33.8760132351353 151.210426815648,-33.876040587431 151.210443546229,-33.8760743599831 151.210456894044,-33.8760955554811</coordinates></LineString>
  </Placemark>
  <Placemark>
	<name>Hyde Park</name>
	<Style><LineStyle><color>ff0000ff</color></LineStyle><PolyStyle><fill>0</fill></PolyStyle></Style>
	<ExtendedData><SchemaData schemaUrl="#Navability_routes">
		<SimpleData name="OBJECTID">174</SimpleData>
		<SimpleData name="Effort">Easy</SimpleData>
		<SimpleData name="TravelDirection">Both</SimpleData>
		<SimpleData name="Shape__Length">133.233587531297</SimpleData>
	</SchemaData></ExtendedData>
      <LineString><coordinates>151.210419062806,-33.8756714547408 151.210396523139,-33.8756680857012 151.21022319077,-33.8756430508368 151.210034217747,-33.875616179744 151.210026025578,-33.8756234585954 151.21000365193,-33.8757060658178 151.209981863916,-33.8757865128542 151.209959490177,-33.8758691200635 151.209937702073,-33.8759495670872 151.209915328243,-33.8760321742834 151.209894339047,-33.8761096688789 151.209873349811,-33.8761871634686 151.209850975847,-33.8762697706458 151.209854012218,-33.8762798818237 151.209882766019,-33.8763054574039 151.209919296388,-33.8763376998528 151.20995817791,-33.8763722840168 151.209994709416,-33.8764045264606 151.210013047306,-33.8764193687038</coordinates></LineString>
  </Placemark>
  <Placemark>
	<name>Hyde Park</name>
	<Style><LineStyle><color>ff0000ff</color></LineStyle><PolyStyle><fill>0</fill></PolyStyle></Style>
	<ExtendedData><SchemaData schemaUrl="#Navability_routes">
		<SimpleData name="OBJECTID">175</SimpleData>
		<SimpleData name="Effort">Easy</SimpleData>
		<SimpleData name="TravelDirection">Both</SimpleData>
		<SimpleData name="Shape__Length">36.8891422501743</SimpleData>
	</SchemaData></ExtendedData>
      <LineString><coordinates>151.21120821506,-33.8754516995205 151.211187582816,-33.8754530257452 151.21101306411,-33.8754283796512 151.210831618855,-33.8754027544081 151.210814995276,-33.8754004064828 151.21081484381,-33.8754003600974</coordinates></LineString>
  </Placemark>
  <Placemark>
	<name>Hyde Park</name>
	<Style><LineStyle><color>ff0000ff</color></LineStyle><PolyStyle><fill>0</fill></PolyStyle></Style>
	<ExtendedData><SchemaData schemaUrl="#Navability_routes">
		<SimpleData name="OBJECTID">176</SimpleData>
		<SimpleData name="Effort">Easy</SimpleData>
		<SimpleData name="TravelDirection">Both</SimpleData>
		<SimpleData name="Shape__Length">13.5336018988956</SimpleData>
	</SchemaData></ExtendedData>
      <LineString><coordinates>151.21120821506,-33.8754516995205 151.211212168464,-33.8754310457053 151.211219522654,-33.8753981351927 151.211229777775,-33.8753535558733 151.211240204012,-33.8753330925384</coordinates></LineString>
  </Placemark>
  <Placemark>
	<name>Hyde Park</name>
	<Style><LineStyle><color>ff0000ff</color></LineStyle><PolyStyle><fill>0</fill></PolyStyle></Style>
	<ExtendedData><SchemaData schemaUrl="#Navability_routes">
		<SimpleData name="OBJECTID">177</SimpleData>
		<SimpleData name="Effort">Easy</SimpleData>
		<SimpleData name="TravelDirection">Both</SimpleData>
		<SimpleData name="Shape__Length">39.6918758829928</SimpleData>
	</SchemaData></ExtendedData>
      <LineString><coordinates>151.21120821506,-33.8754516995205 151.211228847323,-33.8754503723908 151.211320227687,-33.8754279032534 151.211398401206,-33.8754090674749 151.211465816512,-33.8753692677282 151.211542398844,-33.8753240571248 151.211564871656,-33.8753107905346 151.211587398685,-33.8752972569097</coordinates></LineString>
  </Placemark>
  <Placemark>
	<name>Hyde Park</name>
	<Style><LineStyle><color>ff0000ff</color></LineStyle><PolyStyle><fill>0</fill></PolyStyle></Style>
	<ExtendedData><SchemaData schemaUrl="#Navability_routes">
		<SimpleData name="OBJECTID">178</SimpleData>
		<SimpleData name="Effort">Easy</SimpleData>
		<SimpleData name="TravelDirection">Both</SimpleData>
		<SimpleData name="Shape__Length">33.9301696781639</SimpleData>
	</SchemaData></ExtendedData>
      <LineString><coordinates>151.21081484381,-33.8754003600974 151.210775995005,-33.8753883373736 151.21072024251,-33.8753681229463 151.210666730931,-33.8753486435034 151.210594418577,-33.8753087982992 151.210516568895,-33.8752659013697 151.210498540425,-33.8752500717807</coordinates></LineString>
  </Placemark>
  <Placemark>
	<name>Hyde Park</name>
	<Style><LineStyle><color>ff0000ff</color></LineStyle><PolyStyle><fill>0</fill></PolyStyle></Style>
	<ExtendedData><SchemaData schemaUrl="#Navability_routes">
		<SimpleData name="OBJECTID">179</SimpleData>
		<SimpleData name="Effort">Easy</SimpleData>
		<SimpleData name="TravelDirection">Both</SimpleData>
		<SimpleData name="Shape__Length">68.0825676153441</SimpleData>
	</SchemaData></ExtendedData>
      <LineString><coordinates>151.21081484381,-33.8754003600974 151.21081546083,-33.8753440985191 151.210826582205,-33.8752883835756 151.210829662202,-33.8752729571141 151.210832742198,-33.8752575306525 151.210838901087,-33.8752266786146 151.210858723935,-33.8751273798821 151.210871041685,-33.875065674899 151.210896467792,-33.8749383114468 151.210921103153,-33.8748149014632 151.210925256468,-33.8747940981651</coordinates></LineString>
  </Placemark>
  <Placemark>
	<name>Hyde Park</name>
	<Style><LineStyle><color>ff0000ff</color></LineStyle><PolyStyle><fill>0</fill></PolyStyle></Style>
	<ExtendedData><SchemaData schemaUrl="#Navability_routes">
		<SimpleData name="OBJECTID">180</SimpleData>
		<SimpleData name="Effort">Easy</SimpleData>
		<SimpleData name="TravelDirection">Both</SimpleData>
		<SimpleData name="Shape__Length">65.065327271877</SimpleData>
	</SchemaData></ExtendedData>
      <LineString><coordinates>151.211587398685,-33.8752972569097 151.211609926787,-33.8752837232961 151.211738079859,-33.8752053800991 151.211833425765,-33.8751470932043 151.21188109814,-33.8751179492688 151.211906798087,-33.8751022388455 151.211954470413,-33.8750730948796 151.212027965255,-33.8750281655758 151.212059747096,-33.8750087371407 151.212098751955,-33.8749848912942 151.212130533765,-33.8749654628396 151.212143536455,-33.8749575142333 151.212151144647,-33.8749477460647</coordinates></LineString>
  </Placemark>
  <Placemark>
	<name>Hyde Park</name>
	<Style><LineStyle><color>ff0000ff</color></LineStyle><PolyStyle><fill>0</fill></PolyStyle></Style>
	<ExtendedData><SchemaData schemaUrl="#Navability_routes">
		<SimpleData name="OBJECTID">181</SimpleData>
		<SimpleData name="Effort">Easy</SimpleData>
		<SimpleData name="TravelDirection">Both</SimpleData>
		<SimpleData name="Shape__Length">48.4279536352109</SimpleData>
	</SchemaData></ExtendedData>
      <LineString><coordinates>151.211587398685,-33.8752972569097 151.211591712803,-33.8752713331218 151.211598071056,-33.8752313312458 151.211610030862,-33.8751560885285 151.211620074025,-33.8750929067463 151.211625072018,-33.8750614615944 151.211630070025,-33.8750300155405 151.211635068009,-33.8749985703877 151.211648246114,-33.8749156625014 151.211653245183,-33.874884216461 151.211656388856,-33.8748644363829</coordinates></LineString>
  </Placemark>
  <Placemark>
	<name>Hyde Park</name>
	<Style><LineStyle><color>ff0000ff</color></LineStyle><PolyStyle><fill>0</fill></PolyStyle></Style>
	<ExtendedData><SchemaData schemaUrl="#Navability_routes">
		<SimpleData name="OBJECTID">182</SimpleData>
		<SimpleData name="Effort">Easy</SimpleData>
		<SimpleData name="TravelDirection">Both</SimpleData>
		<SimpleData name="Shape__Length">47.3145198296723</SimpleData>
	</SchemaData></ExtendedData>
      <LineString><coordinates>151.210498540425,-33.8752500717807 151.210495215488,-33.8752742208368 151.210458249832,-33.875467854224 151.210423671902,-33.8756494903307 151.210419062806,-33.8756714547408</coordinates></LineString>
  </Placemark>
  <Placemark>
	<name>Hyde Park</name>
	<Style><LineStyle><color>ff0000ff</color></LineStyle><PolyStyle><fill>0</fill></PolyStyle></Style>
	<ExtendedData><SchemaData schemaUrl="#Navability_routes">
		<SimpleData name="OBJECTID">183</SimpleData>
		<SimpleData name="Effort">Easy</SimpleData>
		<SimpleData name="TravelDirection">Both</SimpleData>
		<SimpleData name="Shape__Length">104.143787955362</SimpleData>
	</SchemaData></ExtendedData>
      <LineString><coordinates>151.212201387489,-33.8749545142482 151.212202380664,-33.8749663955997 151.212198288603,-33.8749989919277 151.212191574567,-33.8750524841629 151.212187483559,-33.8750850814071 151.212179790653,-33.8751463676255 151.212172342724,-33.8752057051248 151.212165895792,-33.8752570677094 151.212158447839,-33.8753164052061 151.212152000906,-33.8753677668871 151.212144572341,-33.8754269513668 151.212129690857,-33.8755455012195 151.212122262255,-33.8756046856952 151.212119225509,-33.8756288777608 151.212103997758,-33.8757501846178 151.212089141539,-33.8758685535742 151.212086602837,-33.8758884091716</coordinates></LineString>
  </Placemark>
  <Placemark>
	<name>Hyde Park</name>
	<Style><LineStyle><color>ff0000ff</color></LineStyle><PolyStyle><fill>0</fill></PolyStyle></Style>
	<ExtendedData><SchemaData schemaUrl="#Navability_routes">
		<SimpleData name="OBJECTID">184</SimpleData>
		<SimpleData name="Effort">Easy</SimpleData>
		<SimpleData name="TravelDirection">Both</SimpleData>
		<SimpleData name="Shape__Length">5.6219855868687</SimpleData>
	</SchemaData></ExtendedData>
      <LineString><coordinates>151.212201387489,-33.8749545142482 151.212211161379,-33.8749470120266 151.21222467374,-33.8749388327484 151.212239564549,-33.8749298213273 151.212249581367,-33.8749237329542</coordinates></LineString>
  </Placemark>
  <Placemark>
	<name>Hyde Park</name>
	<Style><LineStyle><color>ff0000ff</color></LineStyle><PolyStyle><fill>0</fill></PolyStyle></Style>
	<ExtendedData><SchemaData schemaUrl="#Navability_routes">
		<SimpleData name="OBJECTID">185</SimpleData>
		<SimpleData name="Effort">Easy</SimpleData>
		<SimpleData name="TravelDirection">Both</SimpleData>
		<SimpleData name="Shape__Length">127.534106431083</SimpleData>
	</SchemaData></ExtendedData>
      <LineString><coordinates>151.21232191136,-33.8749521334333 151.212322486419,-33.8749480956582 151.212337704968,-33.8748315065364 151.212352923487,-33.8747149165077 151.212414514987,-33.8742434746137 151.212428681967,-33.8741349399025 151.212442849986,-33.8740264052023 151.212444632736,-33.8739360286202 151.212446907726,-33.8738198801472 151.212433329341,-33.8738156360837</coordinates></LineString>
  </Placemark>
  <Placemark>
	<name>Hyde Park</name>
	<Style><LineStyle><color>ff0000ff</color></LineStyle><PolyStyle><fill>0</fill></PolyStyle></Style>
	<ExtendedData><SchemaData schemaUrl="#Navability_routes">
		<SimpleData name="OBJECTID">186</SimpleData>
		<SimpleData name="Effort">Easy</SimpleData>
		<SimpleData name="TravelDirection">Both</SimpleData>
		<SimpleData name="Shape__Length">4.77109387536218</SimpleData>
	</SchemaData></ExtendedData>
      <LineString><coordinates>151.212151144647,-33.8749477460647 151.212165399151,-33.8749481946199 151.212174101975,-33.8749488646818 151.212190620423,-33.8749501351175 151.212201387489,-33.8749545142482</coordinates></LineString>
  </Placemark>
  <Placemark>
	<name>Hyde Park</name>
	<Style><LineStyle><color>ff0000ff</color></LineStyle><PolyStyle><fill>0</fill></PolyStyle></Style>
	<ExtendedData><SchemaData schemaUrl="#Navability_routes">
		<SimpleData name="OBJECTID">187</SimpleData>
		<SimpleData name="Effort">Easy</SimpleData>
		<SimpleData name="TravelDirection">Both</SimpleData>
		<SimpleData name="Shape__Length">7.40777611166571</SimpleData>
	</SchemaData></ExtendedData>
      <LineString><coordinates>151.212249581367,-33.8749237329542 151.212259781205,-33.874929235535 151.212277672551,-33.8749358984683 151.212302714004,-33.8749450583925 151.21232191136,-33.8749521334333</coordinates></LineString>
  </Placemark>
  <Placemark>
	<name>Hyde Park</name>
	<Style><LineStyle><color>ff0000ff</color></LineStyle><PolyStyle><fill>0</fill></PolyStyle></Style>
	<ExtendedData><SchemaData schemaUrl="#Navability_routes">
		<SimpleData name="OBJECTID">188</SimpleData>
		<SimpleData name="Effort">Easy</SimpleData>
		<SimpleData name="TravelDirection">Both</SimpleData>
		<SimpleData name="Shape__Length">9.12407438649299</SimpleData>
	</SchemaData></ExtendedData>
      <LineString><coordinates>151.212249581367,-33.8749237329542 151.212249399447,-33.8749121411136 151.21225066349,-33.8749017145702 151.212251810845,-33.8748870878182 151.212240951308,-33.8748696798694 151.212233252757,-33.8748581322346 151.21222634936,-33.8748468170666</coordinates></LineString>
  </Placemark>
  <Placemark>
	<name>Hyde Park</name>
	<Style><LineStyle><color>ff0000ff</color></LineStyle><PolyStyle><fill>0</fill></PolyStyle></Style>
	<ExtendedData><SchemaData schemaUrl="#Navability_routes">
		<SimpleData name="OBJECTID">189</SimpleData>
		<SimpleData name="Effort">Easy</SimpleData>
		<SimpleData name="TravelDirection">Both</SimpleData>
		<SimpleData name="Shape__Length">6.75646123499352</SimpleData>
	</SchemaData></ExtendedData>
      <LineString><coordinates>151.21211541285,-33.8748960264876 151.21212177256,-33.8749059892717 151.212125732971,-33.8749157107325 151.212131184489,-33.8749279570737 151.212134858882,-33.8749309726296 151.212144500497,-33.8749375293709 151.212151144647,-33.8749477460647</coordinates></LineString>
  </Placemark>
  <Placemark>
	<name>Hyde Park</name>
	<Style><LineStyle><color>ff0000ff</color></LineStyle><PolyStyle><fill>0</fill></PolyStyle></Style>
	<ExtendedData><SchemaData schemaUrl="#Navability_routes">
		<SimpleData name="OBJECTID">190</SimpleData>
		<SimpleData name="Effort">Easy</SimpleData>
		<SimpleData name="TravelDirection">Both</SimpleData>
		<SimpleData name="Shape__Length">42.6160176117995</SimpleData>
	</SchemaData></ExtendedData>
      <LineString><coordinates>151.21211541285,-33.8748960264876 151.212103540808,-33.8748962121656 151.211996163029,-33.8748885424928 151.211884500228,-33.8748806473095 151.211776328018,-33.8748729199247 151.211664666347,-33.8748650245592 151.211656388856,-33.8748644363829</coordinates></LineString>
  </Placemark>
  <Placemark>
	<name>Hyde Park</name>
	<Style><LineStyle><color>ff0000ff</color></LineStyle><PolyStyle><fill>0</fill></PolyStyle></Style>
	<ExtendedData><SchemaData schemaUrl="#Navability_routes">
		<SimpleData name="OBJECTID">191</SimpleData>
		<SimpleData name="Effort">Easy</SimpleData>
		<SimpleData name="TravelDirection">Both</SimpleData>
		<SimpleData name="Shape__Length">63.1977642139993</SimpleData>
	</SchemaData></ExtendedData>
      <LineString><coordinates>151.211618502971,-33.8748618096386 151.211604427287,-33.8748808674118 151.21159042993,-33.8748990209707 151.211576432585,-33.8749171736263 151.211530829943,-33.8749803720541 151.211502836258,-33.8750166782647 151.211481056196,-33.875044926539 151.211440871851,-33.8751006145328 151.211414949307,-33.8751342347446 151.211389482904,-33.8751662005635 151.211347545574,-33.8752263104649 151.211322079118,-33.8752582762675 151.211298955062,-33.8752819710281 151.211254470073,-33.875327552895 151.211240204012,-33.8753330925384</coordinates></LineString>
  </Placemark>
  <Placemark>
	<name>Hyde Park</name>
	<Style><LineStyle><color>ff0000ff</color></LineStyle><PolyStyle><fill>0</fill></PolyStyle></Style>
	<ExtendedData><SchemaData schemaUrl="#Navability_routes">
		<SimpleData name="OBJECTID">192</SimpleData>
		<SimpleData name="Effort">Easy</SimpleData>
		<SimpleData name="TravelDirection">Both</SimpleData>
		<SimpleData name="Shape__Length">3.5170482421808</SimpleData>
	</SchemaData></ExtendedData>
      <LineString><coordinates>151.211618502971,-33.8748618096386 151.211656388856,-33.8748644363829</coordinates></LineString>
  </Placemark>
  <Placemark>
	<name>Hyde Park</name>
	<Style><LineStyle><color>ff0000ff</color></LineStyle><PolyStyle><fill>0</fill></PolyStyle></Style>
	<ExtendedData><SchemaData schemaUrl="#Navability_routes">
		<SimpleData name="OBJECTID">193</SimpleData>
		<SimpleData name="Effort">Easy</SimpleData>
		<SimpleData name="TravelDirection">Both</SimpleData>
		<SimpleData name="Shape__Length">55.3997175438883</SimpleData>
	</SchemaData></ExtendedData>
      <LineString><coordinates>151.21131922849,-33.8748389028628 151.211315843605,-33.8748584783396 151.211306500563,-33.8749124535489 151.211296001068,-33.8749732489775 151.211291276454,-33.8750006041718 151.211281933396,-33.8750545784755 151.211268492461,-33.875132399373 151.211259149352,-33.8751863745744 151.211254477802,-33.8752133617237 151.211249805168,-33.875240348857 151.211236365247,-33.8753181697625 151.211240204012,-33.8753330925384</coordinates></LineString>
  </Placemark>
  <Placemark>
	<name>Hyde Park</name>
	<Style><LineStyle><color>ff0000ff</color></LineStyle><PolyStyle><fill>0</fill></PolyStyle></Style>
	<ExtendedData><SchemaData schemaUrl="#Navability_routes">
		<SimpleData name="OBJECTID">194</SimpleData>
		<SimpleData name="Effort">Easy</SimpleData>
		<SimpleData name="TravelDirection">Both</SimpleData>
		<SimpleData name="Shape__Length">27.8035903311089</SimpleData>
	</SchemaData></ExtendedData>
      <LineString><coordinates>151.21131922849,-33.8748389028628 151.211329103045,-33.8748398388794 151.211451572526,-33.8748492233477 151.211594855086,-33.8748601623905 151.211618502971,-33.8748618096386</coordinates></LineString>
  </Placemark>
  <Placemark>
	<name>Hyde Park</name>
	<Style><LineStyle><color>ff0000ff</color></LineStyle><PolyStyle><fill>0</fill></PolyStyle></Style>
	<ExtendedData><SchemaData schemaUrl="#Navability_routes">
		<SimpleData name="OBJECTID">195</SimpleData>
		<SimpleData name="Effort">Easy</SimpleData>
		<SimpleData name="TravelDirection">Both</SimpleData>
		<SimpleData name="Shape__Length">18.0680718620982</SimpleData>
	</SchemaData></ExtendedData>
      <LineString><coordinates>151.21131922849,-33.8748389028628 151.211309141402,-33.8748379457244 151.211222606093,-33.8748283570337 151.21113565753,-33.8748182131197 151.211125685933,-33.8748171097578</coordinates></LineString>
  </Placemark>
  <Placemark>
	<name>Hyde Park</name>
	<Style><LineStyle><color>ff0000ff</color></LineStyle><PolyStyle><fill>0</fill></PolyStyle></Style>
	<ExtendedData><SchemaData schemaUrl="#Navability_routes">
		<SimpleData name="OBJECTID">196</SimpleData>
		<SimpleData name="Effort">Easy</SimpleData>
		<SimpleData name="TravelDirection">Both</SimpleData>
		<SimpleData name="Shape__Length">7.61184068968278</SimpleData>
	</SchemaData></ExtendedData>
      <LineString><coordinates>151.212158676773,-33.8748392458597 151.212147166808,-33.8748483992203 151.212133180621,-33.8748630181732 151.212125686418,-33.8748712613447 151.212122457041,-33.8748794555016 151.212120927361,-33.8748858771546 151.21211541285,-33.8748960264876</coordinates></LineString>
  </Placemark>
  <Placemark>
	<name>Hyde Park</name>
	<Style><LineStyle><color>ff0000ff</color></LineStyle><PolyStyle><fill>0</fill></PolyStyle></Style>
	<ExtendedData><SchemaData schemaUrl="#Navability_routes">
		<SimpleData name="OBJECTID">197</SimpleData>
		<SimpleData name="Effort">Easy</SimpleData>
		<SimpleData name="TravelDirection">Both</SimpleData>
		<SimpleData name="Shape__Length">6.60176001378823</SimpleData>
	</SchemaData></ExtendedData>
      <LineString><coordinates>151.212158676773,-33.8748392458597 151.212169451275,-33.8748436305114 151.212187392939,-33.8748402127016 151.212195048383,-33.8748391632665 151.212202816393,-33.8748418378594 151.212214428718,-33.8748464826462 151.21222634936,-33.8748468170666</coordinates></LineString>
  </Placemark>
  <Placemark>
	<name>Hyde Park</name>
	<Style><LineStyle><color>ff0000ff</color></LineStyle><PolyStyle><fill>0</fill></PolyStyle></Style>
	<ExtendedData><SchemaData schemaUrl="#Navability_routes">
		<SimpleData name="OBJECTID">198</SimpleData>
		<SimpleData name="Effort">Easy</SimpleData>
		<SimpleData name="TravelDirection">Both</SimpleData>
		<SimpleData name="Shape__Length">47.144345522483</SimpleData>
	</SchemaData></ExtendedData>
      <LineString><coordinates>151.212158676773,-33.8748392458597 151.212159412252,-33.874825706945 151.212127411557,-33.8747824728204 151.212097885036,-33.8747422656802 151.21206588442,-33.8746990306398 151.212036357954,-33.8746588234863 151.211977306185,-33.874578409176 151.211913305223,-33.8744919390313 151.211900692879,-33.8744753316071</coordinates></LineString>
  </Placemark>
  <Placemark>
	<name>Hyde Park</name>
	<Style><LineStyle><color>ff0000ff</color></LineStyle><PolyStyle><fill>0</fill></PolyStyle></Style>
	<ExtendedData><SchemaData schemaUrl="#Navability_routes">
		<SimpleData name="OBJECTID">199</SimpleData>
		<SimpleData name="Effort">Easy</SimpleData>
		<SimpleData name="TravelDirection">Both</SimpleData>
		<SimpleData name="Shape__Length">18.7184846950392</SimpleData>
	</SchemaData></ExtendedData>
      <LineString><coordinates>151.210925256468,-33.8747940981651 151.210961430569,-33.8747986065447 151.211051916125,-33.8748080904731 151.211115714337,-33.874816006395 151.211125685933,-33.8748171097578</coordinates></LineString>
  </Placemark>
  <Placemark>
	<name>Hyde Park</name>
	<Style><LineStyle><color>ff0000ff</color></LineStyle><PolyStyle><fill>0</fill></PolyStyle></Style>
	<ExtendedData><SchemaData schemaUrl="#Navability_routes">
		<SimpleData name="OBJECTID">200</SimpleData>
		<SimpleData name="Effort">Easy</SimpleData>
		<SimpleData name="TravelDirection">Both</SimpleData>
		<SimpleData name="Shape__Length">31.9624005171763</SimpleData>
	</SchemaData></ExtendedData>
      <LineString><coordinates>151.210925256468,-33.8747940981651 151.210877721901,-33.8747882642305 151.210806061191,-33.8747788380873 151.210678465988,-33.8747630059096 151.210606804244,-33.8747535796362 151.210583886262,-33.8747498561653</coordinates></LineString>
  </Placemark>
  <Placemark>
	<name>Hyde Park</name>
	<Style><LineStyle><color>ff0000ff</color></LineStyle><PolyStyle><fill>0</fill></PolyStyle></Style>
	<ExtendedData><SchemaData schemaUrl="#Navability_routes">
		<SimpleData name="OBJECTID">201</SimpleData>
		<SimpleData name="Effort">Easy</SimpleData>
		<SimpleData name="TravelDirection">Both</SimpleData>
		<SimpleData name="Shape__Length">75.2470485511419</SimpleData>
	</SchemaData></ExtendedData>
      <LineString><coordinates>151.210583886262,-33.8747498561653 151.210591887635,-33.8747715330638 151.210602181567,-33.8748005293449 151.210616730876,-33.8748416284095 151.210629872407,-33.8748786482791 151.21064301395,-33.8749156681476 151.210669784098,-33.8749912866928 151.21069092028,-33.8750508273826 151.210711345813,-33.8751085236017 151.210732483111,-33.8751680652025 151.210749642865,-33.8752165396491 151.210757216749,-33.8752379316893 151.210771166027,-33.8752772266508 151.210774952443,-33.8752879222118 151.21077873884,-33.8752986186741 151.210792689218,-33.8753379136493 151.21081484381,-33.8754003600974</coordinates></LineString>
  </Placemark>
  <Placemark>
	<name>Hyde Park</name>
	<Style><LineStyle><color>ff0000ff</color></LineStyle><PolyStyle><fill>0</fill></PolyStyle></Style>
	<ExtendedData><SchemaData schemaUrl="#Navability_routes">
		<SimpleData name="OBJECTID">202</SimpleData>
		<SimpleData name="Effort">Easy</SimpleData>
		<SimpleData name="TravelDirection">Both</SimpleData>
		<SimpleData name="Shape__Length">3.04224733387523</SimpleData>
	</SchemaData></ExtendedData>
      <LineString><coordinates>151.210583886262,-33.8747498561653 151.210551532422,-33.8747449495955</coordinates></LineString>
  </Placemark>
  <Placemark>
	<name>Hyde Park</name>
	<Style><LineStyle><color>ff0000ff</color></LineStyle><PolyStyle><fill>0</fill></PolyStyle></Style>
	<ExtendedData><SchemaData schemaUrl="#Navability_routes">
		<SimpleData name="OBJECTID">203</SimpleData>
		<SimpleData name="Effort">Easy</SimpleData>
		<SimpleData name="TravelDirection">Both</SimpleData>
		<SimpleData name="Shape__Length">51.451474050496</SimpleData>
	</SchemaData></ExtendedData>
      <LineString><coordinates>151.210583886262,-33.8747498561653 151.210576049632,-33.8747286253168 151.210493556913,-33.8745207745902 151.210417216515,-33.8743284230703 151.210409720668,-33.8743093063384</coordinates></LineString>
  </Placemark>
  <Placemark>
	<name>Hyde Park</name>
	<Style><LineStyle><color>ff0000ff</color></LineStyle><PolyStyle><fill>0</fill></PolyStyle></Style>
	<ExtendedData><SchemaData schemaUrl="#Navability_routes">
		<SimpleData name="OBJECTID">204</SimpleData>
		<SimpleData name="Effort">Easy</SimpleData>
		<SimpleData name="TravelDirection">Both</SimpleData>
		<SimpleData name="Shape__Length">56.2398329178508</SimpleData>
	</SchemaData></ExtendedData>
      <LineString><coordinates>151.210551532422,-33.8747449495955 151.210549495717,-33.8747646690733 151.21054641947,-33.8747944603423 151.210540664174,-33.874850190995 151.210537587921,-33.8748799822632 151.210531833691,-33.87493571293 151.210525681147,-33.874995296366 151.210519925837,-33.8750510261136 151.210513773273,-33.8751106095473 151.210508017925,-33.8751663401943 151.21050186536,-33.8752259227243 151.210498540425,-33.8752500717807</coordinates></LineString>
  </Placemark>
  <Placemark>
	<name>Hyde Park</name>
	<Style><LineStyle><color>ff0000ff</color></LineStyle><PolyStyle><fill>0</fill></PolyStyle></Style>
	<ExtendedData><SchemaData schemaUrl="#Navability_routes">
		<SimpleData name="OBJECTID">205</SimpleData>
		<SimpleData name="Effort">Easy</SimpleData>
		<SimpleData name="TravelDirection">Both</SimpleData>
		<SimpleData name="Shape__Length">21.6768354574041</SimpleData>
	</SchemaData></ExtendedData>
      <LineString><coordinates>151.209825380687,-33.8747212233771 151.20980546398,-33.8747193558813 151.20970860375,-33.8747102752536 151.209612119025,-33.8747012297654 151.209592537897,-33.8746993932632</coordinates></LineString>
  </Placemark>
  <Placemark>
	<name>Hyde Park</name>
	<Style><LineStyle><color>ff0000ff</color></LineStyle><PolyStyle><fill>0</fill></PolyStyle></Style>
	<ExtendedData><SchemaData schemaUrl="#Navability_routes">
		<SimpleData name="OBJECTID">206</SimpleData>
		<SimpleData name="Effort">Easy</SimpleData>
		<SimpleData name="TravelDirection">Both</SimpleData>
		<SimpleData name="Shape__Length">248.658499617522</SimpleData>
	</SchemaData></ExtendedData>
      <LineString><coordinates>151.209592537897,-33.8746993932632 151.20953600571,-33.8751204724809 151.209391880542,-33.8761909097241 151.209359159668,-33.8764345600137 151.209326437496,-33.8766782102634 151.209335682495,-33.8766895172447 151.20947202895,-33.876698606798 151.209607646705,-33.8767076477359 151.209617348584,-33.8767125102743</coordinates></LineString>
  </Placemark>
  <Placemark>
	<name>Hyde Park</name>
	<Style><LineStyle><color>ff0000ff</color></LineStyle><PolyStyle><fill>0</fill></PolyStyle></Style>
	<ExtendedData><SchemaData schemaUrl="#Navability_routes">
		<SimpleData name="OBJECTID">207</SimpleData>
		<SimpleData name="Effort">Easy</SimpleData>
		<SimpleData name="TravelDirection">Both</SimpleData>
		<SimpleData name="Shape__Length">5.53963661275322</SimpleData>
	</SchemaData></ExtendedData>
      <LineString><coordinates>151.209894410604,-33.8746531512769 151.209884006773,-33.8746529198309 151.209834552918,-33.8746518197066</coordinates></LineString>
  </Placemark>
  <Placemark>
	<name>Hyde Park</name>
	<Style><LineStyle><color>ff0000ff</color></LineStyle><PolyStyle><fill>0</fill></PolyStyle></Style>
	<ExtendedData><SchemaData schemaUrl="#Navability_routes">
		<SimpleData name="OBJECTID">208</SimpleData>
		<SimpleData name="Effort">Easy</SimpleData>
		<SimpleData name="TravelDirection">Both</SimpleData>
		<SimpleData name="Shape__Length">6.49503646624879</SimpleData>
	</SchemaData></ExtendedData>
      <LineString><coordinates>151.209964522642,-33.8746537968174 151.209957794333,-33.8746546080003 151.209951534913,-33.8746544503113 151.20993830164,-33.8746541272556 151.209894410604,-33.8746531512769</coordinates></LineString>
  </Placemark>
  <Placemark>
	<name>Hyde Park</name>
	<Style><LineStyle><color>ff0000ff</color></LineStyle><PolyStyle><fill>0</fill></PolyStyle></Style>
	<ExtendedData><SchemaData schemaUrl="#Navability_routes">
		<SimpleData name="OBJECTID">209</SimpleData>
		<SimpleData name="Effort">Easy</SimpleData>
		<SimpleData name="TravelDirection">Both</SimpleData>
		<SimpleData name="Shape__Length">82.8975450353074</SimpleData>
	</SchemaData></ExtendedData>
      <LineString><coordinates>151.209964522642,-33.8746537968174 151.209990834497,-33.8746708000863 151.210019938768,-33.8746893056515 151.210032274505,-33.874697454504 151.210072334028,-33.874745428585 151.210115395289,-33.8747969964305 151.210168753628,-33.8748608964199 151.210211815002,-33.8749124642347 151.210297936804,-33.8750156007091 151.21038044226,-33.8751144040147 151.210423096745,-33.8751654852187 151.210480511962,-33.8752342421892 151.210498540425,-33.8752500717807</coordinates></LineString>
  </Placemark>
  <Placemark>
	<name>Hyde Park</name>
	<Style><LineStyle><color>ff0000ff</color></LineStyle><PolyStyle><fill>0</fill></PolyStyle></Style>
	<ExtendedData><SchemaData schemaUrl="#Navability_routes">
		<SimpleData name="OBJECTID">210</SimpleData>
		<SimpleData name="Effort">Easy</SimpleData>
		<SimpleData name="TravelDirection">Both</SimpleData>
		<SimpleData name="Shape__Length">55.6770615824957</SimpleData>
	</SchemaData></ExtendedData>
      <LineString><coordinates>151.209964522642,-33.8746537968174 151.210022408087,-33.8746468135537 151.210031648587,-33.8746455483241 151.210042608003,-33.8746445939237 151.210106132372,-33.8746571206021 151.210167305356,-33.874669183853 151.21022847944,-33.8746812470898 151.210292003868,-33.8746937736741 151.210414351066,-33.8747178990792 151.210541401139,-33.8747429520433 151.210551532422,-33.8747449495955</coordinates></LineString>
  </Placemark>
  <Placemark>
	<name>Hyde Park</name>
	<Style><LineStyle><color>ff0000ff</color></LineStyle><PolyStyle><fill>0</fill></PolyStyle></Style>
	<ExtendedData><SchemaData schemaUrl="#Navability_routes">
		<SimpleData name="OBJECTID">211</SimpleData>
		<SimpleData name="Effort">Easy</SimpleData>
		<SimpleData name="TravelDirection">Both</SimpleData>
		<SimpleData name="Shape__Length">7.74625390697299</SimpleData>
	</SchemaData></ExtendedData>
      <LineString><coordinates>151.209834552918,-33.8746518197066 151.209831105719,-33.8746716196664 151.209829468903,-33.8746858001262 151.209826595044,-33.8747107050662 151.209825380687,-33.8747212233771</coordinates></LineString>
  </Placemark>
  <Placemark>
	<name>Hyde Park</name>
	<Style><LineStyle><color>ff0000ff</color></LineStyle><PolyStyle><fill>0</fill></PolyStyle></Style>
	<ExtendedData><SchemaData schemaUrl="#Navability_routes">
		<SimpleData name="OBJECTID">212</SimpleData>
		<SimpleData name="Effort">Easy</SimpleData>
		<SimpleData name="TravelDirection">Both</SimpleData>
		<SimpleData name="Shape__Length">30.4323714993316</SimpleData>
	</SchemaData></ExtendedData>
      <LineString><coordinates>151.209834552918,-33.8746518197066 151.209834573796,-33.8746517000783 151.209838444936,-33.8746317890528 151.20984334775,-33.8746119660612 151.209849996102,-33.8745850735265 151.209841143051,-33.874572710027 151.209731081704,-33.8745632761609 151.209631769797,-33.8745547631105 151.20961217784,-33.8745530842597</coordinates></LineString>
  </Placemark>
  <Placemark>
	<name>Hyde Park</name>
	<Style><LineStyle><color>ff0000ff</color></LineStyle><PolyStyle><fill>0</fill></PolyStyle></Style>
	<ExtendedData><SchemaData schemaUrl="#Navability_routes">
		<SimpleData name="OBJECTID">213</SimpleData>
		<SimpleData name="Effort">Easy</SimpleData>
		<SimpleData name="TravelDirection">Both</SimpleData>
		<SimpleData name="Shape__Length">16.329004728956</SimpleData>
	</SchemaData></ExtendedData>
      <LineString><coordinates>151.20961217784,-33.8745530842597 151.209592537897,-33.8746993932632</coordinates></LineString>
  </Placemark>
  <Placemark>
	<name>Hyde Park</name>
	<Style><LineStyle><color>ff0000ff</color></LineStyle><PolyStyle><fill>0</fill></PolyStyle></Style>
	<ExtendedData><SchemaData schemaUrl="#Navability_routes">
		<SimpleData name="OBJECTID">214</SimpleData>
		<SimpleData name="Effort">Easy</SimpleData>
		<SimpleData name="TravelDirection">Both</SimpleData>
		<SimpleData name="Shape__Length">50.1895787916385</SimpleData>
	</SchemaData></ExtendedData>
      <LineString><coordinates>151.211900692879,-33.8744753316071 151.211888335802,-33.8744921311505 151.211754941841,-33.874675002432 151.211632504112,-33.8748428526782 151.211618502971,-33.8748618096386</coordinates></LineString>
  </Placemark>
  <Placemark>
	<name>Hyde Park</name>
	<Style><LineStyle><color>ff0000ff</color></LineStyle><PolyStyle><fill>0</fill></PolyStyle></Style>
	<ExtendedData><SchemaData schemaUrl="#Navability_routes">
		<SimpleData name="OBJECTID">215</SimpleData>
		<SimpleData name="Effort">Easy</SimpleData>
		<SimpleData name="TravelDirection">Both</SimpleData>
		<SimpleData name="Shape__Length">65.4063761676208</SimpleData>
	</SchemaData></ExtendedData>
      <LineString><coordinates>151.211900692879,-33.8744753316071 151.211913051013,-33.8744585329795 151.211937072544,-33.8744261592199 151.2119802144,-33.8743680206551 151.211999056717,-33.8743426269417 151.212042197426,-33.8742844874344 151.21209764185,-33.8742097675957 151.212183922937,-33.8740934884827 151.212260866659,-33.8739897946809 151.212273775867,-33.8739744531117</coordinates></LineString>
  </Placemark>
  <Placemark>
	<name>Hyde Park</name>
	<Style><LineStyle><color>ff0000ff</color></LineStyle><PolyStyle><fill>0</fill></PolyStyle></Style>
	<ExtendedData><SchemaData schemaUrl="#Navability_routes">
		<SimpleData name="OBJECTID">216</SimpleData>
		<SimpleData name="Effort">Easy</SimpleData>
		<SimpleData name="TravelDirection">Both</SimpleData>
		<SimpleData name="Shape__Length">95.6341300322255</SimpleData>
	</SchemaData></ExtendedData>
      <LineString><coordinates>151.211900692879,-33.8744753316071 151.211888081621,-33.8744587241975 151.211821561182,-33.8743733770761 151.211756404379,-33.8742897783574 151.211689885296,-33.874204430286 151.211624728744,-33.8741208315044 151.211558209918,-33.8740354833687 151.211493053616,-33.8739518845242 151.211459794305,-33.873909210879 151.211427216242,-33.8738674109864 151.211393956995,-33.8738247373252 151.211361378995,-33.8737829374169 151.21133111351,-33.873756515136</coordinates></LineString>
  </Placemark>
  <Placemark>
	<name>Hyde Park</name>
	<Style><LineStyle><color>ff0000ff</color></LineStyle><PolyStyle><fill>0</fill></PolyStyle></Style>
	<ExtendedData><SchemaData schemaUrl="#Navability_routes">
		<SimpleData name="OBJECTID">217</SimpleData>
		<SimpleData name="Effort">Easy</SimpleData>
		<SimpleData name="TravelDirection">Both</SimpleData>
		<SimpleData name="Shape__Length">56.2229097131651</SimpleData>
	</SchemaData></ExtendedData>
      <LineString><coordinates>151.210409720668,-33.8743093063384 151.210392759861,-33.8743208375923 151.210336987523,-33.8743628925521 151.210242622461,-33.8744340477846 151.210169289064,-33.874489343894 151.210122105864,-33.8745249218931 151.210094731972,-33.8745455626939 151.210047548711,-33.874581140662 151.210020174783,-33.8746017814448 151.21001531184,-33.8746063466387 151.209989367925,-33.8746306214762 151.209964522642,-33.8746537968174</coordinates></LineString>
  </Placemark>
  <Placemark>
	<name>Hyde Park</name>
	<Style><LineStyle><color>ff0000ff</color></LineStyle><PolyStyle><fill>0</fill></PolyStyle></Style>
	<ExtendedData><SchemaData schemaUrl="#Navability_routes">
		<SimpleData name="OBJECTID">218</SimpleData>
		<SimpleData name="Effort">Easy</SimpleData>
		<SimpleData name="TravelDirection">Both</SimpleData>
		<SimpleData name="Shape__Length">105.208665206193</SimpleData>
	</SchemaData></ExtendedData>
      <LineString><coordinates>151.210409720668,-33.8743093063384 151.210426681509,-33.874297773279 151.210538456897,-33.8742296265422 151.210684213819,-33.8741407616148 151.210795988824,-33.8740726137269 151.210872823898,-33.8740257687196 151.210992531987,-33.8739527834949 151.211104307591,-33.8738846353239 151.211128393468,-33.8738699503427 151.211184280646,-33.873835876197 151.211218593878,-33.8738149562761 151.211252907112,-33.8737940354435 151.211308794173,-33.873759962139 151.21133111351,-33.873756515136</coordinates></LineString>
  </Placemark>
  <Placemark>
	<name>Hyde Park</name>
	<Style><LineStyle><color>ff0000ff</color></LineStyle><PolyStyle><fill>0</fill></PolyStyle></Style>
	<ExtendedData><SchemaData schemaUrl="#Navability_routes">
		<SimpleData name="OBJECTID">219</SimpleData>
		<SimpleData name="Effort">Easy</SimpleData>
		<SimpleData name="TravelDirection">Both</SimpleData>
		<SimpleData name="Shape__Length">98.6164354220275</SimpleData>
	</SchemaData></ExtendedData>
      <LineString><coordinates>151.212273775867,-33.8739744531117 151.212289106424,-33.8739873631238 151.212299375309,-33.8739980490194 151.212305435162,-33.8740038837716 151.212314366528,-33.8740226641395 151.212320306705,-33.8740345460467 151.212309029175,-33.874136611191 151.212298072142,-33.8742348684139 151.212292433331,-33.8742859018844 151.212285584325,-33.8743473202986 151.212279945496,-33.8743983537672 151.212273096468,-33.874459772179 151.212267604115,-33.8745094840129 151.212262811046,-33.8745524681711 151.212258545021,-33.8745910729981 151.212253751959,-33.8746340562536 151.212249485924,-33.8746726610795 151.212244692851,-33.8747156443337 151.212240426806,-33.8747542491585 151.212238030265,-33.8747757407852 151.212235633723,-33.8747972324116 151.212231368749,-33.8748358372511 151.21222634936,-33.8748468170666</coordinates></LineString>
  </Placemark>
  <Placemark>
	<name>Hyde Park</name>
	<Style><LineStyle><color>ff0000ff</color></LineStyle><PolyStyle><fill>0</fill></PolyStyle></Style>
	<ExtendedData><SchemaData schemaUrl="#Navability_routes">
		<SimpleData name="OBJECTID">220</SimpleData>
		<SimpleData name="Effort">Easy</SimpleData>
		<SimpleData name="TravelDirection">Both</SimpleData>
		<SimpleData name="Shape__Length">23.0617829178404</SimpleData>
	</SchemaData></ExtendedData>
      <LineString><coordinates>151.212273775867,-33.8739744531117 151.212286686171,-33.8739591106552 151.212348933318,-33.8738949117629 151.212416343295,-33.8738253890211 151.212433329341,-33.8738156360837</coordinates></LineString>
  </Placemark>
  <Placemark>
	<name>Hyde Park</name>
	<Style><LineStyle><color>ff0000ff</color></LineStyle><PolyStyle><fill>0</fill></PolyStyle></Style>
	<ExtendedData><SchemaData schemaUrl="#Navability_routes">
		<SimpleData name="OBJECTID">221</SimpleData>
		<SimpleData name="Effort">Easy</SimpleData>
		<SimpleData name="TravelDirection">Both</SimpleData>
		<SimpleData name="Shape__Length">92.6040556208232</SimpleData>
	</SchemaData></ExtendedData>
      <LineString><coordinates>151.212273775867,-33.8739744531117 151.212258445333,-33.8739615421964 151.21220624593,-33.8739239637495 151.212147959495,-33.8738828405547 151.212099204358,-33.8738702407397 151.212047169655,-33.8738568448576 151.211939107119,-33.8738400368769 151.211828182486,-33.8738227886846 151.211760443974,-33.8738122522886 151.211649519419,-33.8737950039379 151.211583188269,-33.8737846862603 151.21152799488,-33.8737761037952 151.211445014176,-33.8737631961738 151.211389820817,-33.8737546136478 151.211366706876,-33.8737510182343 151.21133111351,-33.873756515136</coordinates></LineString>
  </Placemark>
  <Placemark>
	<name>Hyde Park</name>
	<Style><LineStyle><color>ff0000ff</color></LineStyle><PolyStyle><fill>0</fill></PolyStyle></Style>
	<ExtendedData><SchemaData schemaUrl="#Navability_routes">
		<SimpleData name="OBJECTID">222</SimpleData>
		<SimpleData name="Effort">Easy</SimpleData>
		<SimpleData name="TravelDirection">Both</SimpleData>
		<SimpleData name="Shape__Length">119.160081941011</SimpleData>
	</SchemaData></ExtendedData>
      <LineString><coordinates>151.21133111351,-33.873756515136 151.21132384975,-33.8737894540323 151.211317779596,-33.8738209377134 151.211311344671,-33.8738543070521 151.211305273426,-33.8738857907163 151.21129883957,-33.8739191600694 151.211286697055,-33.8739821273946 151.211273828225,-33.8740488660804 151.211254912356,-33.8741469616294 151.211230628262,-33.874272895374 151.211211249186,-33.8743733918379 151.211196596913,-33.8744493772324 151.211181944629,-33.8745253617218 151.211162565408,-33.8746258590717 151.211152934482,-33.8746758074147 151.211139018045,-33.8747479737813 151.211129386007,-33.8747979221049 151.211125685933,-33.8748171097578</coordinates></LineString>
  </Placemark>
  <Placemark>
	<name>Hyde Park</name>
	<Style><LineStyle><color>ff0000ff</color></LineStyle><PolyStyle><fill>0</fill></PolyStyle></Style>
	<ExtendedData><SchemaData schemaUrl="#Navability_routes">
		<SimpleData name="OBJECTID">223</SimpleData>
		<SimpleData name="Effort">Easy</SimpleData>
		<SimpleData name="TravelDirection">Both</SimpleData>
		<SimpleData name="Shape__Length">14.7118435739305</SimpleData>
	</SchemaData></ExtendedData>
      <LineString><coordinates>151.211345538985,-33.8736244190737 151.211343365747,-33.8736443196434 151.21133891648,-33.8736850571026 151.211333872258,-33.8737312495827 151.21133111351,-33.873756515136</coordinates></LineString>
  </Placemark>
  <Placemark>
	<name>Hyde Park</name>
	<Style><LineStyle><color>ff0000ff</color></LineStyle><PolyStyle><fill>0</fill></PolyStyle></Style>
	<ExtendedData><SchemaData schemaUrl="#Navability_routes">
		<SimpleData name="OBJECTID">224</SimpleData>
		<SimpleData name="Effort">Easy</SimpleData>
		<SimpleData name="TravelDirection">Both</SimpleData>
		<SimpleData name="Shape__Length">104.698792535517</SimpleData>
	</SchemaData></ExtendedData>
      <LineString><coordinates>151.211345538985,-33.8736244190737 151.21136532744,-33.873627448604 151.211482066464,-33.8736453343949 151.211598917619,-33.8736632370336 151.211673598116,-33.8736746786513 151.211750570735,-33.8736864718138 151.211849382563,-33.8737016100037 151.211961402886,-33.8737187721811 151.212045639879,-33.8737316778512 151.212157660288,-33.8737488398529 151.212222861058,-33.8737588288134 151.212285891506,-33.8737684850605 151.212365326686,-33.8737806553406 151.212428357169,-33.8737903115158 151.212433329341,-33.8738156360837</coordinates></LineString>
  </Placemark>
  <Placemark>
	<name>Hyde Park</name>
	<Style><LineStyle><color>ff0000ff</color></LineStyle><PolyStyle><fill>0</fill></PolyStyle></Style>
	<ExtendedData><SchemaData schemaUrl="#Navability_routes">
		<SimpleData name="OBJECTID">225</SimpleData>
		<SimpleData name="Effort">Easy</SimpleData>
		<SimpleData name="TravelDirection">Both</SimpleData>
		<SimpleData name="Shape__Length">121.861240276651</SimpleData>
	</SchemaData></ExtendedData>
      <LineString><coordinates>151.211345538985,-33.8736244190737 151.211325750532,-33.8736213895402 151.211298121235,-33.8736171613537 151.211225800541,-33.8736060955377 151.211130500555,-33.8735915128262 151.211058181008,-33.8735804460275 151.210951742723,-33.8735641594421 151.210807102651,-33.8735420264819 151.210706848979,-33.8735266852689 151.210562207966,-33.8735045520095 151.210459612719,-33.8734888519545 151.210316078564,-33.8734668877844 151.210171438853,-33.8734447540886 151.210137502745,-33.873425153978 151.210096141484,-33.8734001906126 151.210074456433,-33.8733815043176</coordinates></LineString>
  </Placemark>
  <Placemark>
	<name>Hyde Park</name>
	<Style><LineStyle><color>ff0000ff</color></LineStyle><PolyStyle><fill>0</fill></PolyStyle></Style>
	<ExtendedData><SchemaData schemaUrl="#Navability_routes">
		<SimpleData name="OBJECTID">226</SimpleData>
		<SimpleData name="Effort">Easy</SimpleData>
		<SimpleData name="TravelDirection">Both</SimpleData>
		<SimpleData name="Shape__Length">26.654320138743</SimpleData>
	</SchemaData></ExtendedData>
      <LineString><coordinates>151.211345538985,-33.8736244190737 151.211347712222,-33.8736045185038 151.211355508192,-33.8735331352102 151.211363245511,-33.8734622821901 151.211368146192,-33.873434565237 151.211373513422,-33.8734040740825 151.211376779022,-33.8733855996982</coordinates></LineString>
  </Placemark>
  <Placemark>
	<name>Hyde Park</name>
	<Style><LineStyle><color>ff0000ff</color></LineStyle><PolyStyle><fill>0</fill></PolyStyle></Style>
	<ExtendedData><SchemaData schemaUrl="#Navability_routes">
		<SimpleData name="OBJECTID">227</SimpleData>
		<SimpleData name="Effort">Easy</SimpleData>
		<SimpleData name="TravelDirection">Both</SimpleData>
		<SimpleData name="Shape__Length">126.502041507083</SimpleData>
	</SchemaData></ExtendedData>
      <LineString><coordinates>151.210017136055,-33.8735173521566 151.210014801082,-33.8735255222819 151.210011490503,-33.8735506896057 151.210003388867,-33.8736503136341 151.209993458231,-33.8737258129128 151.209988414273,-33.8737757358358 151.209981993037,-33.8738360078826 151.209974983945,-33.8739053753792 151.209966311687,-33.873986770496 151.209963928106,-33.8740103588094 151.209953335522,-33.8741097771009 151.209941955491,-33.8742224098046 151.209923393378,-33.874379100074 151.20990871874,-33.8745243550224 151.209907107077,-33.8745379533238 151.209904355246,-33.8745651946514 151.20990274468,-33.8745787920668 151.209899992845,-33.874606033394 151.20989677061,-33.8746332291101 151.209894410604,-33.8746531512769</coordinates></LineString>
  </Placemark>
  <Placemark>
	<name>Hyde Park</name>
	<Style><LineStyle><color>ff0000ff</color></LineStyle><PolyStyle><fill>0</fill></PolyStyle></Style>
	<ExtendedData><SchemaData schemaUrl="#Navability_routes">
		<SimpleData name="OBJECTID">228</SimpleData>
		<SimpleData name="Effort">Easy</SimpleData>
		<SimpleData name="TravelDirection">Both</SimpleData>
		<SimpleData name="Shape__Length">15.980844099086</SimpleData>
	</SchemaData></ExtendedData>
      <LineString><coordinates>151.210017136055,-33.8735173521566 151.210020349192,-33.8735061126354 151.210030756784,-33.8734821449557 151.210034226346,-33.8734741554336 151.210053055217,-33.8734307918991 151.210074456433,-33.8733815043176</coordinates></LineString>
  </Placemark>
  <Placemark>
	<name>Hyde Park</name>
	<Style><LineStyle><color>ff0000ff</color></LineStyle><PolyStyle><fill>0</fill></PolyStyle></Style>
	<ExtendedData><SchemaData schemaUrl="#Navability_routes">
		<SimpleData name="OBJECTID">229</SimpleData>
		<SimpleData name="Effort">Easy</SimpleData>
		<SimpleData name="TravelDirection">Both</SimpleData>
		<SimpleData name="Shape__Length">153.718965313041</SimpleData>
	</SchemaData></ExtendedData>
      <LineString><coordinates>151.210017136055,-33.8735173521566 151.209999849868,-33.8735097400457 151.209970311119,-33.8734967333061 151.209861870996,-33.8734489864557 151.209773255966,-33.8734099670385 151.209759309131,-33.8734178313393 151.209723551849,-33.8736931466148 151.209649675461,-33.8742647804126 151.209613918453,-33.87454009471 151.20961217784,-33.8745530842597</coordinates></LineString>
  </Placemark>
  <Placemark>
	<name>Hyde Park</name>
	<Style><LineStyle><color>ff0000ff</color></LineStyle><PolyStyle><fill>0</fill></PolyStyle></Style>
	<ExtendedData><SchemaData schemaUrl="#Navability_routes">
		<SimpleData name="OBJECTID">230</SimpleData>
		<SimpleData name="Effort">Easy</SimpleData>
		<SimpleData name="TravelDirection">Both</SimpleData>
		<SimpleData name="Shape__Length">22.346133133825</SimpleData>
	</SchemaData></ExtendedData>
      <LineString><coordinates>151.21246991041,-33.8734502070816 151.212456518315,-33.8734389014687 151.212424618367,-33.8734016844109 151.212401333704,-33.8733742500359 151.212369433803,-33.8733370329651 151.212329169018,-33.8732895895605 151.212327700301,-33.8732875988392</coordinates></LineString>
  </Placemark>
  <Placemark>
	<name>Hyde Park</name>
	<Style><LineStyle><color>ff0000ff</color></LineStyle><PolyStyle><fill>0</fill></PolyStyle></Style>
	<ExtendedData><SchemaData schemaUrl="#Navability_routes">
		<SimpleData name="OBJECTID">231</SimpleData>
		<SimpleData name="Effort">Easy</SimpleData>
		<SimpleData name="TravelDirection">Both</SimpleData>
		<SimpleData name="Shape__Length">107.680582624216</SimpleData>
	</SchemaData></ExtendedData>
      <LineString><coordinates>151.210074456433,-33.8733815043176 151.210080818165,-33.8734415022277 151.210083829837,-33.8734616945268 151.210085551755,-33.8734715900222 151.21010530945,-33.8735226659598 151.210128039661,-33.8735814228457 151.210147797404,-33.8736324987774 151.210170527671,-33.8736912556564 151.210190286542,-33.8737423315978 151.210218160676,-33.8738143863608 151.21023791852,-33.87386546228 151.21026579381,-33.8739375170493 151.210285867612,-33.8739894100217 151.210305942537,-33.8740413021055 151.210334008654,-33.8741138528855 151.210374157536,-33.8742176379224 151.210402224843,-33.8742901887047 151.210409720668,-33.8743093063384</coordinates></LineString>
  </Placemark>
  <Placemark>
	<name>Hyde Park</name>
	<Style><LineStyle><color>ff0000ff</color></LineStyle><PolyStyle><fill>0</fill></PolyStyle></Style>
	<ExtendedData><SchemaData schemaUrl="#Navability_routes">
		<SimpleData name="OBJECTID">232</SimpleData>
		<SimpleData name="Effort">Easy</SimpleData>
		<SimpleData name="TravelDirection">Both</SimpleData>
		<SimpleData name="Shape__Length">20.9379867323859</SimpleData>
	</SchemaData></ExtendedData>
      <LineString><coordinates>151.210074456433,-33.8733815043176 151.210073943469,-33.8733766653266 151.210079538163,-33.8733212299295 151.210085359763,-33.8732601069302 151.210091778145,-33.8732360370937 151.210102793251,-33.8731947314086</coordinates></LineString>
  </Placemark>
  <Placemark>
	<name>Hyde Park</name>
	<Style><LineStyle><color>ff0000ff</color></LineStyle><PolyStyle><fill>0</fill></PolyStyle></Style>
	<ExtendedData><SchemaData schemaUrl="#Navability_routes">
		<SimpleData name="OBJECTID">233</SimpleData>
		<SimpleData name="Effort">Easy</SimpleData>
		<SimpleData name="TravelDirection">Both</SimpleData>
		<SimpleData name="Shape__Length">108.279142502507</SimpleData>
	</SchemaData></ExtendedData>
      <LineString><coordinates>151.211376779022,-33.8733855996982 151.211396375498,-33.8733896408959 151.211610370335,-33.8734234783508 151.211824843796,-33.873457286315 151.211903172551,-33.8734700846701 151.21199521268,-33.8734851551025 151.212073541491,-33.873497953351 151.212165582766,-33.8735130236738 151.212220830574,-33.8735220502986 151.212307812464,-33.8735362932316 151.212363061404,-33.8735453189077 151.21237058318,-33.8735435199741 151.212414130947,-33.8735116449846 151.212472973309,-33.8734669860774 151.21246991041,-33.8734502070816</coordinates></LineString>
  </Placemark>
  <Placemark>
	<name>Hyde Park</name>
	<Style><LineStyle><color>ff0000ff</color></LineStyle><PolyStyle><fill>0</fill></PolyStyle></Style>
	<ExtendedData><SchemaData schemaUrl="#Navability_routes">
		<SimpleData name="OBJECTID">234</SimpleData>
		<SimpleData name="Effort">Easy</SimpleData>
		<SimpleData name="TravelDirection">Both</SimpleData>
		<SimpleData name="Shape__Length">119.779506312385</SimpleData>
	</SchemaData></ExtendedData>
      <LineString><coordinates>151.211376779022,-33.8733855996982 151.211357183648,-33.8733815576117 151.211296028954,-33.8733722780095 151.211226488744,-33.8733624140166 151.211165333019,-33.8733531334333 151.211095792824,-33.8733432702692 151.211033397894,-33.8733344197912 151.210911088689,-33.8733158593385 151.210881102016,-33.8733107879596 151.210810176105,-33.8732987953329 151.210687867009,-33.8732802346619 151.21063093696,-33.8732706076073 151.210574006925,-33.8732609805268 151.210451697944,-33.8732424196248 151.210371477571,-33.8732288543454 151.21030806975,-33.8732192322253 151.2102472029,-33.8732128490791 151.210183796207,-33.8732032260102 151.210122929381,-33.8731968428032 151.210102793251,-33.8731947314086</coordinates></LineString>
  </Placemark>
  <Placemark>
	<name>Hyde Park</name>
	<Style><LineStyle><color>ff0000ff</color></LineStyle><PolyStyle><fill>0</fill></PolyStyle></Style>
	<ExtendedData><SchemaData schemaUrl="#Navability_routes">
		<SimpleData name="OBJECTID">235</SimpleData>
		<SimpleData name="Effort">Easy</SimpleData>
		<SimpleData name="TravelDirection">Both</SimpleData>
		<SimpleData name="Shape__Length">30.3650512419152</SimpleData>
	</SchemaData></ExtendedData>
      <LineString><coordinates>151.212080556878,-33.8732713713831 151.21208387315,-33.8732836714997 151.212100606168,-33.8733104445477 151.21212118557,-33.8733437488366 151.212129920389,-33.8733475925969 151.212151555622,-33.8733585327441 151.212170561882,-33.8733555785472 151.212182384149,-33.8733534678161 151.212249638657,-33.8733231443782 151.212309183816,-33.8732959922694 151.212327700301,-33.8732875988392</coordinates></LineString>
  </Placemark>
  <Placemark>
	<name>Hyde Park</name>
	<Style><LineStyle><color>ff0000ff</color></LineStyle><PolyStyle><fill>0</fill></PolyStyle></Style>
	<ExtendedData><SchemaData schemaUrl="#Navability_routes">
		<SimpleData name="OBJECTID">236</SimpleData>
		<SimpleData name="Effort">Easy</SimpleData>
		<SimpleData name="TravelDirection">Both</SimpleData>
		<SimpleData name="Shape__Length">24.1012894618561</SimpleData>
	</SchemaData></ExtendedData>
      <LineString><coordinates>151.212080556878,-33.8732713713831 151.212088486703,-33.8732618802077 151.212102901212,-33.8732470826105 151.212117159239,-33.8732337742234 151.212136752967,-33.8732011089069 151.212153012746,-33.8731733106016 151.212160129296,-33.8731437303061 151.212169736864,-33.8731008737287 151.212175991772,-33.8730737814603</coordinates></LineString>
  </Placemark>
  <Placemark>
	<name>Hyde Park</name>
	<Style><LineStyle><color>ff0000ff</color></LineStyle><PolyStyle><fill>0</fill></PolyStyle></Style>
	<ExtendedData><SchemaData schemaUrl="#Navability_routes">
		<SimpleData name="OBJECTID">237</SimpleData>
		<SimpleData name="Effort">Easy</SimpleData>
		<SimpleData name="TravelDirection">Both</SimpleData>
		<SimpleData name="Shape__Length">87.1108035620386</SimpleData>
	</SchemaData></ExtendedData>
      <LineString><coordinates>151.212080556878,-33.8732713713831 151.2120693119,-33.8732685606538 151.212014902834,-33.873282294412 151.211967818715,-33.8732941794888 151.21188473303,-33.8732779287874 151.211815767745,-33.8732642410649 151.211779571206,-33.8732123496307 151.211751552528,-33.8731718234423 151.211752051496,-33.8731159532744 151.2117527222,-33.8730455341708 151.211786042815,-33.8730226852699 151.211832682472,-33.8729888363631 151.211895524866,-33.872988358985 151.211995445159,-33.8729879517518 151.212058286474,-33.8729874742749 151.212091593606,-33.8729873382002 151.212115823435,-33.8729871839906</coordinates></LineString>
  </Placemark>
  <Placemark>
	<name>Hyde Park</name>
	<Style><LineStyle><color>ff0000ff</color></LineStyle><PolyStyle><fill>0</fill></PolyStyle></Style>
	<ExtendedData><SchemaData schemaUrl="#Navability_routes">
		<SimpleData name="OBJECTID">238</SimpleData>
		<SimpleData name="Effort">Easy</SimpleData>
		<SimpleData name="TravelDirection">Both</SimpleData>
		<SimpleData name="Shape__Length">3.69397347552307</SimpleData>
	</SchemaData></ExtendedData>
      <LineString><coordinates>151.212306776722,-33.8732592329445 151.212327700301,-33.8732875988392</coordinates></LineString>
  </Placemark>
  <Placemark>
	<name>Hyde Park</name>
	<Style><LineStyle><color>ff0000ff</color></LineStyle><PolyStyle><fill>0</fill></PolyStyle></Style>
	<ExtendedData><SchemaData schemaUrl="#Navability_routes">
		<SimpleData name="OBJECTID">239</SimpleData>
		<SimpleData name="Effort">Easy</SimpleData>
		<SimpleData name="TravelDirection">Both</SimpleData>
		<SimpleData name="Shape__Length">6.21657063559768</SimpleData>
	</SchemaData></ExtendedData>
      <LineString><coordinates>151.210102793251,-33.8731947314086 151.210104787211,-33.8731872560783 151.210120736143,-33.8731407297521</coordinates></LineString>
  </Placemark>
  <Placemark>
	<name>Hyde Park</name>
	<Style><LineStyle><color>ff0000ff</color></LineStyle><PolyStyle><fill>0</fill></PolyStyle></Style>
	<ExtendedData><SchemaData schemaUrl="#Navability_routes">
		<SimpleData name="OBJECTID">240</SimpleData>
		<SimpleData name="Effort">Easy</SimpleData>
		<SimpleData name="TravelDirection">Both</SimpleData>
		<SimpleData name="Shape__Length">5.14938831432644</SimpleData>
	</SchemaData></ExtendedData>
      <LineString><coordinates>151.210065409434,-33.873135658796 151.210069697367,-33.8731360520411 151.210120736143,-33.8731407297521</coordinates></LineString>
  </Placemark>
  <Placemark>
	<name>Hyde Park</name>
	<Style><LineStyle><color>ff0000ff</color></LineStyle><PolyStyle><fill>0</fill></PolyStyle></Style>
	<ExtendedData><SchemaData schemaUrl="#Navability_routes">
		<SimpleData name="OBJECTID">241</SimpleData>
		<SimpleData name="Effort">Easy</SimpleData>
		<SimpleData name="TravelDirection">Both</SimpleData>
		<SimpleData name="Shape__Length">26.2663926864443</SimpleData>
	</SchemaData></ExtendedData>
      <LineString><coordinates>151.210065409434,-33.873135658796 151.210067467158,-33.8731157637886 151.210077424685,-33.8730195103744 151.210088230899,-33.8729150760546 151.210089819827,-33.8728997163125</coordinates></LineString>
  </Placemark>
  <Placemark>
	<name>Hyde Park</name>
	<Style><LineStyle><color>ff0000ff</color></LineStyle><PolyStyle><fill>0</fill></PolyStyle></Style>
	<ExtendedData><SchemaData schemaUrl="#Navability_routes">
		<SimpleData name="OBJECTID">242</SimpleData>
		<SimpleData name="Effort">Easy</SimpleData>
		<SimpleData name="TravelDirection">Both</SimpleData>
		<SimpleData name="Shape__Length">24.5916408127605</SimpleData>
	</SchemaData></ExtendedData>
      <LineString><coordinates>151.209801188762,-33.8731114425886 151.209862322612,-33.8731170453173 151.209922941771,-33.8731226017616 151.20998407564,-33.8731282044304 151.210065409434,-33.873135658796</coordinates></LineString>
  </Placemark>
  <Placemark>
	<name>Hyde Park</name>
	<Style><LineStyle><color>ff0000ff</color></LineStyle><PolyStyle><fill>0</fill></PolyStyle></Style>
	<ExtendedData><SchemaData schemaUrl="#Navability_routes">
		<SimpleData name="OBJECTID">243</SimpleData>
		<SimpleData name="Effort">Easy</SimpleData>
		<SimpleData name="TravelDirection">Both</SimpleData>
		<SimpleData name="Shape__Length">23.864103599332</SimpleData>
	</SchemaData></ExtendedData>
      <LineString><coordinates>151.212175991772,-33.8730737814603 151.212204145364,-33.8731140155458 151.212226686863,-33.8731461814383 151.212250999707,-33.8731803938404 151.212273541241,-33.8732125597252 151.212304940054,-33.8732567427279 151.212306776722,-33.8732592329445</coordinates></LineString>
  </Placemark>
  <Placemark>
	<name>Hyde Park</name>
	<Style><LineStyle><color>ff0000ff</color></LineStyle><PolyStyle><fill>0</fill></PolyStyle></Style>
	<ExtendedData><SchemaData schemaUrl="#Navability_routes">
		<SimpleData name="OBJECTID">244</SimpleData>
		<SimpleData name="Effort">Easy</SimpleData>
		<SimpleData name="TravelDirection">Both</SimpleData>
		<SimpleData name="Shape__Length">11.1015403722469</SimpleData>
	</SchemaData></ExtendedData>
      <LineString><coordinates>151.212175991772,-33.8730737814603 151.21216604647,-33.8730598206119 151.212141573992,-33.8730240395491 151.212119032536,-33.872991874544 151.212115823435,-33.8729871839906</coordinates></LineString>
  </Placemark>
  <Placemark>
	<name>Hyde Park</name>
	<Style><LineStyle><color>ff0000ff</color></LineStyle><PolyStyle><fill>0</fill></PolyStyle></Style>
	<ExtendedData><SchemaData schemaUrl="#Navability_routes">
		<SimpleData name="OBJECTID">245</SimpleData>
		<SimpleData name="Effort">Easy</SimpleData>
		<SimpleData name="TravelDirection">Both</SimpleData>
		<SimpleData name="Shape__Length">19.881011515408</SimpleData>
	</SchemaData></ExtendedData>
      <LineString><coordinates>151.212115823435,-33.8729871839906 151.212105390562,-33.8729719292736 151.212087692802,-33.8729461124996 151.212053494079,-33.8728974305873 151.212035796368,-33.8728716129052 151.212023998974,-33.8728544014321 151.212008254559,-33.8728320125707</coordinates></LineString>
  </Placemark>
  <Placemark>
	<name>Hyde Park</name>
	<Style><LineStyle><color>ff0000ff</color></LineStyle><PolyStyle><fill>0</fill></PolyStyle></Style>
	<ExtendedData><SchemaData schemaUrl="#Navability_routes">
		<SimpleData name="OBJECTID">246</SimpleData>
		<SimpleData name="Effort">Easy</SimpleData>
		<SimpleData name="TravelDirection">Both</SimpleData>
		<SimpleData name="Shape__Length">159.355547539913</SimpleData>
	</SchemaData></ExtendedData>
      <LineString><coordinates>151.210089819827,-33.8728997163125 151.21010982948,-33.8729006337663 151.210166601443,-33.8729030123545 151.210232240836,-33.8729062438516 151.210243508753,-33.8729001873414 151.210269579019,-33.8728567387073 151.21029496639,-33.8728144632319 151.210321035523,-33.8727710145688 151.210346422861,-33.872728738179 151.210398562055,-33.8726418417367 151.210449336549,-33.8725572889118 151.210592397876,-33.8723684005026 151.210737118391,-33.8721773177206 151.210880178453,-33.8719884280205 151.211024898751,-33.8717973448603 151.211040396442,-33.8717768487674</coordinates></LineString>
  </Placemark>
  <Placemark>
	<name>Hyde Park</name>
	<Style><LineStyle><color>ff0000ff</color></LineStyle><PolyStyle><fill>0</fill></PolyStyle></Style>
	<ExtendedData><SchemaData schemaUrl="#Navability_routes">
		<SimpleData name="OBJECTID">247</SimpleData>
		<SimpleData name="Effort">Easy</SimpleData>
		<SimpleData name="TravelDirection">Both</SimpleData>
		<SimpleData name="Shape__Length">234.969006170037</SimpleData>
	</SchemaData></ExtendedData>
      <LineString><coordinates>151.210089819827,-33.8728997163125 151.210090761049,-33.8728906259938 151.210102263832,-33.8727794441311 151.21011897445,-33.8726179368246 151.210124725783,-33.8725623467903 151.210132780952,-33.8724844964417 151.210138533363,-33.8724289055193 151.210193734502,-33.8720261659091 151.210267940174,-33.8715031690708 151.21028023236,-33.8714134844594 151.210292524516,-33.8713237998446 151.210329615703,-33.8710347763954 151.210360231989,-33.8708114040407 151.210362811332,-33.8707936492192</coordinates></LineString>
  </Placemark>
  <Placemark>
	<name>Hyde Park</name>
	<Style><LineStyle><color>ff0000ff</color></LineStyle><PolyStyle><fill>0</fill></PolyStyle></Style>
	<ExtendedData><SchemaData schemaUrl="#Navability_routes">
		<SimpleData name="OBJECTID">248</SimpleData>
		<SimpleData name="Effort">Easy</SimpleData>
		<SimpleData name="TravelDirection">Both</SimpleData>
		<SimpleData name="Shape__Length">70.9894387673252</SimpleData>
	</SchemaData></ExtendedData>
      <LineString><coordinates>151.212008254559,-33.8728320125707 151.212026930838,-33.8728222265064 151.212050802184,-33.8728097186344 151.21208494889,-33.8727918276998 151.21209796012,-33.8727952150268 151.212130863579,-33.8728455616827 151.212190107283,-33.8729362125875 151.212206559051,-33.8729613863563 151.212223010846,-33.8729865592216 151.212275938661,-33.8730675446175 151.212308841241,-33.8731178912154 151.212325293095,-33.8731430640685 151.212355963281,-33.8731899931136 151.212372415162,-33.8732151659611 151.212371115693,-33.8732277074846 151.212343049923,-33.8732417091525 151.212324925247,-33.8732503400193 151.212306776722,-33.8732592329445</coordinates></LineString>
  </Placemark>
  <Placemark>
	<name>Hyde Park</name>
	<Style><LineStyle><color>ff0000ff</color></LineStyle><PolyStyle><fill>0</fill></PolyStyle></Style>
	<ExtendedData><SchemaData schemaUrl="#Navability_routes">
		<SimpleData name="OBJECTID">249</SimpleData>
		<SimpleData name="Effort">Easy</SimpleData>
		<SimpleData name="TravelDirection">Both</SimpleData>
		<SimpleData name="Shape__Length">164.538015037649</SimpleData>
	</SchemaData></ExtendedData>
      <LineString><coordinates>151.211566758857,-33.8722932406637 151.211536573183,-33.8723106677577 151.21149556058,-33.8723321424804 151.211412745151,-33.8723755538248 151.211375030074,-33.8723953017533 151.211243259452,-33.8724643745363 151.211111096757,-33.8725335758393 151.210896510881,-33.8726460584152 151.210685494658,-33.8727565473013 151.210537095496,-33.8728327991094 151.21038452272,-33.8729115573607 151.210336288263,-33.8729436331578 151.210291600427,-33.8729732391896 151.210207407324,-33.8730539798634 151.210122590774,-33.8731353182895 151.210120736143,-33.8731407297521</coordinates></LineString>
  </Placemark>
  <Placemark>
	<name>Hyde Park</name>
	<Style><LineStyle><color>ff0000ff</color></LineStyle><PolyStyle><fill>0</fill></PolyStyle></Style>
	<ExtendedData><SchemaData schemaUrl="#Navability_routes">
		<SimpleData name="OBJECTID">250</SimpleData>
		<SimpleData name="Effort">Easy</SimpleData>
		<SimpleData name="TravelDirection">Both</SimpleData>
		<SimpleData name="Shape__Length">122.434007551999</SimpleData>
	</SchemaData></ExtendedData>
      <LineString><coordinates>151.211566758857,-33.8722932406637 151.211562798522,-33.8723333522174 151.211554238914,-33.8723817732895 151.211545078638,-33.8724335933272 151.211536519027,-33.8724820134952 151.211527357646,-33.8725338335143 151.211510238349,-33.8726306747451 151.211491916602,-33.8727343138875 151.211474797215,-33.8728311551077 151.211461072081,-33.8729087924891 151.211452512364,-33.8729572126444 151.211438787185,-33.8730348500204 151.211430226339,-33.8730832710582 151.211416550008,-33.8731606377141 151.211405136607,-33.8732251982072 151.211391459145,-33.8733025648413 151.211380045701,-33.8733671253294 151.211376779022,-33.8733855996982</coordinates></LineString>
  </Placemark>
  <Placemark>
	<name>Hyde Park</name>
	<Style><LineStyle><color>ff0000ff</color></LineStyle><PolyStyle><fill>0</fill></PolyStyle></Style>
	<ExtendedData><SchemaData schemaUrl="#Navability_routes">
		<SimpleData name="OBJECTID">251</SimpleData>
		<SimpleData name="Effort">Easy</SimpleData>
		<SimpleData name="TravelDirection">Both</SimpleData>
		<SimpleData name="Shape__Length">72.5346963769026</SimpleData>
	</SchemaData></ExtendedData>
      <LineString><coordinates>151.211566758857,-33.8722932406637 151.211591497336,-33.8723172399143 151.211658313146,-33.8723898020136 151.211713785334,-33.8724500457101 151.211769257599,-33.8725102893837 151.211819500469,-33.8725648536912 151.211887291457,-33.8726600698929 151.211955689635,-33.8727574347088 151.211978286359,-33.8727891731183 151.212008254559,-33.8728320125707</coordinates></LineString>
  </Placemark>
  <Placemark>
	<name>Hyde Park</name>
	<Style><LineStyle><color>ff0000ff</color></LineStyle><PolyStyle><fill>0</fill></PolyStyle></Style>
	<ExtendedData><SchemaData schemaUrl="#Navability_routes">
		<SimpleData name="OBJECTID">252</SimpleData>
		<SimpleData name="Effort">Easy</SimpleData>
		<SimpleData name="TravelDirection">Both</SimpleData>
		<SimpleData name="Shape__Length">75.18760537046</SimpleData>
	</SchemaData></ExtendedData>
      <LineString><coordinates>151.211566758857,-33.8722932406637 151.211543626787,-33.8722707976939 151.211513318182,-33.8722411799598 151.211452303658,-33.8721817673702 151.211421995114,-33.8721521496153 151.211360981815,-33.8720927360983 151.211300364873,-33.8720335005404 151.211178338673,-33.8719146742691 151.21105710535,-33.8717962038617 151.211040396442,-33.8717768487674</coordinates></LineString>
  </Placemark>
  <Placemark>
	<name>Hyde Park</name>
	<Style><LineStyle><color>ff0000ff</color></LineStyle><PolyStyle><fill>0</fill></PolyStyle></Style>
	<ExtendedData><SchemaData schemaUrl="#Navability_routes">
		<SimpleData name="OBJECTID">253</SimpleData>
		<SimpleData name="Effort">Easy</SimpleData>
		<SimpleData name="TravelDirection">Both</SimpleData>
		<SimpleData name="Shape__Length">32.6070240152812</SimpleData>
	</SchemaData></ExtendedData>
      <LineString><coordinates>151.211856960834,-33.8721306950193 151.211787966357,-33.8721512415553 151.211754854581,-33.872172854503 151.211705848439,-33.8722048619453 151.211672736622,-33.8722264748694 151.211647976187,-33.8722426362518 151.211598969966,-33.8722746436485 151.211566758857,-33.8722932406637</coordinates></LineString>
  </Placemark>
  <Placemark>
	<name>Hyde Park</name>
	<Style><LineStyle><color>ff0000ff</color></LineStyle><PolyStyle><fill>0</fill></PolyStyle></Style>
	<ExtendedData><SchemaData schemaUrl="#Navability_routes">
		<SimpleData name="OBJECTID">254</SimpleData>
		<SimpleData name="Effort">Easy</SimpleData>
		<SimpleData name="TravelDirection">Both</SimpleData>
		<SimpleData name="Shape__Length">52.3193391609334</SimpleData>
	</SchemaData></ExtendedData>
      <LineString><coordinates>151.211856960834,-33.8721306950193 151.211867027275,-33.8721186910517 151.211902266545,-33.8720932945799 151.211926420162,-33.8720809792885 151.211950574835,-33.8720686649093 151.212055967763,-33.8720153938879 151.212104274867,-33.8719907650394 151.212157472834,-33.8718964870651 151.212208077604,-33.8718032282729 151.212220467264,-33.8717931868192</coordinates></LineString>
  </Placemark>
  <Placemark>
	<name>Hyde Park</name>
	<Style><LineStyle><color>ff0000ff</color></LineStyle><PolyStyle><fill>0</fill></PolyStyle></Style>
	<ExtendedData><SchemaData schemaUrl="#Navability_routes">
		<SimpleData name="OBJECTID">255</SimpleData>
		<SimpleData name="Effort">Easy</SimpleData>
		<SimpleData name="TravelDirection">Both</SimpleData>
		<SimpleData name="Shape__Length">148.506540354756</SimpleData>
	</SchemaData></ExtendedData>
      <LineString><coordinates>151.212628772472,-33.8721218790595 151.212629242691,-33.8721331793163 151.212611200402,-33.872292525209 151.212584135168,-33.87253154536 151.212507306613,-33.8732057136388 151.212480241788,-33.8734447328275 151.21246991041,-33.8734502070816</coordinates></LineString>
  </Placemark>
  <Placemark>
	<name>Hyde Park</name>
	<Style><LineStyle><color>ff0000ff</color></LineStyle><PolyStyle><fill>0</fill></PolyStyle></Style>
	<ExtendedData><SchemaData schemaUrl="#Navability_routes">
		<SimpleData name="OBJECTID">256</SimpleData>
		<SimpleData name="Effort">Easy</SimpleData>
		<SimpleData name="TravelDirection">Both</SimpleData>
		<SimpleData name="Shape__Length">71.6347594936788</SimpleData>
	</SchemaData></ExtendedData>
      <LineString><coordinates>151.212628772472,-33.8721218790595 151.212607299569,-33.8721218776985 151.212533398017,-33.8721218667488 151.212460412979,-33.8721218663487 151.212387427943,-33.8721218659054 151.212313526398,-33.8721218548237 151.212228135457,-33.8721161429579 151.212142706743,-33.8721104286814 151.21210531321,-33.8721107895176 151.212034290422,-33.8721113529799 151.21199689797,-33.8721117137988 151.21196142446,-33.8721183398174 151.211856960834,-33.8721306950193</coordinates></LineString>
  </Placemark>
  <Placemark>
	<name>Hyde Park</name>
	<Style><LineStyle><color>ff0000ff</color></LineStyle><PolyStyle><fill>0</fill></PolyStyle></Style>
	<ExtendedData><SchemaData schemaUrl="#Navability_routes">
		<SimpleData name="OBJECTID">257</SimpleData>
		<SimpleData name="Effort">Easy</SimpleData>
		<SimpleData name="TravelDirection">Both</SimpleData>
		<SimpleData name="Shape__Length">7.12218079931541</SimpleData>
	</SchemaData></ExtendedData>
      <LineString><coordinates>151.212628772472,-33.8721218790595 151.21262841125,-33.8721131792085 151.212620871063,-33.8720698961343 151.212618634643,-33.8720582735771</coordinates></LineString>
  </Placemark>
  <Placemark>
	<name>Hyde Park</name>
	<Style><LineStyle><color>ff0000ff</color></LineStyle><PolyStyle><fill>0</fill></PolyStyle></Style>
	<ExtendedData><SchemaData schemaUrl="#Navability_routes">
		<SimpleData name="OBJECTID">258</SimpleData>
		<SimpleData name="Effort">Easy</SimpleData>
		<SimpleData name="TravelDirection">Both</SimpleData>
		<SimpleData name="Shape__Length">49.5724230601858</SimpleData>
	</SchemaData></ExtendedData>
      <LineString><coordinates>151.212618634643,-33.8720582735771 151.212610293609,-33.87202633093 151.212575920244,-33.8719255420862 151.212546084132,-33.8718380196904 151.212516249138,-33.8717504982055 151.212481875998,-33.8716497084374 151.212469954974,-33.8716293057451</coordinates></LineString>
  </Placemark>
  <Placemark>
	<name>Hyde Park</name>
	<Style><LineStyle><color>ff0000ff</color></LineStyle><PolyStyle><fill>0</fill></PolyStyle></Style>
	<ExtendedData><SchemaData schemaUrl="#Navability_routes">
		<SimpleData name="OBJECTID">259</SimpleData>
		<SimpleData name="Effort">Easy</SimpleData>
		<SimpleData name="TravelDirection">Both</SimpleData>
		<SimpleData name="Shape__Length">27.0649739129388</SimpleData>
	</SchemaData></ExtendedData>
      <LineString><coordinates>151.211040396442,-33.8717768487674 151.211055895206,-33.8717563526879 151.211123648124,-33.8716665869577 151.211184760154,-33.8715856195485 151.211196279439,-33.8715703579939</coordinates></LineString>
  </Placemark>
  <Placemark>
	<name>Hyde Park</name>
	<Style><LineStyle><color>ff0000ff</color></LineStyle><PolyStyle><fill>0</fill></PolyStyle></Style>
	<ExtendedData><SchemaData schemaUrl="#Navability_routes">
		<SimpleData name="OBJECTID">260</SimpleData>
		<SimpleData name="Effort">Easy</SimpleData>
		<SimpleData name="TravelDirection">Both</SimpleData>
		<SimpleData name="Shape__Length">47.2324589245029</SimpleData>
	</SchemaData></ExtendedData>
      <LineString><coordinates>151.212220467264,-33.8717931868192 151.212240081276,-33.8718061139105 151.212326679024,-33.871872163594 151.212419939126,-33.8719432018545 151.212497305764,-33.8719874476735 151.212573602619,-33.87203219372 151.212618634643,-33.8720582735771</coordinates></LineString>
  </Placemark>
  <Placemark>
	<name>Hyde Park</name>
	<Style><LineStyle><color>ff0000ff</color></LineStyle><PolyStyle><fill>0</fill></PolyStyle></Style>
	<ExtendedData><SchemaData schemaUrl="#Navability_routes">
		<SimpleData name="OBJECTID">261</SimpleData>
		<SimpleData name="Effort">Easy</SimpleData>
		<SimpleData name="TravelDirection">Both</SimpleData>
		<SimpleData name="Shape__Length">29.4033693933211</SimpleData>
	</SchemaData></ExtendedData>
      <LineString><coordinates>151.212220467264,-33.8717931868192 151.212248013267,-33.8717708617468 151.212273044925,-33.8717545905538 151.212325192204,-33.8717222163607 151.212350223852,-33.8717059442494 151.212402369992,-33.8716735700057 151.212452433222,-33.8716410257442 151.212469954974,-33.8716293057451</coordinates></LineString>
  </Placemark>
  <Placemark>
	<name>Hyde Park</name>
	<Style><LineStyle><color>ff0000ff</color></LineStyle><PolyStyle><fill>0</fill></PolyStyle></Style>
	<ExtendedData><SchemaData schemaUrl="#Navability_routes">
		<SimpleData name="OBJECTID">262</SimpleData>
		<SimpleData name="Effort">Easy</SimpleData>
		<SimpleData name="TravelDirection">Both</SimpleData>
		<SimpleData name="Shape__Length">18.3077353643282</SimpleData>
	</SchemaData></ExtendedData>
      <LineString><coordinates>151.212220467264,-33.8717931868192 151.212216009608,-33.8717679761117 151.212212884128,-33.8717424907691 151.212211731164,-33.8717325692874 151.21221068303,-33.8717288154482 151.212202537214,-33.8717109969098 151.212191377724,-33.8716865843702 151.212184213512,-33.8716800094865 151.2121585222,-33.8716705912408 151.212135655507,-33.871662424124 151.212133930097,-33.8716611835325</coordinates></LineString>
  </Placemark>
  <Placemark>
	<name>Hyde Park</name>
	<Style><LineStyle><color>ff0000ff</color></LineStyle><PolyStyle><fill>0</fill></PolyStyle></Style>
	<ExtendedData><SchemaData schemaUrl="#Navability_routes">
		<SimpleData name="OBJECTID">263</SimpleData>
		<SimpleData name="Effort">Easy</SimpleData>
		<SimpleData name="TravelDirection">Both</SimpleData>
		<SimpleData name="Shape__Length">48.2038148507492</SimpleData>
	</SchemaData></ExtendedData>
      <LineString><coordinates>151.212133930097,-33.8716611835325 151.212091844267,-33.8716309071684 151.212012560954,-33.8715720232384 151.211970258186,-33.8715399726614 151.211890975059,-33.8714810877566 151.211808771642,-33.8714188077303 151.21173319843,-33.871386467093</coordinates></LineString>
  </Placemark>
  <Placemark>
	<name>Hyde Park</name>
	<Style><LineStyle><color>ff0000ff</color></LineStyle><PolyStyle><fill>0</fill></PolyStyle></Style>
	<ExtendedData><SchemaData schemaUrl="#Navability_routes">
		<SimpleData name="OBJECTID">264</SimpleData>
		<SimpleData name="Effort">Easy</SimpleData>
		<SimpleData name="TravelDirection">Both</SimpleData>
		<SimpleData name="Shape__Length">41.3677690487665</SimpleData>
	</SchemaData></ExtendedData>
      <LineString><coordinates>151.212133930097,-33.8716611835325 151.212085823499,-33.8716565230773 151.211980840209,-33.8716463534223 151.211939263988,-33.8716423260361 151.211897687791,-33.8716382977345 151.211792704553,-33.8716281279207 151.211709552158,-33.8716200730085 151.211689785081,-33.8716181124179</coordinates></LineString>
  </Placemark>
  <Placemark>
	<name>Hyde Park</name>
	<Style><LineStyle><color>ff0000ff</color></LineStyle><PolyStyle><fill>0</fill></PolyStyle></Style>
	<ExtendedData><SchemaData schemaUrl="#Navability_routes">
		<SimpleData name="OBJECTID">265</SimpleData>
		<SimpleData name="Effort">Easy</SimpleData>
		<SimpleData name="TravelDirection">Both</SimpleData>
		<SimpleData name="Shape__Length">75.748187281994</SimpleData>
	</SchemaData></ExtendedData>
      <LineString><coordinates>151.211689785081,-33.8716181124179 151.211685388974,-33.8716428492448 151.211665684956,-33.871753848237 151.211643167908,-33.8718803912135 151.211626081743,-33.871976643216 151.211609461338,-33.8720700524672 151.211600917687,-33.8721181780055 151.211590936305,-33.8721742766231 151.21158666446,-33.8721983398417 151.211581595507,-33.8722268235553 151.211577324736,-33.8722508867889 151.211566758857,-33.8722932406637</coordinates></LineString>
  </Placemark>
  <Placemark>
	<name>Hyde Park</name>
	<Style><LineStyle><color>ff0000ff</color></LineStyle><PolyStyle><fill>0</fill></PolyStyle></Style>
	<ExtendedData><SchemaData schemaUrl="#Navability_routes">
		<SimpleData name="OBJECTID">266</SimpleData>
		<SimpleData name="Effort">Easy</SimpleData>
		<SimpleData name="TravelDirection">Both</SimpleData>
		<SimpleData name="Shape__Length">45.9639387795282</SimpleData>
	</SchemaData></ExtendedData>
      <LineString><coordinates>151.211689785081,-33.8716181124179 151.211670019067,-33.8716161527413 151.211454373856,-33.8715953541632 151.211225471443,-33.8715731796196 151.211196279439,-33.8715703579939</coordinates></LineString>
  </Placemark>
  <Placemark>
	<name>Hyde Park</name>
	<Style><LineStyle><color>ff0000ff</color></LineStyle><PolyStyle><fill>0</fill></PolyStyle></Style>
	<ExtendedData><SchemaData schemaUrl="#Navability_routes">
		<SimpleData name="OBJECTID">267</SimpleData>
		<SimpleData name="Effort">Easy</SimpleData>
		<SimpleData name="TravelDirection">Both</SimpleData>
		<SimpleData name="Shape__Length">26.0150781285303</SimpleData>
	</SchemaData></ExtendedData>
      <LineString><coordinates>151.211689785081,-33.8716181124179 151.211694181185,-33.8715933755906 151.211700264104,-33.8715591922406 151.211713062236,-33.8714871005988 151.211723805116,-33.8714267243257 151.211728071875,-33.8714026934869 151.21173319843,-33.871386467093</coordinates></LineString>
  </Placemark>
  <Placemark>
	<name>Hyde Park</name>
	<Style><LineStyle><color>ff0000ff</color></LineStyle><PolyStyle><fill>0</fill></PolyStyle></Style>
	<ExtendedData><SchemaData schemaUrl="#Navability_routes">
		<SimpleData name="OBJECTID">268</SimpleData>
		<SimpleData name="Effort">Easy</SimpleData>
		<SimpleData name="TravelDirection">Both</SimpleData>
		<SimpleData name="Shape__Length">50.9771356522296</SimpleData>
	</SchemaData></ExtendedData>
      <LineString><coordinates>151.212469954974,-33.8716293057451 151.212458032894,-33.8716089021346 151.212297951913,-33.8714455070379 151.21214046085,-33.871285313547 151.212126043014,-33.8712709604525</coordinates></LineString>
  </Placemark>
  <Placemark>
	<name>Hyde Park</name>
	<Style><LineStyle><color>ff0000ff</color></LineStyle><PolyStyle><fill>0</fill></PolyStyle></Style>
	<ExtendedData><SchemaData schemaUrl="#Navability_routes">
		<SimpleData name="OBJECTID">269</SimpleData>
		<SimpleData name="Effort">Easy</SimpleData>
		<SimpleData name="TravelDirection">Both</SimpleData>
		<SimpleData name="Shape__Length">39.6548064299787</SimpleData>
	</SchemaData></ExtendedData>
      <LineString><coordinates>151.21173319843,-33.871386467093 151.211820495361,-33.8713848324974 151.21187720653,-33.8713759367018 151.211930871365,-33.8713672455438 151.211981271017,-33.871350129774 151.212027498969,-33.8713347208518 151.212070854298,-33.8713070975855 151.212109352777,-33.8712825689331 151.212126043014,-33.8712709604525</coordinates></LineString>
  </Placemark>
  <Placemark>
	<name>Hyde Park</name>
	<Style><LineStyle><color>ff0000ff</color></LineStyle><PolyStyle><fill>0</fill></PolyStyle></Style>
	<ExtendedData><SchemaData schemaUrl="#Navability_routes">
		<SimpleData name="OBJECTID">270</SimpleData>
		<SimpleData name="Effort">Easy</SimpleData>
		<SimpleData name="TravelDirection">Both</SimpleData>
		<SimpleData name="Shape__Length">31.5920066990008</SimpleData>
	</SchemaData></ExtendedData>
      <LineString><coordinates>151.21173319843,-33.871386467093 151.211712786876,-33.8713777313716 151.211674289454,-33.8713677024037 151.211639031294,-33.8713584806187 151.211589999083,-33.8713406843678 151.211543925601,-33.8713240843824 151.211506958345,-33.871304555169 151.211471539385,-33.8712858437615 151.211460749058,-33.8712781999264 151.211452573157,-33.8712722947364 151.211432686899,-33.8712571434789</coordinates></LineString>
  </Placemark>
  <Placemark>
	<name>Hyde Park</name>
	<Style><LineStyle><color>ff0000ff</color></LineStyle><PolyStyle><fill>0</fill></PolyStyle></Style>
	<ExtendedData><SchemaData schemaUrl="#Navability_routes">
		<SimpleData name="OBJECTID">271</SimpleData>
		<SimpleData name="Effort">Easy</SimpleData>
		<SimpleData name="TravelDirection">Both</SimpleData>
		<SimpleData name="Shape__Length">26.6900601460983</SimpleData>
	</SchemaData></ExtendedData>
      <LineString><coordinates>151.212126043014,-33.8712709604525 151.212111624122,-33.8712566064394 151.212029914155,-33.8711771032087 151.211946963579,-33.8710963952246 151.211938471474,-33.8710881319265</coordinates></LineString>
  </Placemark>
  <Placemark>
	<name>Hyde Park</name>
	<Style><LineStyle><color>ff0000ff</color></LineStyle><PolyStyle><fill>0</fill></PolyStyle></Style>
	<ExtendedData><SchemaData schemaUrl="#Navability_routes">
		<SimpleData name="OBJECTID">272</SimpleData>
		<SimpleData name="Effort">Easy</SimpleData>
		<SimpleData name="TravelDirection">Both</SimpleData>
		<SimpleData name="Shape__Length">34.0862033414943</SimpleData>
	</SchemaData></ExtendedData>
      <LineString><coordinates>151.212126043014,-33.8712709604525 151.212142732185,-33.8712593510524 151.212162387985,-33.8712444130859 151.212183074132,-33.8712286920263 151.21221143679,-33.8711908426711 151.212236103159,-33.8711574069038 151.212257902909,-33.8711206913695 151.212278514998,-33.8710859766973 151.212283245177,-33.8710628867659 151.212287921058,-33.8710363883578 151.212292304554,-33.8710067530494</coordinates></LineString>
  </Placemark>
  <Placemark>
	<name>Hyde Park</name>
	<Style><LineStyle><color>ff0000ff</color></LineStyle><PolyStyle><fill>0</fill></PolyStyle></Style>
	<ExtendedData><SchemaData schemaUrl="#Navability_routes">
		<SimpleData name="OBJECTID">273</SimpleData>
		<SimpleData name="Effort">Easy</SimpleData>
		<SimpleData name="TravelDirection">Both</SimpleData>
		<SimpleData name="Shape__Length">41.0512869810293</SimpleData>
	</SchemaData></ExtendedData>
      <LineString><coordinates>151.211432686899,-33.8712571434789 151.211417622184,-33.8712771039653 151.211369029346,-33.871341484458 151.211310024539,-33.8714196592074 151.211261431537,-33.8714840396506 151.211202426531,-33.87156221434 151.211196279439,-33.8715703579939</coordinates></LineString>
  </Placemark>
  <Placemark>
	<name>Hyde Park</name>
	<Style><LineStyle><color>ff0000ff</color></LineStyle><PolyStyle><fill>0</fill></PolyStyle></Style>
	<ExtendedData><SchemaData schemaUrl="#Navability_routes">
		<SimpleData name="OBJECTID">274</SimpleData>
		<SimpleData name="Effort">Easy</SimpleData>
		<SimpleData name="TravelDirection">Both</SimpleData>
		<SimpleData name="Shape__Length">43.6329663829668</SimpleData>
	</SchemaData></ExtendedData>
      <LineString><coordinates>151.211432686899,-33.8712571434789 151.211412801729,-33.8712419922342 151.211396211749,-33.8712282829249 151.211383374701,-33.8712180132477 151.211355127438,-33.8711817434904 151.211328749981,-33.8711478760678 151.211311970115,-33.8711093940053 151.211298935032,-33.8710795067251 151.21129425694,-33.8710498517015 151.211290086,-33.8710238669227 151.211288788744,-33.8709956415575 151.211287395121,-33.8709653002049 151.211290929318,-33.8709439486451 151.211294316682,-33.8709251775458 151.211299616088,-33.87090062067</coordinates></LineString>
  </Placemark>
  <Placemark>
	<name>Hyde Park</name>
	<Style><LineStyle><color>ff0000ff</color></LineStyle><PolyStyle><fill>0</fill></PolyStyle></Style>
	<ExtendedData><SchemaData schemaUrl="#Navability_routes">
		<SimpleData name="OBJECTID">275</SimpleData>
		<SimpleData name="Effort">Easy</SimpleData>
		<SimpleData name="TravelDirection">Both</SimpleData>
		<SimpleData name="Shape__Length">56.1342483190738</SimpleData>
	</SchemaData></ExtendedData>
      <LineString><coordinates>151.21274044686,-33.8712242807388 151.212738984889,-33.8712345628497 151.212723257524,-33.8713508913345 151.212705820741,-33.87147858223 151.212686165507,-33.871498729664 151.212661450089,-33.8715247245243 151.212575921401,-33.8715701109108 151.212487474579,-33.8716175848105 151.212469954974,-33.8716293057451</coordinates></LineString>
  </Placemark>
  <Placemark>
	<name>Hyde Park</name>
	<Style><LineStyle><color>ff0000ff</color></LineStyle><PolyStyle><fill>0</fill></PolyStyle></Style>
	<ExtendedData><SchemaData schemaUrl="#Navability_routes">
		<SimpleData name="OBJECTID">276</SimpleData>
		<SimpleData name="Effort">Easy</SimpleData>
		<SimpleData name="TravelDirection">Both</SimpleData>
		<SimpleData name="Shape__Length">34.3337363624552</SimpleData>
	</SchemaData></ExtendedData>
      <LineString><coordinates>151.21274044686,-33.8712242807388 151.21274177921,-33.8712139417408 151.212764343586,-33.8710574667252 151.212782449222,-33.8709297810049 151.212784224012,-33.8709168874729</coordinates></LineString>
  </Placemark>
  <Placemark>
	<name>Hyde Park</name>
	<Style><LineStyle><color>ff0000ff</color></LineStyle><PolyStyle><fill>0</fill></PolyStyle></Style>
	<ExtendedData><SchemaData schemaUrl="#Navability_routes">
		<SimpleData name="OBJECTID">277</SimpleData>
		<SimpleData name="Effort">Easy</SimpleData>
		<SimpleData name="TravelDirection">Both</SimpleData>
		<SimpleData name="Shape__Length">48.2853939696449</SimpleData>
	</SchemaData></ExtendedData>
      <LineString><coordinates>151.21274044686,-33.8712242807388 151.212721784293,-33.8712160665169 151.212572434483,-33.8711503374994 151.212431378193,-33.8710882571725 151.212381596129,-33.8710663474224 151.21233057471,-33.8710438921476 151.212323263824,-33.8710374062199 151.212317214886,-33.8710311613355 151.212293218088,-33.8710063875742</coordinates></LineString>
  </Placemark>
  <Placemark>
	<name>Hyde Park</name>
	<Style><LineStyle><color>ff0000ff</color></LineStyle><PolyStyle><fill>0</fill></PolyStyle></Style>
	<ExtendedData><SchemaData schemaUrl="#Navability_routes">
		<SimpleData name="OBJECTID">278</SimpleData>
		<SimpleData name="Effort">Easy</SimpleData>
		<SimpleData name="TravelDirection">Both</SimpleData>
		<SimpleData name="Shape__Length">29.3756516331934</SimpleData>
	</SchemaData></ExtendedData>
      <LineString><coordinates>151.211773043087,-33.8711239943382 151.211770719043,-33.8711415987019 151.211756429879,-33.8712486247912 151.211742115693,-33.8713582466323 151.21173319843,-33.871386467093</coordinates></LineString>
  </Placemark>
  <Placemark>
	<name>Hyde Park</name>
	<Style><LineStyle><color>ff0000ff</color></LineStyle><PolyStyle><fill>0</fill></PolyStyle></Style>
	<ExtendedData><SchemaData schemaUrl="#Navability_routes">
		<SimpleData name="OBJECTID">279</SimpleData>
		<SimpleData name="Effort">Easy</SimpleData>
		<SimpleData name="TravelDirection">Both</SimpleData>
		<SimpleData name="Shape__Length">16.0319828906622</SimpleData>
	</SchemaData></ExtendedData>
      <LineString><coordinates>151.211773043087,-33.8711239943382 151.211785849679,-33.8711252605279 151.211830195806,-33.8711188490085 151.211871603675,-33.871112592305 151.211898197384,-33.8711013945226 151.21192642856,-33.8710903665843 151.211938471474,-33.8710881319265</coordinates></LineString>
  </Placemark>
  <Placemark>
	<name>Hyde Park</name>
	<Style><LineStyle><color>ff0000ff</color></LineStyle><PolyStyle><fill>0</fill></PolyStyle></Style>
	<ExtendedData><SchemaData schemaUrl="#Navability_routes">
		<SimpleData name="OBJECTID">280</SimpleData>
		<SimpleData name="Effort">Easy</SimpleData>
		<SimpleData name="TravelDirection">Both</SimpleData>
		<SimpleData name="Shape__Length">13.1908473957796</SimpleData>
	</SchemaData></ExtendedData>
      <LineString><coordinates>151.211938471474,-33.8710881319265 151.211942022282,-33.8710776339697 151.211959546727,-33.8710548505907 151.211975348747,-33.8710331188906 151.211980642689,-33.8710131671064 151.211987039601,-33.870989055357 151.211987638075,-33.8709786615315</coordinates></LineString>
  </Placemark>
  <Placemark>
	<name>Hyde Park</name>
	<Style><LineStyle><color>ff0000ff</color></LineStyle><PolyStyle><fill>0</fill></PolyStyle></Style>
	<ExtendedData><SchemaData schemaUrl="#Navability_routes">
		<SimpleData name="OBJECTID">281</SimpleData>
		<SimpleData name="Effort">Easy</SimpleData>
		<SimpleData name="TravelDirection">Both</SimpleData>
		<SimpleData name="Shape__Length">29.7410612758902</SimpleData>
	</SchemaData></ExtendedData>
      <LineString><coordinates>151.211666543878,-33.8710750211479 151.211652170728,-33.8710854169941 151.211553935214,-33.8711561952514 151.211454268819,-33.8712285514426 151.211450468751,-33.8712335857094 151.211447752688,-33.8712371830061 151.211432686899,-33.8712571434789</coordinates></LineString>
  </Placemark>
  <Placemark>
	<name>Hyde Park</name>
	<Style><LineStyle><color>ff0000ff</color></LineStyle><PolyStyle><fill>0</fill></PolyStyle></Style>
	<ExtendedData><SchemaData schemaUrl="#Navability_routes">
		<SimpleData name="OBJECTID">282</SimpleData>
		<SimpleData name="Effort">Easy</SimpleData>
		<SimpleData name="TravelDirection">Both</SimpleData>
		<SimpleData name="Shape__Length">11.5487851098461</SimpleData>
	</SchemaData></ExtendedData>
      <LineString><coordinates>151.211666543878,-33.8710750211479 151.211674291189,-33.8710831257662 151.211699963408,-33.8710990426962 151.211723877592,-33.871113470571 151.211738228536,-33.8711168304886 151.211761200958,-33.8711228233043 151.211773043087,-33.8711239943382</coordinates></LineString>
  </Placemark>
  <Placemark>
	<name>Hyde Park</name>
	<Style><LineStyle><color>ff0000ff</color></LineStyle><PolyStyle><fill>0</fill></PolyStyle></Style>
	<ExtendedData><SchemaData schemaUrl="#Navability_routes">
		<SimpleData name="OBJECTID">283</SimpleData>
		<SimpleData name="Effort">Easy</SimpleData>
		<SimpleData name="TravelDirection">Both</SimpleData>
		<SimpleData name="Shape__Length">0.0937360125773053</SimpleData>
	</SchemaData></ExtendedData>
      <LineString><coordinates>151.212293218088,-33.8710063875742 151.212292304554,-33.8710067530494</coordinates></LineString>
  </Placemark>
  <Placemark>
	<name>Hyde Park</name>
	<Style><LineStyle><color>ff0000ff</color></LineStyle><PolyStyle><fill>0</fill></PolyStyle></Style>
	<ExtendedData><SchemaData schemaUrl="#Navability_routes">
		<SimpleData name="OBJECTID">284</SimpleData>
		<SimpleData name="Effort">Easy</SimpleData>
		<SimpleData name="TravelDirection">Both</SimpleData>
		<SimpleData name="Shape__Length">0.0492751464933626</SimpleData>
	</SchemaData></ExtendedData>
      <LineString><coordinates>151.212292369966,-33.8710063121444 151.212292304554,-33.8710067530494</coordinates></LineString>
  </Placemark>
  <Placemark>
	<name>Hyde Park</name>
	<Style><LineStyle><color>ff0000ff</color></LineStyle><PolyStyle><fill>0</fill></PolyStyle></Style>
	<ExtendedData><SchemaData schemaUrl="#Navability_routes">
		<SimpleData name="OBJECTID">285</SimpleData>
		<SimpleData name="Effort">Easy</SimpleData>
		<SimpleData name="TravelDirection">Both</SimpleData>
		<SimpleData name="Shape__Length">28.3594273878692</SimpleData>
	</SchemaData></ExtendedData>
      <LineString><coordinates>151.212292369966,-33.8710063121444 151.212272662119,-33.8710045238406 151.212140166925,-33.8709925014695 151.212005901151,-33.8709803179966 151.211987638075,-33.8709786615315</coordinates></LineString>
  </Placemark>
  <Placemark>
	<name>Hyde Park</name>
	<Style><LineStyle><color>ff0000ff</color></LineStyle><PolyStyle><fill>0</fill></PolyStyle></Style>
	<ExtendedData><SchemaData schemaUrl="#Navability_routes">
		<SimpleData name="OBJECTID">286</SimpleData>
		<SimpleData name="Effort">Easy</SimpleData>
		<SimpleData name="TravelDirection">Both</SimpleData>
		<SimpleData name="Shape__Length">16.4113094166138</SimpleData>
	</SchemaData></ExtendedData>
      <LineString><coordinates>151.211620024895,-33.8709378417233 151.211617183499,-33.8709524700344 151.211620665919,-33.8709858102484 151.211624059718,-33.8710188903754 151.211638949121,-33.8710394940433 151.211656924008,-33.8710649578109 151.211666543878,-33.8710750211479</coordinates></LineString>
  </Placemark>
  <Placemark>
	<name>Hyde Park</name>
	<Style><LineStyle><color>ff0000ff</color></LineStyle><PolyStyle><fill>0</fill></PolyStyle></Style>
	<ExtendedData><SchemaData schemaUrl="#Navability_routes">
		<SimpleData name="OBJECTID">287</SimpleData>
		<SimpleData name="Effort">Easy</SimpleData>
		<SimpleData name="TravelDirection">Both</SimpleData>
		<SimpleData name="Shape__Length">29.9297197845233</SimpleData>
	</SchemaData></ExtendedData>
      <LineString><coordinates>151.211620024895,-33.8709378417233 151.211602906082,-33.8709358501332 151.211464147961,-33.8709194068469 151.211324633335,-33.8709034736286 151.211299616088,-33.87090062067</coordinates></LineString>
  </Placemark>
  <Placemark>
	<name>Hyde Park</name>
	<Style><LineStyle><color>ff0000ff</color></LineStyle><PolyStyle><fill>0</fill></PolyStyle></Style>
	<ExtendedData><SchemaData schemaUrl="#Navability_routes">
		<SimpleData name="OBJECTID">288</SimpleData>
		<SimpleData name="Effort">Easy</SimpleData>
		<SimpleData name="TravelDirection">Both</SimpleData>
		<SimpleData name="Shape__Length">10.3594155269022</SimpleData>
	</SchemaData></ExtendedData>
      <LineString><coordinates>151.211620024895,-33.8709378417233 151.211621852451,-33.8709284369209 151.21163052476,-33.8709072392942 151.211635665848,-33.8708933720745 151.211646391773,-33.8708814633599 151.21166225862,-33.8708646047608 151.211671229918,-33.8708570521429</coordinates></LineString>
  </Placemark>
  <Placemark>
	<name>Hyde Park</name>
	<Style><LineStyle><color>ff0000ff</color></LineStyle><PolyStyle><fill>0</fill></PolyStyle></Style>
	<ExtendedData><SchemaData schemaUrl="#Navability_routes">
		<SimpleData name="OBJECTID">289</SimpleData>
		<SimpleData name="Effort">Easy</SimpleData>
		<SimpleData name="TravelDirection">Both</SimpleData>
		<SimpleData name="Shape__Length">56.5172398291023</SimpleData>
	</SchemaData></ExtendedData>
      <LineString><coordinates>151.211299616088,-33.87090062067 151.211274598861,-33.870897766805 151.211147558523,-33.8708832769552 151.211008209706,-33.870867381858 151.210881169489,-33.870852890835 151.210741820784,-33.8708369954398 151.210694369216,-33.8708315883042</coordinates></LineString>
  </Placemark>
  <Placemark>
	<name>Hyde Park</name>
	<Style><LineStyle><color>ff0000ff</color></LineStyle><PolyStyle><fill>0</fill></PolyStyle></Style>
	<ExtendedData><SchemaData schemaUrl="#Navability_routes">
		<SimpleData name="OBJECTID">290</SimpleData>
		<SimpleData name="Effort">Easy</SimpleData>
		<SimpleData name="TravelDirection">Both</SimpleData>
		<SimpleData name="Shape__Length">46.8334762905602</SimpleData>
	</SchemaData></ExtendedData>
      <LineString><coordinates>151.212784224012,-33.8709168874729 151.212763614773,-33.870919547998 151.21257205039,-33.8709444422375 151.212389559749,-33.8709678519222 151.212356368436,-33.8709811290786 151.212322627714,-33.8709946245906 151.212293218088,-33.8710063875742</coordinates></LineString>
  </Placemark>
  <Placemark>
	<name>Hyde Park</name>
	<Style><LineStyle><color>ff0000ff</color></LineStyle><PolyStyle><fill>0</fill></PolyStyle></Style>
	<ExtendedData><SchemaData schemaUrl="#Navability_routes">
		<SimpleData name="OBJECTID">291</SimpleData>
		<SimpleData name="Effort">Easy</SimpleData>
		<SimpleData name="TravelDirection">Both</SimpleData>
		<SimpleData name="Shape__Length">12.0885543139459</SimpleData>
	</SchemaData></ExtendedData>
      <LineString><coordinates>151.211952554654,-33.8708754293119 151.211958772597,-33.8708833647304 151.211971411843,-33.8709081928302 151.211981964211,-33.8709299355324 151.211984757773,-33.8709474915433 151.211988191542,-33.8709690777201 151.211987638075,-33.8709786615315</coordinates></LineString>
  </Placemark>
  <Placemark>
	<name>Hyde Park</name>
	<Style><LineStyle><color>ff0000ff</color></LineStyle><PolyStyle><fill>0</fill></PolyStyle></Style>
	<ExtendedData><SchemaData schemaUrl="#Navability_routes">
		<SimpleData name="OBJECTID">292</SimpleData>
		<SimpleData name="Effort">Easy</SimpleData>
		<SimpleData name="TravelDirection">Both</SimpleData>
		<SimpleData name="Shape__Length">30.4896228327611</SimpleData>
	</SchemaData></ExtendedData>
      <LineString><coordinates>151.211952554654,-33.8708754293119 151.211967953848,-33.8708659040758 151.212083474943,-33.870794272613 151.212198400389,-33.8707233573944 151.212217672147,-33.870712156979</coordinates></LineString>
  </Placemark>
  <Placemark>
	<name>Hyde Park</name>
	<Style><LineStyle><color>ff0000ff</color></LineStyle><PolyStyle><fill>0</fill></PolyStyle></Style>
	<ExtendedData><SchemaData schemaUrl="#Navability_routes">
		<SimpleData name="OBJECTID">293</SimpleData>
		<SimpleData name="Effort">Easy</SimpleData>
		<SimpleData name="TravelDirection">Both</SimpleData>
		<SimpleData name="Shape__Length">31.3479077963686</SimpleData>
	</SchemaData></ExtendedData>
      <LineString><coordinates>151.211671229918,-33.8708570521429 151.211657939411,-33.8708445801663 151.211560608848,-33.8707538062205 151.211464808282,-33.8706633366597 151.211446075801,-33.8706458459017</coordinates></LineString>
  </Placemark>
  <Placemark>
	<name>Hyde Park</name>
	<Style><LineStyle><color>ff0000ff</color></LineStyle><PolyStyle><fill>0</fill></PolyStyle></Style>
	<ExtendedData><SchemaData schemaUrl="#Navability_routes">
		<SimpleData name="OBJECTID">294</SimpleData>
		<SimpleData name="Effort">Easy</SimpleData>
		<SimpleData name="TravelDirection">Both</SimpleData>
		<SimpleData name="Shape__Length">120.561888756269</SimpleData>
	</SchemaData></ExtendedData>
      <LineString><coordinates>151.210475607647,-33.8708066389565 151.210483077235,-33.8708326437223 151.210518358207,-33.8709554758759 151.210550238988,-33.8710664728457 151.210551852667,-33.8710699562743 151.210671330314,-33.8712440049384 151.210796810449,-33.8714269038123 151.210845989851,-33.8714985861733 151.210905728646,-33.8715856108335 151.210963948476,-33.8716704708649 151.211023688603,-33.8717574945882 151.211040396442,-33.8717768487674</coordinates></LineString>
  </Placemark>
  <Placemark>
	<name>Hyde Park</name>
	<Style><LineStyle><color>ff0000ff</color></LineStyle><PolyStyle><fill>0</fill></PolyStyle></Style>
	<ExtendedData><SchemaData schemaUrl="#Navability_routes">
		<SimpleData name="OBJECTID">295</SimpleData>
		<SimpleData name="Effort">Easy</SimpleData>
		<SimpleData name="TravelDirection">Both</SimpleData>
		<SimpleData name="Shape__Length">20.4276851221958</SimpleData>
	</SchemaData></ExtendedData>
      <LineString><coordinates>151.210475607647,-33.8708066389565 151.210519712207,-33.8708116882587 151.210591332666,-33.8708198289373 151.210694369216,-33.8708315883042</coordinates></LineString>
  </Placemark>
  <Placemark>
	<name>Hyde Park</name>
	<Style><LineStyle><color>ff0000ff</color></LineStyle><PolyStyle><fill>0</fill></PolyStyle></Style>
	<ExtendedData><SchemaData schemaUrl="#Navability_routes">
		<SimpleData name="OBJECTID">296</SimpleData>
		<SimpleData name="Effort">Easy</SimpleData>
		<SimpleData name="TravelDirection">Both</SimpleData>
		<SimpleData name="Shape__Length">10.5347104019151</SimpleData>
	</SchemaData></ExtendedData>
      <LineString><coordinates>151.210362811332,-33.8707936492192 151.210382692386,-33.8707959390072 151.21042119915,-33.8708004795972 151.210475607647,-33.8708066389565</coordinates></LineString>
  </Placemark>
  <Placemark>
	<name>Hyde Park</name>
	<Style><LineStyle><color>ff0000ff</color></LineStyle><PolyStyle><fill>0</fill></PolyStyle></Style>
	<ExtendedData><SchemaData schemaUrl="#Navability_routes">
		<SimpleData name="OBJECTID">297</SimpleData>
		<SimpleData name="Effort">Easy</SimpleData>
		<SimpleData name="TravelDirection">Both</SimpleData>
		<SimpleData name="Shape__Length">16.2587527171007</SimpleData>
	</SchemaData></ExtendedData>
      <LineString><coordinates>151.210362811332,-33.8707936492192 151.210363752243,-33.8707868484158 151.210370983774,-33.8707371826632 151.210383418287,-33.8706975603633 151.210389311074,-33.8706490528367</coordinates></LineString>
  </Placemark>
  <Placemark>
	<name>Hyde Park</name>
	<Style><LineStyle><color>ff0000ff</color></LineStyle><PolyStyle><fill>0</fill></PolyStyle></Style>
	<ExtendedData><SchemaData schemaUrl="#Navability_routes">
		<SimpleData name="OBJECTID">298</SimpleData>
		<SimpleData name="Effort">Easy</SimpleData>
		<SimpleData name="TravelDirection">Both</SimpleData>
		<SimpleData name="Shape__Length">13.7166266343554</SimpleData>
	</SchemaData></ExtendedData>
      <LineString><coordinates>151.211830067544,-33.8708120857721 151.211839963237,-33.870813334049 151.211871645728,-33.8708232009191 151.211901720132,-33.8708331481402 151.211923179704,-33.8708500408818 151.211946363073,-33.8708675258368 151.211952554654,-33.8708754293119</coordinates></LineString>
  </Placemark>
  <Placemark>
	<name>Hyde Park</name>
	<Style><LineStyle><color>ff0000ff</color></LineStyle><PolyStyle><fill>0</fill></PolyStyle></Style>
	<ExtendedData><SchemaData schemaUrl="#Navability_routes">
		<SimpleData name="OBJECTID">299</SimpleData>
		<SimpleData name="Effort">Easy</SimpleData>
		<SimpleData name="TravelDirection">Both</SimpleData>
		<SimpleData name="Shape__Length">16.1278067558908</SimpleData>
	</SchemaData></ExtendedData>
      <LineString><coordinates>151.211830067544,-33.8708120857721 151.211820117947,-33.8708108303997 151.211783404845,-33.8708129576226 151.211746942342,-33.8708157160857 151.211715296283,-33.8708317153196 151.211680888979,-33.8708489188666 151.211671229918,-33.8708570521429</coordinates></LineString>
  </Placemark>
  <Placemark>
	<name>Hyde Park</name>
	<Style><LineStyle><color>ff0000ff</color></LineStyle><PolyStyle><fill>0</fill></PolyStyle></Style>
	<ExtendedData><SchemaData schemaUrl="#Navability_routes">
		<SimpleData name="OBJECTID">300</SimpleData>
		<SimpleData name="Effort">Easy</SimpleData>
		<SimpleData name="TravelDirection">Both</SimpleData>
		<SimpleData name="Shape__Length">28.768787150744</SimpleData>
	</SchemaData></ExtendedData>
      <LineString><coordinates>151.211830067544,-33.8708120857721 151.211832632177,-33.8707938816319 151.211847689637,-33.8706864987639 151.211862857687,-33.8705792536601 151.211866346467,-33.8705544756967</coordinates></LineString>
  </Placemark>
  <Placemark>
	<name>Hyde Park</name>
	<Style><LineStyle><color>ff0000ff</color></LineStyle><PolyStyle><fill>0</fill></PolyStyle></Style>
	<ExtendedData><SchemaData schemaUrl="#Navability_routes">
		<SimpleData name="OBJECTID">301</SimpleData>
		<SimpleData name="Effort">Easy</SimpleData>
		<SimpleData name="TravelDirection">Both</SimpleData>
		<SimpleData name="Shape__Length">34.2272671741158</SimpleData>
	</SchemaData></ExtendedData>
      <LineString><coordinates>151.212217672147,-33.870712156979 151.212228818761,-33.8707284761826 151.212244562773,-33.8707515954223 151.212259258327,-33.8707725316534 151.212274401291,-33.8708168971629 151.212288727097,-33.8708587710175 151.212296184523,-33.8708880280967 151.212303088412,-33.8709151111548 151.212303331866,-33.8709187279739 151.212300090916,-33.8709468144369 151.212296257474,-33.8709800349446 151.212292369966,-33.8710063121444</coordinates></LineString>
  </Placemark>
  <Placemark>
	<name>Hyde Park</name>
	<Style><LineStyle><color>ff0000ff</color></LineStyle><PolyStyle><fill>0</fill></PolyStyle></Style>
	<ExtendedData><SchemaData schemaUrl="#Navability_routes">
		<SimpleData name="OBJECTID">302</SimpleData>
		<SimpleData name="Effort">Easy</SimpleData>
		<SimpleData name="TravelDirection">Both</SimpleData>
		<SimpleData name="Shape__Length">38.470057060373</SimpleData>
	</SchemaData></ExtendedData>
      <LineString><coordinates>151.212217672147,-33.870712156979 151.212202106179,-33.8706893649476 151.212188249996,-33.8706746764477 151.212174729665,-33.8706605230456 151.212143124575,-33.8706390194757 151.212104864541,-33.8706130656954 151.212069388587,-33.8705992690377 151.212029958063,-33.8705840812952 151.211997428064,-33.8705767036025 151.211962803747,-33.8705688770945 151.211924866734,-33.8705629358319 151.211886065673,-33.8705568539685 151.211866346467,-33.8705544756967</coordinates></LineString>
  </Placemark>
  <Placemark>
	<name>Hyde Park</name>
	<Style><LineStyle><color>ff0000ff</color></LineStyle><PolyStyle><fill>0</fill></PolyStyle></Style>
	<ExtendedData><SchemaData schemaUrl="#Navability_routes">
		<SimpleData name="OBJECTID">303</SimpleData>
		<SimpleData name="Effort">Easy</SimpleData>
		<SimpleData name="TravelDirection">Both</SimpleData>
		<SimpleData name="Shape__Length">31.916711213967</SimpleData>
	</SchemaData></ExtendedData>
      <LineString><coordinates>151.211446075801,-33.8706458459017 151.211426367397,-33.8706616477635 151.211399497105,-33.8706922126805 151.211373974394,-33.8707212452569 151.211347378281,-33.8707676244078 151.211323667445,-33.8708094447511 151.211312976596,-33.8708468101593 151.211304915509,-33.8708760628924 151.211299616088,-33.87090062067</coordinates></LineString>
  </Placemark>
  <Placemark>
	<name>Hyde Park</name>
	<Style><LineStyle><color>ff0000ff</color></LineStyle><PolyStyle><fill>0</fill></PolyStyle></Style>
	<ExtendedData><SchemaData schemaUrl="#Navability_routes">
		<SimpleData name="OBJECTID">304</SimpleData>
		<SimpleData name="Effort">Moderate</SimpleData>
		<SimpleData name="TravelDirection">Both</SimpleData>
		<SimpleData name="Shape__Length">56.7228594075333</SimpleData>
	</SchemaData></ExtendedData>
      <LineString><coordinates>151.211446075801,-33.8706458459017 151.211427343327,-33.870628355141 151.211371355042,-33.8705760166318 151.211312465788,-33.8705209632098 151.21131092711,-33.870519737943 151.211177011655,-33.8704292377543 151.211025180375,-33.8703266301489 151.210992444561,-33.8703039538356</coordinates></LineString>
  </Placemark>
  <Placemark>
	<name>Hyde Park</name>
	<Style><LineStyle><color>ff0000ff</color></LineStyle><PolyStyle><fill>0</fill></PolyStyle></Style>
	<ExtendedData><SchemaData schemaUrl="#Navability_routes">
		<SimpleData name="OBJECTID">305</SimpleData>
		<SimpleData name="Effort">Easy</SimpleData>
		<SimpleData name="TravelDirection">Both</SimpleData>
		<SimpleData name="Shape__Length">41.745460057435</SimpleData>
	</SchemaData></ExtendedData>
      <LineString><coordinates>151.211866346467,-33.8705544756967 151.211846628361,-33.8705520965361 151.211811807558,-33.8705491284328 151.211774861973,-33.8705459797871 151.211736856886,-33.8705469800014 151.211693617715,-33.8705482261453 151.2116535116,-33.8705562474673 151.211615342128,-33.8705638811872 151.211569487352,-33.8705802286853 151.211529136934,-33.8705945676405 151.211493513549,-33.8706145155218 151.211465784197,-33.8706300440364 151.211446075801,-33.8706458459017</coordinates></LineString>
  </Placemark>
  <Placemark>
	<name>Hyde Park</name>
	<Style><LineStyle><color>ff0000ff</color></LineStyle><PolyStyle><fill>0</fill></PolyStyle></Style>
	<ExtendedData><SchemaData schemaUrl="#Navability_routes">
		<SimpleData name="OBJECTID">306</SimpleData>
		<SimpleData name="Effort">Easy</SimpleData>
		<SimpleData name="TravelDirection">Both</SimpleData>
		<SimpleData name="Shape__Length">42.2217477111818</SimpleData>
	</SchemaData></ExtendedData>
      <LineString><coordinates>151.212605987023,-33.8705128281352 151.21254458769,-33.8705393628942 151.212506248243,-33.8705559784971 151.212447405043,-33.8705876135858 151.212379929181,-33.87062399189 151.212304217429,-33.870664696235 151.212236740368,-33.8707010744403 151.212217672147,-33.870712156979</coordinates></LineString>
  </Placemark>
  <Placemark>
	<name>Hyde Park</name>
	<Style><LineStyle><color>ff0000ff</color></LineStyle><PolyStyle><fill>0</fill></PolyStyle></Style>
	<ExtendedData><SchemaData schemaUrl="#Navability_routes">
		<SimpleData name="OBJECTID">307</SimpleData>
		<SimpleData name="Effort">Easy</SimpleData>
		<SimpleData name="TravelDirection">Both</SimpleData>
		<SimpleData name="Shape__Length">14.6514597982863</SimpleData>
	</SchemaData></ExtendedData>
      <LineString><coordinates>151.212605987023,-33.8705128281352 151.212646031903,-33.8704955059301 151.212699051349,-33.8704725836607 151.212726512841,-33.8704607111535 151.212746582627,-33.8704520335863</coordinates></LineString>
  </Placemark>
  <Placemark>
	<name>Hyde Park</name>
	<Style><LineStyle><color>ff0000ff</color></LineStyle><PolyStyle><fill>0</fill></PolyStyle></Style>
	<ExtendedData><SchemaData schemaUrl="#Navability_routes">
		<SimpleData name="OBJECTID">308</SimpleData>
		<SimpleData name="Effort">Easy</SimpleData>
		<SimpleData name="TravelDirection">Both</SimpleData>
		<SimpleData name="Shape__Length">82.5865939006719</SimpleData>
	</SchemaData></ExtendedData>
      <LineString><coordinates>151.212605987023,-33.8705128281352 151.212592892893,-33.8704966899118 151.212539109249,-33.8704302553891 151.212478968597,-33.8703562847093 151.212446349773,-33.870316164439 151.212392566351,-33.8702497298584 151.212370440025,-33.8702225151833 151.212267806129,-33.8701863979605 151.212165790723,-33.8701506927091 151.212063775403,-33.8701149873759 151.211954218902,-33.8700764339092 151.211935014585,-33.8700696932747</coordinates></LineString>
  </Placemark>
  <Placemark>
	<name>Hyde Park</name>
	<Style><LineStyle><color>ff0000ff</color></LineStyle><PolyStyle><fill>0</fill></PolyStyle></Style>
	<ExtendedData><SchemaData schemaUrl="#Navability_routes">
		<SimpleData name="OBJECTID">309</SimpleData>
		<SimpleData name="Effort">Easy</SimpleData>
		<SimpleData name="TravelDirection">Both</SimpleData>
		<SimpleData name="Shape__Length">38.2899812109962</SimpleData>
	</SchemaData></ExtendedData>
      <LineString><coordinates>151.210740440634,-33.870473309581 151.210713772385,-33.870490150945 151.210596262741,-33.8705607395682 151.210495456884,-33.8706215505513 151.210492212044,-33.8706229281697 151.210454321412,-33.8706324745675 151.210404482009,-33.8706451838225 151.210389311074,-33.8706490528367</coordinates></LineString>
  </Placemark>
  <Placemark>
	<name>Hyde Park</name>
	<Style><LineStyle><color>ff0000ff</color></LineStyle><PolyStyle><fill>0</fill></PolyStyle></Style>
	<ExtendedData><SchemaData schemaUrl="#Navability_routes">
		<SimpleData name="OBJECTID">310</SimpleData>
		<SimpleData name="Effort">Easy</SimpleData>
		<SimpleData name="TravelDirection">Both</SimpleData>
		<SimpleData name="Shape__Length">39.9658639144564</SimpleData>
	</SchemaData></ExtendedData>
      <LineString><coordinates>151.210740440634,-33.870473309581 151.210735991608,-33.8705056454969 151.21071541752,-33.8706659354087 151.210697537881,-33.8708067813853 151.210694369216,-33.8708315883042</coordinates></LineString>
  </Placemark>
  <Placemark>
	<name>Hyde Park</name>
	<Style><LineStyle><color>ff0000ff</color></LineStyle><PolyStyle><fill>0</fill></PolyStyle></Style>
	<ExtendedData><SchemaData schemaUrl="#Navability_routes">
		<SimpleData name="OBJECTID">311</SimpleData>
		<SimpleData name="Effort">Easy</SimpleData>
		<SimpleData name="TravelDirection">Both</SimpleData>
		<SimpleData name="Shape__Length">32.4609738067361</SimpleData>
	</SchemaData></ExtendedData>
      <LineString><coordinates>151.210740440634,-33.870473309581 151.210745923138,-33.8704334654316 151.210752617477,-33.8703729105111 151.2107582002,-33.8703289387336 151.210759065722,-33.8703256951098 151.210760762848,-33.8703227999145 151.210798581015,-33.8702745693842 151.210837858495,-33.8702244762937 151.210853281357,-33.8702048078301</coordinates></LineString>
  </Placemark>
  <Placemark>
	<name>Hyde Park</name>
	<Style><LineStyle><color>ff0000ff</color></LineStyle><PolyStyle><fill>0</fill></PolyStyle></Style>
	<ExtendedData><SchemaData schemaUrl="#Navability_routes">
		<SimpleData name="OBJECTID">312</SimpleData>
		<SimpleData name="Effort">Easy</SimpleData>
		<SimpleData name="TravelDirection">Both</SimpleData>
		<SimpleData name="Shape__Length">52.4956608474629</SimpleData>
	</SchemaData></ExtendedData>
      <LineString><coordinates>151.212746582627,-33.8704520335863 151.212750314339,-33.8704599644568 151.212785059418,-33.8705805474225 151.21281498227,-33.8706817874532 151.21280076431,-33.8707906497803 151.212785275048,-33.8709092550338 151.212784224012,-33.8709168874729</coordinates></LineString>
  </Placemark>
  <Placemark>
	<name>Hyde Park</name>
	<Style><LineStyle><color>ff0000ff</color></LineStyle><PolyStyle><fill>0</fill></PolyStyle></Style>
	<ExtendedData><SchemaData schemaUrl="#Navability_routes">
		<SimpleData name="OBJECTID">313</SimpleData>
		<SimpleData name="Effort">Easy</SimpleData>
		<SimpleData name="TravelDirection">Both</SimpleData>
		<SimpleData name="Shape__Length">29.9422311117154</SimpleData>
	</SchemaData></ExtendedData>
      <LineString><coordinates>151.210992444561,-33.8703039538356 151.210970574213,-33.870319284178 151.210881925942,-33.8703790700246 151.210767463802,-33.8704562443231 151.210740440634,-33.870473309581</coordinates></LineString>
  </Placemark>
  <Placemark>
	<name>Hyde Park</name>
	<Style><LineStyle><color>ff0000ff</color></LineStyle><PolyStyle><fill>0</fill></PolyStyle></Style>
	<ExtendedData><SchemaData schemaUrl="#Navability_routes">
		<SimpleData name="OBJECTID">314</SimpleData>
		<SimpleData name="Effort">Moderate</SimpleData>
		<SimpleData name="TravelDirection">Both</SimpleData>
		<SimpleData name="Shape__Length">88.4804054084693</SimpleData>
	</SchemaData></ExtendedData>
      <LineString><coordinates>151.210992444561,-33.8703039538356 151.211077903143,-33.8702894008232 151.211121294183,-33.8702812876179 151.211226803577,-33.8702615583916 151.211270195671,-33.8702534451484 151.211356978777,-33.8702372176982 151.211462488072,-33.8702174882661 151.211578572099,-33.8701957823433 151.211684081301,-33.8701760527177 151.211789589378,-33.8701563229842 151.211905673255,-33.8701346167472 151.211925988261,-33.8701308176982</coordinates></LineString>
  </Placemark>
  <Placemark>
	<name>Hyde Park</name>
	<Style><LineStyle><color>ff0000ff</color></LineStyle><PolyStyle><fill>0</fill></PolyStyle></Style>
	<ExtendedData><SchemaData schemaUrl="#Navability_routes">
		<SimpleData name="OBJECTID">315</SimpleData>
		<SimpleData name="Effort">Moderate</SimpleData>
		<SimpleData name="TravelDirection">Both</SimpleData>
		<SimpleData name="Shape__Length">52.543612027155</SimpleData>
	</SchemaData></ExtendedData>
      <LineString><coordinates>151.210992444561,-33.8703039538356 151.211045186802,-33.8702669827052 151.211107088105,-33.8702230415208 151.211128091277,-33.8702081322991 151.211149095541,-33.8701932221877 151.211210996739,-33.8701492809469 151.211253004103,-33.8701194615755 151.211256360288,-33.8701177717463 151.211307070418,-33.8701007193588 151.21136530657,-33.8700816499108 151.211416016659,-33.8700645974768 151.211463791863,-33.8700514240939</coordinates></LineString>
  </Placemark>
  <Placemark>
	<name>Hyde Park</name>
	<Style><LineStyle><color>ff0000ff</color></LineStyle><PolyStyle><fill>0</fill></PolyStyle></Style>
	<ExtendedData><SchemaData schemaUrl="#Navability_routes">
		<SimpleData name="OBJECTID">316</SimpleData>
		<SimpleData name="Effort">Moderate</SimpleData>
		<SimpleData name="TravelDirection">Both</SimpleData>
		<SimpleData name="Shape__Length">16.9324111485831</SimpleData>
	</SchemaData></ExtendedData>
      <LineString><coordinates>151.210853281357,-33.8702048078301 151.210871447631,-33.8702178232157 151.210925339119,-33.8702563952374 151.210970587694,-33.8702888117631 151.210992444561,-33.8703039538356</coordinates></LineString>
  </Placemark>
  <Placemark>
	<name>Hyde Park</name>
	<Style><LineStyle><color>ff0000ff</color></LineStyle><PolyStyle><fill>0</fill></PolyStyle></Style>
	<ExtendedData><SchemaData schemaUrl="#Navability_routes">
		<SimpleData name="OBJECTID">317</SimpleData>
		<SimpleData name="Effort">Moderate</SimpleData>
		<SimpleData name="TravelDirection">Both</SimpleData>
		<SimpleData name="Shape__Length">22.5234087952475</SimpleData>
	</SchemaData></ExtendedData>
      <LineString><coordinates>151.210853281357,-33.8702048078301 151.210851106431,-33.8702032495915 151.210797214991,-33.8701646784408 151.210719458385,-33.8701085265246 151.210688560647,-33.8700864115638 151.21066887504,-33.8700722315753</coordinates></LineString>
  </Placemark>
  <Placemark>
	<name>Hyde Park</name>
	<Style><LineStyle><color>ff0000ff</color></LineStyle><PolyStyle><fill>0</fill></PolyStyle></Style>
	<ExtendedData><SchemaData schemaUrl="#Navability_routes">
		<SimpleData name="OBJECTID">318</SimpleData>
		<SimpleData name="Effort">Easy</SimpleData>
		<SimpleData name="TravelDirection">Both</SimpleData>
		<SimpleData name="Shape__Length">47.3120743755006</SimpleData>
	</SchemaData></ExtendedData>
      <LineString><coordinates>151.211925988261,-33.8701308176982 151.211919646819,-33.8701760544968 151.211906369638,-33.8702699334665 151.211894425225,-33.870355113722 151.211881780794,-33.8704445174996 151.211869836343,-33.8705296968473 151.211866346467,-33.8705544756967</coordinates></LineString>
  </Placemark>
  <Placemark>
	<name>Hyde Park</name>
	<Style><LineStyle><color>ff0000ff</color></LineStyle><PolyStyle><fill>0</fill></PolyStyle></Style>
	<ExtendedData><SchemaData schemaUrl="#Navability_routes">
		<SimpleData name="OBJECTID">319</SimpleData>
		<SimpleData name="Effort">Easy</SimpleData>
		<SimpleData name="TravelDirection">Both</SimpleData>
		<SimpleData name="Shape__Length">47.6262893361214</SimpleData>
	</SchemaData></ExtendedData>
      <LineString><coordinates>151.210445946479,-33.8702222797978 151.210417541465,-33.8704166599183 151.210389311074,-33.8706490528367</coordinates></LineString>
  </Placemark>
  <Placemark>
	<name>Hyde Park</name>
	<Style><LineStyle><color>ff0000ff</color></LineStyle><PolyStyle><fill>0</fill></PolyStyle></Style>
	<ExtendedData><SchemaData schemaUrl="#Navability_routes">
		<SimpleData name="OBJECTID">320</SimpleData>
		<SimpleData name="Effort">Moderate</SimpleData>
		<SimpleData name="TravelDirection">Both</SimpleData>
		<SimpleData name="Shape__Length">76.5232846815331</SimpleData>
	</SchemaData></ExtendedData>
      <LineString><coordinates>151.21066887504,-33.8700722315753 151.210684856032,-33.8700648187162 151.210829612355,-33.8700149311636 151.210948998824,-33.8699739602562 151.211106141636,-33.8699982114405 151.211296050185,-33.8700263061912 151.211343595141,-33.8700336423705 151.211406898032,-33.8700430071992 151.211463791863,-33.8700514240939</coordinates></LineString>
  </Placemark>
  <Placemark>
	<name>Hyde Park</name>
	<Style><LineStyle><color>ff0000ff</color></LineStyle><PolyStyle><fill>0</fill></PolyStyle></Style>
	<ExtendedData><SchemaData schemaUrl="#Navability_routes">
		<SimpleData name="OBJECTID">321</SimpleData>
		<SimpleData name="Effort">Easy</SimpleData>
		<SimpleData name="TravelDirection">Both</SimpleData>
		<SimpleData name="Shape__Length">6.83119471366677</SimpleData>
	</SchemaData></ExtendedData>
      <LineString><coordinates>151.211935014585,-33.8700696932747 151.211933220362,-33.8700796792906 151.211930001994,-33.8701024313587 151.211925988261,-33.8701308176982</coordinates></LineString>
  </Placemark>
  <Placemark>
	<name>Hyde Park</name>
	<Style><LineStyle><color>ff0000ff</color></LineStyle><PolyStyle><fill>0</fill></PolyStyle></Style>
	<ExtendedData><SchemaData schemaUrl="#Navability_routes">
		<SimpleData name="OBJECTID">322</SimpleData>
		<SimpleData name="Effort">Easy</SimpleData>
		<SimpleData name="TravelDirection">Both</SimpleData>
		<SimpleData name="Shape__Length">9.84750184724677</SimpleData>
	</SchemaData></ExtendedData>
      <LineString><coordinates>151.211935014585,-33.8700696932747 151.211936802652,-33.8700597432391 151.21194159274,-33.8700326432325 151.211949863014,-33.8699850601365 151.211950422011,-33.8699818427134</coordinates></LineString>
  </Placemark>
  <Placemark>
	<name>Hyde Park</name>
	<Style><LineStyle><color>ff0000ff</color></LineStyle><PolyStyle><fill>0</fill></PolyStyle></Style>
	<ExtendedData><SchemaData schemaUrl="#Navability_routes">
		<SimpleData name="OBJECTID">323</SimpleData>
		<SimpleData name="Effort">Moderate</SimpleData>
		<SimpleData name="TravelDirection">Both</SimpleData>
		<SimpleData name="Shape__Length">0.755742667652652</SimpleData>
	</SchemaData></ExtendedData>
      <LineString><coordinates>151.211471547461,-33.870049285039 151.211463791863,-33.8700514240939</coordinates></LineString>
  </Placemark>
  <Placemark>
	<name>Hyde Park</name>
	<Style><LineStyle><color>ff0000ff</color></LineStyle><PolyStyle><fill>0</fill></PolyStyle></Style>
	<ExtendedData><SchemaData schemaUrl="#Navability_routes">
		<SimpleData name="OBJECTID">324</SimpleData>
		<SimpleData name="Effort">Moderate</SimpleData>
		<SimpleData name="TravelDirection">Both</SimpleData>
		<SimpleData name="Shape__Length">45.0899849102979</SimpleData>
	</SchemaData></ExtendedData>
      <LineString><coordinates>151.211471547461,-33.870049285039 151.211479470484,-33.8700471006218 151.21154604478,-33.870034027 151.211605089007,-33.870021453605 151.211671663267,-33.8700083799139 151.211730707442,-33.8699958073588 151.211778286852,-33.8699928937525 151.211830309656,-33.8699894954635 151.211877890142,-33.8699865818341 151.211929912959,-33.8699831826014 151.211950422011,-33.8699818427134</coordinates></LineString>
  </Placemark>
  <Placemark>
	<name>Hyde Park</name>
	<Style><LineStyle><color>ff0000ff</color></LineStyle><PolyStyle><fill>0</fill></PolyStyle></Style>
	<ExtendedData><SchemaData schemaUrl="#Navability_routes">
		<SimpleData name="OBJECTID">325</SimpleData>
		<SimpleData name="Effort">Moderate</SimpleData>
		<SimpleData name="TravelDirection">Both</SimpleData>
		<SimpleData name="Shape__Length">46.4659744306736</SimpleData>
	</SchemaData></ExtendedData>
      <LineString><coordinates>151.211464281607,-33.8699047328777 151.2114752063,-33.8698942761617 151.211587606625,-33.8699048523586 151.211825143855,-33.8699272028829 151.211881344054,-33.8699324912866 151.211937545343,-33.8699377796805 151.211957495388,-33.8699396572141 151.211957750018,-33.8699396807482</coordinates></LineString>
  </Placemark>
  <Placemark>
	<name>Hyde Park</name>
	<Style><LineStyle><color>ff0000ff</color></LineStyle><PolyStyle><fill>0</fill></PolyStyle></Style>
	<ExtendedData><SchemaData schemaUrl="#Navability_routes">
		<SimpleData name="OBJECTID">326</SimpleData>
		<SimpleData name="Effort">Moderate</SimpleData>
		<SimpleData name="TravelDirection">Both</SimpleData>
		<SimpleData name="Shape__Length">4.72520169004189</SimpleData>
	</SchemaData></ExtendedData>
      <LineString><coordinates>151.211950422011,-33.8699818427134 151.211957750018,-33.8699396807482</coordinates></LineString>
  </Placemark>
  <Placemark>
	<name>Hyde Park</name>
	<Style><LineStyle><color>ff0000ff</color></LineStyle><PolyStyle><fill>0</fill></PolyStyle></Style>
	<ExtendedData><SchemaData schemaUrl="#Navability_routes">
		<SimpleData name="OBJECTID">327</SimpleData>
		<SimpleData name="Effort">Easy</SimpleData>
		<SimpleData name="TravelDirection">Both</SimpleData>
		<SimpleData name="Shape__Length">64.5105299875916</SimpleData>
	</SchemaData></ExtendedData>
      <LineString><coordinates>151.212291608539,-33.8700225241452 151.212356112211,-33.8700651757435 151.212490183071,-33.8701544794073 151.21255468696,-33.8701971300061 151.212643761779,-33.8703131124779 151.212741796137,-33.8704418592043 151.212746582627,-33.8704520335863</coordinates></LineString>
  </Placemark>
  <Placemark>
	<name>Hyde Park</name>
	<Style><LineStyle><color>ff0000ff</color></LineStyle><PolyStyle><fill>0</fill></PolyStyle></Style>
	<ExtendedData><SchemaData schemaUrl="#Navability_routes">
		<SimpleData name="OBJECTID">328</SimpleData>
		<SimpleData name="Effort">Moderate</SimpleData>
		<SimpleData name="TravelDirection">Both</SimpleData>
		<SimpleData name="Shape__Length">32.3718801322825</SimpleData>
	</SchemaData></ExtendedData>
      <LineString><coordinates>151.211957750018,-33.8699396807482 151.212006504703,-33.8699442685826 151.212035835859,-33.869947028002 151.212167194619,-33.8699859311689 151.212291608539,-33.8700225241452</coordinates></LineString>
  </Placemark>
  <Placemark>
	<name>Hyde Park</name>
	<Style><LineStyle><color>ff0000ff</color></LineStyle><PolyStyle><fill>0</fill></PolyStyle></Style>
	<ExtendedData><SchemaData schemaUrl="#Navability_routes">
		<SimpleData name="OBJECTID">329</SimpleData>
		<SimpleData name="Effort">Moderate</SimpleData>
		<SimpleData name="TravelDirection">Both</SimpleData>
		<SimpleData name="Shape__Length">16.0468167381935</SimpleData>
	</SchemaData></ExtendedData>
      <LineString><coordinates>151.211471547461,-33.870049285039 151.211470351843,-33.8700255103483 151.211467682882,-33.869972413918 151.211464281607,-33.8699047328777</coordinates></LineString>
  </Placemark>
  <Placemark>
	<name>Hyde Park</name>
	<Style><LineStyle><color>ff0000ff</color></LineStyle><PolyStyle><fill>0</fill></PolyStyle></Style>
	<ExtendedData><SchemaData schemaUrl="#Navability_routes">
		<SimpleData name="OBJECTID">330</SimpleData>
		<SimpleData name="Effort">Moderate</SimpleData>
		<SimpleData name="TravelDirection">Both</SimpleData>
		<SimpleData name="Shape__Length">26.6124910696744</SimpleData>
	</SchemaData></ExtendedData>
      <LineString><coordinates>151.21066887504,-33.8700722315753 151.210658300553,-33.8700760059758 151.21054872957,-33.8701494349448 151.210450275616,-33.8702154127893 151.210445946479,-33.8702222797978</coordinates></LineString>
  </Placemark>
  <Placemark>
	<name>Pirrama Park</name>
	<Style><LineStyle><color>ff0000ff</color></LineStyle><PolyStyle><fill>0</fill></PolyStyle></Style>
	<ExtendedData><SchemaData schemaUrl="#Navability_routes">
		<SimpleData name="OBJECTID">393</SimpleData>
		<SimpleData name="Effort">Easy</SimpleData>
		<SimpleData name="TravelDirection">Both</SimpleData>
		<SimpleData name="Shape__Length">3095.84436163991</SimpleData>
	</SchemaData></ExtendedData>
      <MultiGeometry><LineString><coordinates>151.197328390648,-33.8686003570442 151.197338919383,-33.8686020134087 151.197477947489,-33.8686111552111 151.197600782234,-33.8686190094115 151.197715443071,-33.8686075052714 151.197826672636,-33.8685962132352 151.197946159396,-33.8685602701635 151.198062836815,-33.8685249820257</coordinates></LineString><LineString><coordinates>151.197328390648,-33.8686003570442 151.19733547835,-33.8685801283105 151.197356086051,-33.8685213063328 151.197379811559,-33.8684535819994 151.197400420244,-33.8683947590491 151.197436274935,-33.8682924137365 151.197477489834,-33.8681747676107 151.197526757073,-33.8680341375259 151.197554233515,-33.8679557064478 151.197549620016,-33.8679393498611 151.197194222072,-33.8678438048243 151.196806409161,-33.86773988596 151.196628712036,-33.8676921129889 151.196388812044,-33.8676278280613 151.196299963162,-33.8676039413058 151.196210612871,-33.8675799975497 151.196121764094,-33.8675561106689 151.196106944241,-33.8675447337005 151.196097103244,-33.8675375776509 151.196052498894,-33.8674763760959 151.196004091268,-33.8674099554535 151.195992001166,-33.8674066836323 151.195936929013,-33.8674307769992 151.195899658153,-33.8674470829731 151.195889326566,-33.8674518353523</coordinates></LineString><LineString><coordinates>151.196780239898,-33.8683636217307 151.196876868141,-33.868410551537 151.196974100584,-33.8684575901154 151.197084658526,-33.8685111601323 151.197181891178,-33.8685581985199 151.197245405673,-33.8685770536753 151.19731883486,-33.8685988528822 151.197328390648,-33.8686003570442</coordinates></LineString><LineString><coordinates>151.196780239898,-33.8683636217307 151.19676819747,-33.8683801195893 151.196720302583,-33.8684457353407 151.1966666785,-33.8685191988015 151.196657067739,-33.8685231853832 151.196619860571,-33.8685165125016 151.196594736866,-33.8685126135088 151.196557538513,-33.868485332362 151.196500587078,-33.868448134148 151.196448435309,-33.8684140702647 151.196391483908,-33.8683768719044 151.196353480305,-33.8683550352823 151.196352753633,-33.8683388131118 151.196436892685,-33.8682724160329 151.19651478129,-33.8682109500982 151.196531724059,-33.8681975791065</coordinates></LineString><LineString><coordinates>151.196531724059,-33.8681975791065 151.196537617881,-33.8682017304441 151.196638985295,-33.8682739722968 151.196735279669,-33.8683417988216 151.196780239898,-33.8683636217307</coordinates></LineString><LineString><coordinates>151.196531724059,-33.8681975791065 151.19652055956,-33.8681897156843 151.196439437975,-33.8681334180804 151.196368930658,-33.8680837548458 151.196242502549,-33.8679569781639 151.196120347766,-33.867834680666 151.196064442682,-33.8677420375963 151.196009760937,-33.8676514196957 151.195954514211,-33.8675598647036 151.195899832675,-33.8674692476614 151.195889326566,-33.8674518353523</coordinates></LineString><LineString><coordinates>151.195889326566,-33.8674518353523 151.195881374562,-33.8674554935961 151.195812513365,-33.8674891337148 151.195744725539,-33.8675222601907 151.195732254431,-33.8675191658176 151.195631576895,-33.8673810565336 151.195536532175,-33.8672506746506 151.19550754634,-33.8671818790533 151.195479890933,-33.8671155628911 151.195331419688,-33.8668633654685 151.195177408122,-33.866604343479 151.19515247602,-33.8665889101039 151.195119995965,-33.866568832182 151.195118464369,-33.8665588653247 151.195134871017,-33.8665173008925 151.195149642954,-33.866477391554 151.195146841276,-33.8664261955445 151.195143686956,-33.8663685423988 151.195144340794,-33.8663649558274</coordinates></LineString><LineString><coordinates>151.195144340794,-33.8663649558274 151.195147837232,-33.8663457791892 151.195176777219,-33.8662381626489 151.195201914991,-33.866143039051 151.195217272795,-33.8660730904085 151.195234662383,-33.8659938682462 151.195236771969,-33.8659835191882</coordinates></LineString><LineString><coordinates>151.195144340794,-33.8663649558274 151.195128100236,-33.8663511448692 151.195061346286,-33.8662940811995 151.19499982631,-33.8662420573712 151.194915411218,-33.8662046723991 151.194833191094,-33.8661686487012 151.194588575826,-33.8659682183062 151.194349125418,-33.8657730256182 151.194155636695,-33.8654058269803 151.193962717537,-33.8650397356272 151.193805955325,-33.864776936668 151.193649628358,-33.8645148670985 151.193636102828,-33.8644743212155 151.193622782401,-33.864434199452 151.193469094828,-33.8641557322995 151.193314481327,-33.8638761106823 151.193278187842,-33.8637852130199 151.193243866412,-33.8636979918163 151.193231324559,-33.8636240705873 151.193219397806,-33.863552507417 151.193217132225,-33.8635409643482</coordinates></LineString><LineString><coordinates>151.19622645865,-33.8662461378565 151.19625097236,-33.8662538216236 151.196372463759,-33.8662930379903 151.196463804093,-33.8663224193939 151.196476385213,-33.8663159622347 151.196520155997,-33.8662081187953 151.196571990695,-33.8660801862177 151.196575847735,-33.8660708284803</coordinates></LineString><LineString><coordinates>151.196575847735,-33.8660708284803 151.196579704756,-33.8660614716442 151.19663136521,-33.8659387810227 151.196690498055,-33.8657986797823 151.196695299801,-33.8657874223691</coordinates></LineString><LineString><coordinates>151.19649010323,-33.866048308386 151.196479429912,-33.8660550811323 151.196455133585,-33.8660878798411 151.196431470107,-33.8661192675639 151.196395969025,-33.8661476685431 151.196357028576,-33.8661785719934 151.196312685263,-33.8662015187026 151.196251308423,-33.8662332785256 151.19622645865,-33.8662461378565</coordinates></LineString><LineString><coordinates>151.19649010323,-33.866048308386 151.196501878362,-33.8660530300561 151.196530041047,-33.8660598059262 151.196556347354,-33.8660661362066 151.196575847735,-33.8660708284803</coordinates></LineString><LineString><coordinates>151.19649010323,-33.866048308386 151.196492967173,-33.8660271187698 151.19649503652,-33.8659694023357 151.196495578171,-33.8659201768939 151.196486245918,-33.865874614969 151.196476291187,-33.8658248841897 151.196463793523,-33.8657953179344 151.196446879509,-33.8657560185357 151.19643748394,-33.86573401913</coordinates></LineString><LineString><coordinates>151.195236771969,-33.8659835191882 151.195256023622,-33.8659884172298 151.19536783835,-33.8660155176723 151.195488359928,-33.8660475175691 151.195608882683,-33.8660795173668 151.195773022671,-33.8661242067181 151.195893544573,-33.8661562062288 151.196103346252,-33.8662133270408 151.1962238695,-33.8662453262526 151.19622645865,-33.8662461378565</coordinates></LineString><LineString><coordinates>151.196695299801,-33.8657874223691 151.196675382443,-33.8657832848962 151.196626207017,-33.8657729579104 151.196543330095,-33.8657558569278 151.196494154686,-33.8657455307919 151.196483977245,-33.8657434304324 151.196452958434,-33.8657370293474 151.19643748394,-33.86573401913</coordinates></LineString><LineString><coordinates>151.196695299801,-33.8657874223691 151.196698498317,-33.8657799233998 151.196723065548,-33.8657221620389 151.196743624088,-33.8656748527161 151.196943649695,-33.8651917974854 151.197144322535,-33.8647060190368 151.197219072866,-33.864506674232 151.197293120485,-33.864309166759 151.197295997964,-33.8642849041696 151.197297906767,-33.8642667655743 151.197291970453,-33.8642513319408 151.197282790545,-33.8642244194435 151.197278109609,-33.8642188367895</coordinates></LineString><LineString><coordinates>151.19643748394,-33.86573401913 151.196429155295,-33.8657323137424 151.196115269243,-33.8656820305043 151.195777579184,-33.8656317170892 151.195660805976,-33.8656130090664 151.195437794883,-33.8655786704584 151.195321021819,-33.86555996302 151.195315561547,-33.8655638290625 151.195272756092,-33.8657777969897 151.195238664493,-33.8659742382208 151.195236771969,-33.8659835191882</coordinates></LineString><LineString><coordinates>151.190969461827,-33.8642064222343 151.190923551235,-33.8640938779022 151.190875819019,-33.8639757673995 151.190881079768,-33.8639489871688 151.190888271563,-33.8639116831095 151.190903620392,-33.8638924976127 151.190926866092,-33.8638646766736 151.191211649856,-33.8637339406013 151.191499086387,-33.8636019854094 151.191537200332,-33.8635889177472 151.191581512703,-33.8635742457799 151.191611343361,-33.8635742462948 151.191638357109,-33.8635742460347 151.191663364768,-33.8635800812563 151.19170005743,-33.8635883738953 151.191707761866,-33.8635988002032 151.191705541609,-33.8636309823619 151.191703920261,-33.8636579341877 151.191706732043,-33.8636766775938 151.191710172909,-33.8636996242366 151.191712817362,-33.8637050338274 151.191723954893,-33.8637167404995 151.191742072935,-33.8637357852046 151.191742567912,-33.8637363533532</coordinates></LineString><LineString><coordinates>151.197278109609,-33.8642188367895 151.197243180072,-33.8642091107715 151.197190797062,-33.8641945250476 151.197163547045,-33.8641869366967 151.197136295951,-33.8641793483241 151.197083914061,-33.8641647625718 151.197064065194,-33.8641592356821 151.197044712825,-33.8641538468079</coordinates></LineString><LineString><coordinates>151.197278109609,-33.8642188367895 151.197260078643,-33.8641973341903 151.19721961118,-33.8641510723478 151.19720254603,-33.8641318589719 151.197182467803,-33.8641020285608 151.197163339261,-33.8640736088442 151.197151465535,-33.8640453160262 151.197132598176,-33.8639999545628 151.197123287589,-33.8639763297023</coordinates></LineString><LineString><coordinates>151.197044712825,-33.8641538468079 151.197042357649,-33.8641595420201 151.197015766539,-33.8642296376583 151.196993154189,-33.8642904386335 151.196981698215,-33.8643009268824 151.19696080599,-33.8643209536418 151.196950006983,-33.8643228705116 151.196764550935,-33.8642342606749 151.19655862549,-33.8641359854292 151.196556189801,-33.8641248502163 151.196727463037,-33.8639187100047 151.196883343661,-33.8637314936818 151.196903254947,-33.8637075795868</coordinates></LineString><LineString><coordinates>151.197123287589,-33.8639763297023 151.197112155102,-33.8640013533938 151.197075392529,-33.8640842925244 151.197050058522,-33.8641409264048 151.197044712825,-33.8641538468079</coordinates></LineString><LineString><coordinates>151.197123287589,-33.8639763297023 151.197122318184,-33.8639739556538 151.197107148045,-33.8639242595038 151.19709029069,-33.8638689036666 151.197069981634,-33.8638357649702 151.197047144403,-33.8637978911897 151.197017912948,-33.8637728377 151.196983769026,-33.8637429339734 151.196959753018,-33.8637358239417 151.196940479959,-33.8637305236826 151.19691031668,-33.8637121564854 151.196903254947,-33.8637075795868</coordinates></LineString><LineString><coordinates>151.191854430433,-33.8638832712199 151.191860719856,-33.8638923187278 151.191898078296,-33.8639484900753 151.191932145886,-33.8639997139507 151.191933217383,-33.8640086695493 151.191919928187,-33.8640452142113 151.191907309135,-33.8640810428037 151.19190444061,-33.8641217720844 151.191901695416,-33.8641607537945 151.191901695719,-33.8642237765708 151.191901958741,-33.8642926906778 151.191928105699,-33.8643433817071 151.191954974055,-33.8643961050244 151.191949275082,-33.8644258916034 151.191943578801,-33.8644556015733 151.191981764968,-33.8645313267021 151.192017433049,-33.864600879412 151.19208763968,-33.8647568010508 151.192155669254,-33.8649079168815 151.19215566113,-33.864916144259 151.192121954625,-33.8649906241066 151.192086482749,-33.8650690042228 151.192061079273,-33.8651329112298 151.192026745979,-33.8652193164058 151.192018278133,-33.8652406184361 151.192013141006,-33.8652459165298 151.191990317391,-33.8652699123948 151.191977180801,-33.8652667195131 151.191966878506,-33.8652341083069 151.191962287143,-33.865219065693 151.191926719949,-33.8651327285181 151.19185581509,-33.8649606102754 151.191820248102,-33.8648742730741 151.191751236009,-33.8647155995758 151.191681193341,-33.864557009204 151.191604634051,-33.8643762746416 151.19153023789,-33.8641984167827 151.191532536091,-33.8641706912841 151.191534884491,-33.864151910002 151.191582715865,-33.8640559083576 151.191630973851,-33.8639596622684 151.191679230643,-33.8638634161392 151.191732985183,-33.863755528028 151.191742567912,-33.8637363533532</coordinates></LineString><LineString><coordinates>151.191854430433,-33.8638832712199 151.191871970363,-33.863873866468 151.191938164762,-33.8638383669497 151.192005668771,-33.8638021706293 151.192071863041,-33.8637666719362 151.192139366918,-33.8637304764396 151.192205568125,-33.8637013585033 151.192362219224,-33.8636258934188 151.192453892624,-33.86357898527 151.19254224495,-33.8635443461321 151.192632598337,-33.8635089229125 151.192709401048,-33.8635080053149 151.192781481822,-33.8635074142705 151.192853561536,-33.8635068222667 151.19293036533,-33.8635059045471 151.192936322639,-33.8635080460945 151.192956261408,-33.8635237484209 151.192965249406,-33.8635308254706 151.192982869116,-33.8635401391985</coordinates></LineString><LineString><coordinates>151.191760058103,-33.8637564150236 151.1917696243,-33.8637673880564 151.191804012408,-33.8638142224791 151.191849228956,-33.8638757879703 151.191854430433,-33.8638832712199</coordinates></LineString><LineString><coordinates>151.191760058103,-33.8637564150236 151.191742567912,-33.8637363533532</coordinates></LineString><LineString><coordinates>151.191760058103,-33.8637564150236 151.191778712044,-33.86374764523 151.191819057652,-33.8637289130265 151.191858599902,-33.8637100878625 151.191932972294,-33.8636428768569 151.192009253015,-33.8635739976302 151.192083626267,-33.8635067856382 151.192156497412,-33.8634409844257 151.192196613938,-33.8634142412579 151.192238953111,-33.8633861014273 151.192289058012,-33.8633607663241 151.192339826107,-33.8633350946611 151.192549112751,-33.8632365477822 151.19296936586,-33.8630386136905 151.193178651057,-33.862940066587 151.193202550501,-33.862938114925 151.193238737055,-33.8629354371942 151.193259979497,-33.8629436443662 151.1932818833,-33.8629520136276 151.193286010406,-33.8629546242775</coordinates></LineString><LineString><coordinates>151.196903254947,-33.8637075795868 151.196761163976,-33.8636154933621 151.196637870919,-33.8635355310388</coordinates></LineString><LineString><coordinates>151.192903870185,-33.8635880154637 151.192929390741,-33.8635725488726 151.192965156507,-33.8635508734543 151.192982869116,-33.8635401391985</coordinates></LineString><LineString><coordinates>151.192982869116,-33.8635401391985 151.192985861331,-33.8635417205563 151.193071902486,-33.8635362049847 151.193157575601,-33.8635307137127 151.193185227028,-33.863534306892 151.193206193864,-33.863537185243 151.193217132225,-33.8635409643482</coordinates></LineString><LineString><coordinates>151.193483729818,-33.8632052187681 151.193484479543,-33.863215191314 151.193481409553,-33.8632578762843 151.193473695369,-33.8632966859989 151.193457456278,-33.863335115519 151.193440246654,-33.863375845579 151.19341036903,-33.863405724067 151.193375802645,-33.8634407657042 151.193298481977,-33.8634854972137 151.193225806105,-33.8635331994983 151.193217132225,-33.8635409643482</coordinates></LineString><LineString><coordinates>151.193286010406,-33.8629546242775 151.193301904421,-33.8629646773305 151.19333689193,-33.8629899170785 151.193359816092,-33.8630063935289 151.19339323833,-33.8630402048196 151.193424221305,-33.8630717413067 151.193444144606,-33.86309930846 151.193461614922,-33.8631236609989 151.193472350008,-33.8631589881797 151.193482981154,-33.8631952471394 151.193483729818,-33.8632052187681</coordinates></LineString><LineString><coordinates>151.193286010406,-33.8629546242775 151.193306315646,-33.86294503533 151.193597019212,-33.8628077522277 151.193873492546,-33.8626771888026 151.193896689465,-33.8626812837129 151.193901591111,-33.8626820192503 151.193932340188,-33.8627169138814 151.193957727297,-33.8627466539941 151.193958718506,-33.8627654337955 151.193814160528,-33.8629736831743 151.193664432595,-33.8631893807065 151.193656882983,-33.8631936560964 151.193577045252,-33.8631989871067 151.193501844747,-33.8632040091305 151.193483729818,-33.8632052187681</coordinates></LineString></MultiGeometry>
  </Placemark>
  <Placemark>
	<name>Prince Alfred Park</name>
	<Style><LineStyle><color>ff0000ff</color></LineStyle><PolyStyle><fill>0</fill></PolyStyle></Style>
	<ExtendedData><SchemaData schemaUrl="#Navability_routes">
		<SimpleData name="OBJECTID">394</SimpleData>
		<SimpleData name="Effort">Steep</SimpleData>
		<SimpleData name="TravelDirection">Both</SimpleData>
		<SimpleData name="Shape__Length">125.430157985289</SimpleData>
	</SchemaData></ExtendedData>
      <LineString><coordinates>151.205310381712,-33.8894786721702 151.205321918994,-33.8894514229107 151.20533000324,-33.8894326609997 151.205336106828,-33.889417912723 151.205357165266,-33.8893278418497 151.205377638342,-33.8892396966721 151.2054295945,-33.8890816889984 151.20548233742,-33.8889212652764 151.205517475885,-33.8888376368613 151.205552767967,-33.888753640057 151.205587906289,-33.8886700116149 151.205623198227,-33.8885860147835 151.205639661146,-33.8885551175769 151.205683075475,-33.8884712706288 151.205695578834,-33.8884478028692 151.205697006583,-33.8883991657932</coordinates></LineString>
  </Placemark>
  <Placemark>
	<name>Prince Alfred Park</name>
	<Style><LineStyle><color>ff0000ff</color></LineStyle><PolyStyle><fill>0</fill></PolyStyle></Style>
	<ExtendedData><SchemaData schemaUrl="#Navability_routes">
		<SimpleData name="OBJECTID">395</SimpleData>
		<SimpleData name="Effort">Easy</SimpleData>
		<SimpleData name="TravelDirection">Both</SimpleData>
		<SimpleData name="Shape__Length">66.0484928953212</SimpleData>
	</SchemaData></ExtendedData>
      <LineString><coordinates>151.204605541985,-33.8893911077927 151.204669501607,-33.8893999015835 151.204690197972,-33.8894030554974 151.204991884485,-33.8894442675112 151.205268501164,-33.8894812422766 151.205285208203,-33.8894789545686 151.205296325494,-33.8894774213114 151.205310381712,-33.8894786721702</coordinates></LineString>
  </Placemark>
  <Placemark>
	<name>Prince Alfred Park</name>
	<Style><LineStyle><color>ff0000ff</color></LineStyle><PolyStyle><fill>0</fill></PolyStyle></Style>
	<ExtendedData><SchemaData schemaUrl="#Navability_routes">
		<SimpleData name="OBJECTID">396</SimpleData>
		<SimpleData name="Effort">Easy</SimpleData>
		<SimpleData name="TravelDirection">Both</SimpleData>
		<SimpleData name="Shape__Length">86.96038408166</SimpleData>
	</SchemaData></ExtendedData>
      <LineString><coordinates>151.205061584774,-33.888972413907 151.20516250549,-33.8888768115991 151.205259618923,-33.8887851276849 151.205293126292,-33.888753386011 151.205390239446,-33.8886617019823 151.205456112198,-33.8885993002268 151.205643949345,-33.8884213600746 151.205697006583,-33.8883991657932</coordinates></LineString>
  </Placemark>
  <Placemark>
	<name>Prince Alfred Park</name>
	<Style><LineStyle><color>ff0000ff</color></LineStyle><PolyStyle><fill>0</fill></PolyStyle></Style>
	<ExtendedData><SchemaData schemaUrl="#Navability_routes">
		<SimpleData name="OBJECTID">397</SimpleData>
		<SimpleData name="Effort">Easy</SimpleData>
		<SimpleData name="TravelDirection">Both</SimpleData>
		<SimpleData name="Shape__Length">155.96145784208</SimpleData>
	</SchemaData></ExtendedData>
      <LineString><coordinates>151.202942393017,-33.8891606323361 151.20296295138,-33.8891655645573 151.2032361181,-33.88920315449 151.204090832854,-33.8893202792263 151.204605541985,-33.8893911077927</coordinates></LineString>
  </Placemark>
  <Placemark>
	<name>Prince Alfred Park</name>
	<Style><LineStyle><color>ff0000ff</color></LineStyle><PolyStyle><fill>0</fill></PolyStyle></Style>
	<ExtendedData><SchemaData schemaUrl="#Navability_routes">
		<SimpleData name="OBJECTID">398</SimpleData>
		<SimpleData name="Effort">Easy</SimpleData>
		<SimpleData name="TravelDirection">Both</SimpleData>
		<SimpleData name="Shape__Length">45.4324821076149</SimpleData>
	</SchemaData></ExtendedData>
      <LineString><coordinates>151.203597032098,-33.8885839317938 151.20356242633,-33.8885597130678 151.203541553701,-33.8885447165609 151.203533150439,-33.8885391889564 151.20338923793,-33.8884889664824 151.203238648791,-33.8884363244561 151.203221822103,-33.8884342213791 151.203202217924,-33.8884318487351 151.203191907099,-33.8884318479905 151.20317705932,-33.8884318477797 151.203150593445,-33.8884318484859</coordinates></LineString>
  </Placemark>
  <Placemark>
	<name>Prince Alfred Park</name>
	<Style><LineStyle><color>ff0000ff</color></LineStyle><PolyStyle><fill>0</fill></PolyStyle></Style>
	<ExtendedData><SchemaData schemaUrl="#Navability_routes">
		<SimpleData name="OBJECTID">399</SimpleData>
		<SimpleData name="Effort">Easy</SimpleData>
		<SimpleData name="TravelDirection">Both</SimpleData>
		<SimpleData name="Shape__Length">94.9346251335771</SimpleData>
	</SchemaData></ExtendedData>
      <LineString><coordinates>151.203597032098,-33.8885839317938 151.20357873311,-33.8885444383111 151.203582318295,-33.8885161002473 151.203589630208,-33.8884582945007 151.203593215347,-33.8884299582389 151.203602093104,-33.8884212669211 151.203631524674,-33.8884181821444 151.20369450458,-33.8884115793647 151.203723936164,-33.8884084936642 151.203730766559,-33.8884018897588 151.203737598035,-33.8883952858688 151.203740874641,-33.8883589746271 151.203746079779,-33.8883012896316 151.203749355295,-33.8882649783732 151.203739816766,-33.8882540878119 151.203640896018,-33.8882499235253 151.203542345851,-33.8882457735825 151.20353278033,-33.8882352433078 151.203539668464,-33.8881078477625 151.203546009394,-33.8879905581408</coordinates></LineString>
  </Placemark>
  <Placemark>
	<name>Prince Alfred Park</name>
	<Style><LineStyle><color>ff0000ff</color></LineStyle><PolyStyle><fill>0</fill></PolyStyle></Style>
	<ExtendedData><SchemaData schemaUrl="#Navability_routes">
		<SimpleData name="OBJECTID">400</SimpleData>
		<SimpleData name="Effort">Easy</SimpleData>
		<SimpleData name="TravelDirection">Both</SimpleData>
		<SimpleData name="Shape__Length">127.314169171987</SimpleData>
	</SchemaData></ExtendedData>
      <LineString><coordinates>151.203597032098,-33.8885839317938 151.203601339251,-33.8885799899964 151.20367687211,-33.8885069669649 151.203735722916,-33.888452569465 151.203745689612,-33.8884433565827 151.203756375192,-33.8884334805853 151.203798906747,-33.8883900536508 151.20387443927,-33.8883170304843 151.20389391338,-33.888297146196 151.204014566033,-33.8881896464952 151.204135650272,-33.8880817634103 151.204254402709,-33.88799091252 151.204374053448,-33.887899337885 151.20446137721,-33.8878375533013 151.204552673641,-33.8877675026105 151.204556688487,-33.8877636259499</coordinates></LineString>
  </Placemark>
  <Placemark>
	<name>Prince Alfred Park</name>
	<Style><LineStyle><color>ff0000ff</color></LineStyle><PolyStyle><fill>0</fill></PolyStyle></Style>
	<ExtendedData><SchemaData schemaUrl="#Navability_routes">
		<SimpleData name="OBJECTID">401</SimpleData>
		<SimpleData name="Effort">Easy</SimpleData>
		<SimpleData name="TravelDirection">Both</SimpleData>
		<SimpleData name="Shape__Length">183.886702960894</SimpleData>
	</SchemaData></ExtendedData>
      <LineString><coordinates>151.206234567237,-33.8885168709208 151.206232542284,-33.8885262546894 151.206225387186,-33.8885607583478 151.206202497223,-33.8886704931164 151.206181031829,-33.8887740040792 151.206094918767,-33.8891899090016 151.206018315882,-33.8895592972491 151.20600725143,-33.8895671859007 151.20567630997,-33.8895252633652 151.205319661163,-33.8894794972293 151.205310381712,-33.8894786721702</coordinates></LineString>
  </Placemark>
  <Placemark>
	<name>Prince Alfred Park</name>
	<Style><LineStyle><color>ff0000ff</color></LineStyle><PolyStyle><fill>0</fill></PolyStyle></Style>
	<ExtendedData><SchemaData schemaUrl="#Navability_routes">
		<SimpleData name="OBJECTID">402</SimpleData>
		<SimpleData name="Effort">Moderate</SimpleData>
		<SimpleData name="TravelDirection">Both</SimpleData>
		<SimpleData name="Shape__Length">42.3100432647462</SimpleData>
	</SchemaData></ExtendedData>
      <LineString><coordinates>151.206234567237,-33.8885168709208 151.206215282339,-33.8885117936769 151.206163004301,-33.8884980300314 151.206114274371,-33.8884853784926 151.206031639531,-33.8884457832198 151.20595007635,-33.8884067012646 151.205894444883,-33.8883769648327 151.2058397429,-33.8883477135273 151.205830567455,-33.8883428069471</coordinates></LineString>
  </Placemark>
  <Placemark>
	<name>Prince Alfred Park</name>
	<Style><LineStyle><color>ff0000ff</color></LineStyle><PolyStyle><fill>0</fill></PolyStyle></Style>
	<ExtendedData><SchemaData schemaUrl="#Navability_routes">
		<SimpleData name="OBJECTID">403</SimpleData>
		<SimpleData name="Effort">Easy</SimpleData>
		<SimpleData name="TravelDirection">Both</SimpleData>
		<SimpleData name="Shape__Length">124.004924484702</SimpleData>
	</SchemaData></ExtendedData>
      <LineString><coordinates>151.206234567237,-33.8885168709208 151.206236764648,-33.8885066871155 151.206306712534,-33.888193362073 151.206383268143,-33.887848920372 151.206391297147,-33.8878129523755 151.206399326143,-33.8877769843781 151.206446440631,-33.8875682359983 151.206470024341,-33.8874626709843 151.206478985212,-33.8874231961561 151.206480122007,-33.8874177553804</coordinates></LineString>
  </Placemark>
  <Placemark>
	<name>Prince Alfred Park</name>
	<Style><LineStyle><color>ff0000ff</color></LineStyle><PolyStyle><fill>0</fill></PolyStyle></Style>
	<ExtendedData><SchemaData schemaUrl="#Navability_routes">
		<SimpleData name="OBJECTID">404</SimpleData>
		<SimpleData name="Effort">Easy</SimpleData>
		<SimpleData name="TravelDirection">Both</SimpleData>
		<SimpleData name="Shape__Length">44.5395971555745</SimpleData>
	</SchemaData></ExtendedData>
      <LineString><coordinates>151.203150593445,-33.8884318484859 151.203142553779,-33.8884482104693 151.203057105276,-33.8886277552137 151.202973462411,-33.8888045542881 151.202973172831,-33.8888051632453</coordinates></LineString>
  </Placemark>
  <Placemark>
	<name>Prince Alfred Park</name>
	<Style><LineStyle><color>ff0000ff</color></LineStyle><PolyStyle><fill>0</fill></PolyStyle></Style>
	<ExtendedData><SchemaData schemaUrl="#Navability_routes">
		<SimpleData name="OBJECTID">405</SimpleData>
		<SimpleData name="Effort">Easy</SimpleData>
		<SimpleData name="TravelDirection">Both</SimpleData>
		<SimpleData name="Shape__Length">4.93607193064249</SimpleData>
	</SchemaData></ExtendedData>
      <LineString><coordinates>151.205697006583,-33.8883991657932 151.205725668906,-33.8883616264539</coordinates></LineString>
  </Placemark>
  <Placemark>
	<name>Prince Alfred Park</name>
	<Style><LineStyle><color>ff0000ff</color></LineStyle><PolyStyle><fill>0</fill></PolyStyle></Style>
	<ExtendedData><SchemaData schemaUrl="#Navability_routes">
		<SimpleData name="OBJECTID">406</SimpleData>
		<SimpleData name="Effort">Easy</SimpleData>
		<SimpleData name="TravelDirection">Both</SimpleData>
		<SimpleData name="Shape__Length">10.492270963237</SimpleData>
	</SchemaData></ExtendedData>
      <LineString><coordinates>151.205725668906,-33.8883616264539 151.205715906056,-33.8883549790651 151.205707637407,-33.8883470459224 151.20570110465,-33.8883380577861 151.205696494788,-33.8883282752784 151.205693943529,-33.8883179817196 151.205693523526,-33.8883074766441 151.205695248953,-33.8882970641448 151.205699068045,-33.8882870473537 151.205704869831,-33.8882777168175</coordinates></LineString>
  </Placemark>
  <Placemark>
	<name>Prince Alfred Park</name>
	<Style><LineStyle><color>ff0000ff</color></LineStyle><PolyStyle><fill>0</fill></PolyStyle></Style>
	<ExtendedData><SchemaData schemaUrl="#Navability_routes">
		<SimpleData name="OBJECTID">407</SimpleData>
		<SimpleData name="Effort">Easy</SimpleData>
		<SimpleData name="TravelDirection">Both</SimpleData>
		<SimpleData name="Shape__Length">11.0913917191545</SimpleData>
	</SchemaData></ExtendedData>
      <LineString><coordinates>151.205830567455,-33.8883428069471 151.205823514753,-33.8883508947028 151.205814988813,-33.8883579257977 151.205805212991,-33.8883637159239 151.205794443471,-33.8883681137139 151.205782963844,-33.8883710015642 151.20577107517,-33.8883723054095 151.205759090649,-33.8883719910377 151.205747323692,-33.8883700657204 151.205736084643,-33.8883665799676 151.205725668906,-33.8883616264539</coordinates></LineString>
  </Placemark>
  <Placemark>
	<name>Prince Alfred Park</name>
	<Style><LineStyle><color>ff0000ff</color></LineStyle><PolyStyle><fill>0</fill></PolyStyle></Style>
	<ExtendedData><SchemaData schemaUrl="#Navability_routes">
		<SimpleData name="OBJECTID">408</SimpleData>
		<SimpleData name="Effort">Easy</SimpleData>
		<SimpleData name="TravelDirection">Both</SimpleData>
		<SimpleData name="Shape__Length">11.1625993711353</SimpleData>
	</SchemaData></ExtendedData>
      <LineString><coordinates>151.205704869831,-33.8882777168175 151.205712496387,-33.8882693335431 151.205721720703,-33.888262153022 151.205732273494,-33.8882563841413 151.205743848496,-33.8882521946708 151.205756109041,-33.8882497068508 151.205768697882,-33.8882489930261 151.205779891049,-33.8882498684722 151.205790796375,-33.8882521482414 151.205801160864,-33.888255779954 151.205810746251,-33.8882606789824</coordinates></LineString>
  </Placemark>
  <Placemark>
	<name>Prince Alfred Park</name>
	<Style><LineStyle><color>ff0000ff</color></LineStyle><PolyStyle><fill>0</fill></PolyStyle></Style>
	<ExtendedData><SchemaData schemaUrl="#Navability_routes">
		<SimpleData name="OBJECTID">409</SimpleData>
		<SimpleData name="Effort">Easy</SimpleData>
		<SimpleData name="TravelDirection">Both</SimpleData>
		<SimpleData name="Shape__Length">116.621070690594</SimpleData>
	</SchemaData></ExtendedData>
      <LineString><coordinates>151.205704869831,-33.8882777168175 151.205698774554,-33.8882743745355 151.205605796418,-33.8882233953145 151.205510978717,-33.8881714063246 151.205424334951,-33.8881047839094 151.20534203513,-33.8880416495443 151.205293995441,-33.8879840055228 151.205248199975,-33.8879292752471 151.205216639018,-33.8878747596136 151.205185805372,-33.8878215016779 151.205162607196,-33.8877677950319 151.205140582893,-33.8877166348695 151.2051116995,-33.8875826049492 151.205081675729,-33.8874431975582 151.205077325384,-33.8874229983061</coordinates></LineString>
  </Placemark>
  <Placemark>
	<name>Prince Alfred Park</name>
	<Style><LineStyle><color>ff0000ff</color></LineStyle><PolyStyle><fill>0</fill></PolyStyle></Style>
	<ExtendedData><SchemaData schemaUrl="#Navability_routes">
		<SimpleData name="OBJECTID">410</SimpleData>
		<SimpleData name="Effort">Easy</SimpleData>
		<SimpleData name="TravelDirection">Both</SimpleData>
		<SimpleData name="Shape__Length">10.2021198741817</SimpleData>
	</SchemaData></ExtendedData>
      <LineString><coordinates>151.205810746251,-33.8882606789824 151.205820049461,-33.8882673313901 151.205827908057,-33.888275173788 151.205834105988,-33.8882839902181 151.205838474229,-33.8882935392573 151.20584089285,-33.8883035585558 151.205841294071,-33.888313773899 151.205839668651,-33.8883239038096 151.205836060256,-33.8883336702859 151.205830567455,-33.8883428069471</coordinates></LineString>
  </Placemark>
  <Placemark>
	<name>Prince Alfred Park</name>
	<Style><LineStyle><color>ff0000ff</color></LineStyle><PolyStyle><fill>0</fill></PolyStyle></Style>
	<ExtendedData><SchemaData schemaUrl="#Navability_routes">
		<SimpleData name="OBJECTID">411</SimpleData>
		<SimpleData name="Effort">Easy</SimpleData>
		<SimpleData name="TravelDirection">Both</SimpleData>
		<SimpleData name="Shape__Length">110.977669067545</SimpleData>
	</SchemaData></ExtendedData>
      <LineString><coordinates>151.205810746251,-33.8882606789824 151.205816759807,-33.8882533164169 151.205926025589,-33.8881195435321 151.206038294376,-33.8879863039293 151.206126136827,-33.8878635716859 151.206226414193,-33.8877210794109 151.206260204751,-33.8876738695229 151.206320699593,-33.8875893468065 151.206420976305,-33.8874468543445 151.206441141158,-33.8874186800786 151.206445616237,-33.8874123383871</coordinates></LineString>
  </Placemark>
  <Placemark>
	<name>Prince Alfred Park</name>
	<Style><LineStyle><color>ff0000ff</color></LineStyle><PolyStyle><fill>0</fill></PolyStyle></Style>
	<ExtendedData><SchemaData schemaUrl="#Navability_routes">
		<SimpleData name="OBJECTID">412</SimpleData>
		<SimpleData name="Effort">Easy</SimpleData>
		<SimpleData name="TravelDirection">Both</SimpleData>
		<SimpleData name="Shape__Length">25.4943933804386</SimpleData>
	</SchemaData></ExtendedData>
      <LineString><coordinates>151.203251046565,-33.8882178020034 151.203207577754,-33.88831058259 151.203154207815,-33.8884244916291 151.203150593445,-33.8884318484859</coordinates></LineString>
  </Placemark>
  <Placemark>
	<name>Prince Alfred Park</name>
	<Style><LineStyle><color>ff0000ff</color></LineStyle><PolyStyle><fill>0</fill></PolyStyle></Style>
	<ExtendedData><SchemaData schemaUrl="#Navability_routes">
		<SimpleData name="OBJECTID">413</SimpleData>
		<SimpleData name="Effort">Easy</SimpleData>
		<SimpleData name="TravelDirection">Both</SimpleData>
		<SimpleData name="Shape__Length">61.2597918467175</SimpleData>
	</SchemaData></ExtendedData>
      <LineString><coordinates>151.204556688487,-33.8877636259499 151.204572151965,-33.8877486931425 151.204604457702,-33.8877254708992 151.20462339497,-33.8877133345238 151.20469700354,-33.8876661617974 151.204804667328,-33.8875978716402 151.204830099242,-33.8875815727881 151.204937762821,-33.8875132825063 151.205062966818,-33.8874330427216 151.205077325384,-33.8874229983061</coordinates></LineString>
  </Placemark>
  <Placemark>
	<name>Prince Alfred Park</name>
	<Style><LineStyle><color>ff0000ff</color></LineStyle><PolyStyle><fill>0</fill></PolyStyle></Style>
	<ExtendedData><SchemaData schemaUrl="#Navability_routes">
		<SimpleData name="OBJECTID">414</SimpleData>
		<SimpleData name="Effort">Easy</SimpleData>
		<SimpleData name="TravelDirection">Both</SimpleData>
		<SimpleData name="Shape__Length">58.7297052540249</SimpleData>
	</SchemaData></ExtendedData>
      <LineString><coordinates>151.205077325384,-33.8874229983061 151.205080605295,-33.8874207042903 151.205082992907,-33.887418681318 151.205178851343,-33.8873365519951 151.20527706186,-33.887252280069 151.205336742937,-33.8871914518249 151.205395577593,-33.8871314877071 151.205434274932,-33.8870776766711 151.205474861182,-33.8870210256121 151.20547824751,-33.8870155608148</coordinates></LineString>
  </Placemark>
  <Placemark>
	<name>Prince Alfred Park</name>
	<Style><LineStyle><color>ff0000ff</color></LineStyle><PolyStyle><fill>0</fill></PolyStyle></Style>
	<ExtendedData><SchemaData schemaUrl="#Navability_routes">
		<SimpleData name="OBJECTID">415</SimpleData>
		<SimpleData name="Effort">Easy</SimpleData>
		<SimpleData name="TravelDirection">Both</SimpleData>
		<SimpleData name="Shape__Length">67.1405259256385</SimpleData>
	</SchemaData></ExtendedData>
      <LineString><coordinates>151.206480122007,-33.8874177553804 151.20649625041,-33.8873405902988 151.206513258724,-33.887257083465 151.206573558217,-33.8869622133519 151.206600236267,-33.8868314410253 151.206602350144,-33.8868210594134</coordinates></LineString>
  </Placemark>
  <Placemark>
	<name>Prince Alfred Park</name>
	<Style><LineStyle><color>ff0000ff</color></LineStyle><PolyStyle><fill>0</fill></PolyStyle></Style>
	<ExtendedData><SchemaData schemaUrl="#Navability_routes">
		<SimpleData name="OBJECTID">416</SimpleData>
		<SimpleData name="Effort">Easy</SimpleData>
		<SimpleData name="TravelDirection">Both</SimpleData>
		<SimpleData name="Shape__Length">3.24785286603667</SimpleData>
	</SchemaData></ExtendedData>
      <LineString><coordinates>151.206445616237,-33.8874123383871 151.206480122007,-33.8874177553804</coordinates></LineString>
  </Placemark>
  <Placemark>
	<name>Prince Alfred Park</name>
	<Style><LineStyle><color>ff0000ff</color></LineStyle><PolyStyle><fill>0</fill></PolyStyle></Style>
	<ExtendedData><SchemaData schemaUrl="#Navability_routes">
		<SimpleData name="OBJECTID">417</SimpleData>
		<SimpleData name="Effort">Easy</SimpleData>
		<SimpleData name="TravelDirection">Both</SimpleData>
		<SimpleData name="Shape__Length">44.7461096614742</SimpleData>
	</SchemaData></ExtendedData>
      <LineString><coordinates>151.204581818309,-33.8873610472436 151.204568095449,-33.8875188572218 151.204554286725,-33.8876783873631 151.204554905139,-33.8877003095531 151.204555938871,-33.8877370281309 151.204556688487,-33.8877636259499</coordinates></LineString>
  </Placemark>
  <Placemark>
	<name>Prince Alfred Park</name>
	<Style><LineStyle><color>ff0000ff</color></LineStyle><PolyStyle><fill>0</fill></PolyStyle></Style>
	<ExtendedData><SchemaData schemaUrl="#Navability_routes">
		<SimpleData name="OBJECTID">418</SimpleData>
		<SimpleData name="Effort">Easy</SimpleData>
		<SimpleData name="TravelDirection">Both</SimpleData>
		<SimpleData name="Shape__Length">80.8146099670632</SimpleData>
	</SchemaData></ExtendedData>
      <LineString><coordinates>151.20547824751,-33.8870155608148 151.205499197637,-33.8870189112524 151.205528160851,-33.887023498403 151.205546656273,-33.8870265019659 151.205738661164,-33.8870282110083 151.205933290266,-33.8870298669031 151.205972886198,-33.8870252758299 151.20601078368,-33.8870208827328 151.206046175417,-33.8870089263005 151.206076963271,-33.8869983104135 151.206108517072,-33.8869749749093 151.206133188613,-33.8869566033243 151.206163603577,-33.886918155187 151.206192662419,-33.8868814213354 151.206207708937,-33.8868539038661 151.206224102268,-33.8868236692296 151.206226045949,-33.8868169245693</coordinates></LineString>
  </Placemark>
  <Placemark>
	<name>Prince Alfred Park</name>
	<Style><LineStyle><color>ff0000ff</color></LineStyle><PolyStyle><fill>0</fill></PolyStyle></Style>
	<ExtendedData><SchemaData schemaUrl="#Navability_routes">
		<SimpleData name="OBJECTID">419</SimpleData>
		<SimpleData name="Effort">Easy</SimpleData>
		<SimpleData name="TravelDirection">Both</SimpleData>
		<SimpleData name="Shape__Length">20.5669974359202</SimpleData>
	</SchemaData></ExtendedData>
      <LineString><coordinates>151.206447700235,-33.8868192951771 151.206437293268,-33.8868198154158 151.206373739416,-33.8868226528174 151.206320109771,-33.886825046789 151.206285304829,-33.8868220005817 151.206244623642,-33.8868185288228 151.206226045949,-33.8868169245693</coordinates></LineString>
  </Placemark>
  <Placemark>
	<name>Prince Alfred Park</name>
	<Style><LineStyle><color>ff0000ff</color></LineStyle><PolyStyle><fill>0</fill></PolyStyle></Style>
	<ExtendedData><SchemaData schemaUrl="#Navability_routes">
		<SimpleData name="OBJECTID">420</SimpleData>
		<SimpleData name="Effort">Easy</SimpleData>
		<SimpleData name="TravelDirection">Both</SimpleData>
		<SimpleData name="Shape__Length">65.7768690729656</SimpleData>
	</SchemaData></ExtendedData>
      <LineString><coordinates>151.206447700235,-33.8868192951771 151.206447622584,-33.8868392666885 151.206447143182,-33.8869489491793 151.206446772102,-33.88705774413 151.206446532935,-33.8871125853817 151.206446223696,-33.8872033509374 151.206445983462,-33.8872581912706 151.206445960977,-33.8872867319182 151.206445677773,-33.887369903396 151.206445654225,-33.887398443126 151.206445616237,-33.8874123383871</coordinates></LineString>
  </Placemark>
  <Placemark>
	<name>Prince Alfred Park</name>
	<Style><LineStyle><color>ff0000ff</color></LineStyle><PolyStyle><fill>0</fill></PolyStyle></Style>
	<ExtendedData><SchemaData schemaUrl="#Navability_routes">
		<SimpleData name="OBJECTID">421</SimpleData>
		<SimpleData name="Effort">Easy</SimpleData>
		<SimpleData name="TravelDirection">Both</SimpleData>
		<SimpleData name="Shape__Length">14.3968036586115</SimpleData>
	</SchemaData></ExtendedData>
      <LineString><coordinates>151.206602350144,-33.8868210594134 151.20658250615,-33.8868182239334 151.206566906278,-33.8868159949046 151.206550138921,-33.8868135991837 151.206510306092,-33.8868160327385 151.206457316003,-33.8868188139127 151.206447700235,-33.8868192951771</coordinates></LineString>
  </Placemark>
  <Placemark>
	<name>Prince Alfred Park</name>
	<Style><LineStyle><color>ff0000ff</color></LineStyle><PolyStyle><fill>0</fill></PolyStyle></Style>
	<ExtendedData><SchemaData schemaUrl="#Navability_routes">
		<SimpleData name="OBJECTID">422</SimpleData>
		<SimpleData name="Effort">Easy</SimpleData>
		<SimpleData name="TravelDirection">Both</SimpleData>
		<SimpleData name="Shape__Length">144.316828461713</SimpleData>
	</SchemaData></ExtendedData>
      <LineString><coordinates>151.20659056525,-33.8861986771417 151.206553677636,-33.8862032952371 151.206464986211,-33.886221030395 151.206393499872,-33.8862353279358 151.206301665911,-33.8862654738476 151.206212165577,-33.8862949295808 151.206096510414,-33.8863500339151 151.205985685833,-33.8864026187055 151.205894019497,-33.8864771368673 151.205804366059,-33.8865499610559 151.205767639349,-33.8865861142024 151.205731777085,-33.8866214142606 151.205677344047,-33.8866935386243 151.205625358588,-33.8867624749015 151.205559481124,-33.8868762145852 151.205486269033,-33.8870026168951 151.20547824751,-33.8870155608148</coordinates></LineString>
  </Placemark>
  <Placemark>
	<name>Prince Alfred Park</name>
	<Style><LineStyle><color>ff0000ff</color></LineStyle><PolyStyle><fill>0</fill></PolyStyle></Style>
	<ExtendedData><SchemaData schemaUrl="#Navability_routes">
		<SimpleData name="OBJECTID">423</SimpleData>
		<SimpleData name="Effort">Easy</SimpleData>
		<SimpleData name="TravelDirection">Both</SimpleData>
		<SimpleData name="Shape__Length">77.7830505837252</SimpleData>
	</SchemaData></ExtendedData>
      <LineString><coordinates>151.20659056525,-33.8861986771417 151.206563940079,-33.8862296041632 151.206549475756,-33.8862468854903 151.206520347466,-33.8862802414086 151.206497109516,-33.8863068415948 151.206457999236,-33.8863460856773 151.206420037016,-33.8863840470583 151.206388792705,-33.8864255067248 151.206359258306,-33.8864645151068 151.206323239103,-33.8865314325767 151.206288268391,-33.886596296713 151.206264645151,-33.8866542952408 151.206242381384,-33.8867081448187 151.206236501601,-33.8867515627308 151.206229745597,-33.886804086276 151.206226045949,-33.8868169245693</coordinates></LineString>
  </Placemark>
  <Placemark>
	<name>Prince Alfred Park</name>
	<Style><LineStyle><color>ff0000ff</color></LineStyle><PolyStyle><fill>0</fill></PolyStyle></Style>
	<ExtendedData><SchemaData schemaUrl="#Navability_routes">
		<SimpleData name="OBJECTID">424</SimpleData>
		<SimpleData name="Effort">Easy</SimpleData>
		<SimpleData name="TravelDirection">Both</SimpleData>
		<SimpleData name="Shape__Length">84.002656637069</SimpleData>
	</SchemaData></ExtendedData>
      <LineString><coordinates>151.20659056525,-33.8861986771417 151.206635881848,-33.886195723749 151.206730072729,-33.8861893303764 151.206726074346,-33.8862097281356 151.2066871299,-33.8864021695572 151.206624734102,-33.8867104965686 151.206604232741,-33.8868118088228 151.206602350144,-33.8868210594134</coordinates></LineString>
  </Placemark>
  <Placemark>
	<name>Prince Alfred Park</name>
	<Style><LineStyle><color>ff0000ff</color></LineStyle><PolyStyle><fill>0</fill></PolyStyle></Style>
	<ExtendedData><SchemaData schemaUrl="#Navability_routes">
		<SimpleData name="OBJECTID">425</SimpleData>
		<SimpleData name="Effort">Moderate</SimpleData>
		<SimpleData name="TravelDirection">Both</SimpleData>
		<SimpleData name="Shape__Length">43.0151786791473</SimpleData>
	</SchemaData></ExtendedData>
      <LineString><coordinates>151.202973172831,-33.8888051632453 151.202954235038,-33.8888526502262 151.20293556431,-33.8888994665996 151.20292071495,-33.8889470456951 151.20290662962,-33.8889921191833 151.202900626007,-33.8890210468351 151.202894104162,-33.8890534927239 151.202894103348,-33.8890890843534 151.20289468016,-33.8891325998772 151.202898118423,-33.8891368323157 151.202909248949,-33.8891508472522 151.202918117301,-33.8891543590852 151.202923322024,-33.8891561853094 151.202942393017,-33.8891606323361</coordinates></LineString>
  </Placemark>
  <Placemark>
	<name>Prince Alfred Park</name>
	<Style><LineStyle><color>ff0000ff</color></LineStyle><PolyStyle><fill>0</fill></PolyStyle></Style>
	<ExtendedData><SchemaData schemaUrl="#Navability_routes">
		<SimpleData name="OBJECTID">426</SimpleData>
		<SimpleData name="Effort">Steep</SimpleData>
		<SimpleData name="TravelDirection">Both</SimpleData>
		<SimpleData name="Shape__Length">66.4842923900138</SimpleData>
	</SchemaData></ExtendedData>
      <LineString><coordinates>151.204605541985,-33.8893911077927 151.204599555951,-33.8893588807286 151.204595851492,-33.8893391814278 151.204593722543,-33.8893274710617 151.204593579385,-33.8893250676426 151.204597596566,-33.8893122123978 151.204605191573,-33.8892886335265 151.204672425509,-33.8892390793054 151.20474002576,-33.8891899451857 151.204795418617,-33.8891519968009 151.204859448471,-33.8891079658111 151.204962887177,-33.8890384967219 151.205061584774,-33.888972413907</coordinates></LineString>
  </Placemark>
  <Placemark>
	<name>Prince Alfred Park</name>
	<Style><LineStyle><color>ff0000ff</color></LineStyle><PolyStyle><fill>0</fill></PolyStyle></Style>
	<ExtendedData><SchemaData schemaUrl="#Navability_routes">
		<SimpleData name="OBJECTID">427</SimpleData>
		<SimpleData name="Effort">Moderate</SimpleData>
		<SimpleData name="TravelDirection">Both</SimpleData>
		<SimpleData name="Shape__Length">84.9278990374224</SimpleData>
	</SchemaData></ExtendedData>
      <LineString><coordinates>151.202942393017,-33.8891606323361 151.202951460422,-33.889142188823 151.202954807546,-33.8891351517985 151.20296205147,-33.889120646623 151.202977745426,-33.889101814666 151.20299496121,-33.8890811554458 151.20305777105,-33.8890330588001 151.203123007276,-33.8889827927708 151.20324466397,-33.8888864873852 151.203365456867,-33.88879088435 151.203471682958,-33.8886962526782 151.203570687522,-33.888608044162</coordinates></LineString>
  </Placemark>
  <Placemark>
	<name>Prince Alfred Park</name>
	<Style><LineStyle><color>ff0000ff</color></LineStyle><PolyStyle><fill>0</fill></PolyStyle></Style>
	<ExtendedData><SchemaData schemaUrl="#Navability_routes">
		<SimpleData name="OBJECTID">428</SimpleData>
		<SimpleData name="Effort">Moderate</SimpleData>
		<SimpleData name="TravelDirection">Both</SimpleData>
		<SimpleData name="Shape__Length">3.61809088476735</SimpleData>
	</SchemaData></ExtendedData>
      <LineString><coordinates>151.203570687522,-33.888608044162 151.203597032098,-33.8885839317938</coordinates></LineString>
  </Placemark>
  <Placemark>
	<name>Sydney Park</name>
	<Style><LineStyle><color>ff0000ff</color></LineStyle><PolyStyle><fill>0</fill></PolyStyle></Style>
	<ExtendedData><SchemaData schemaUrl="#Navability_routes">
		<SimpleData name="OBJECTID">429</SimpleData>
		<SimpleData name="Effort">Easy</SimpleData>
		<SimpleData name="TravelDirection">Both</SimpleData>
		<SimpleData name="Shape__Length">107.577315270474</SimpleData>
	</SchemaData></ExtendedData>
      <LineString><coordinates>151.185343478511,-33.9137969529527 151.185066425304,-33.9136552045175 151.184764074777,-33.9135001722518 151.184707349257,-33.913471150112 151.184613680705,-33.9134231200429 151.184538868921,-33.9133848434737 151.184445200542,-33.9133368141849 151.184370389993,-33.9132985375349 151.184352254675,-33.9132892472547</coordinates></LineString>
  </Placemark>
  <Placemark>
	<name>Sydney Park</name>
	<Style><LineStyle><color>ff0000ff</color></LineStyle><PolyStyle><fill>0</fill></PolyStyle></Style>
	<ExtendedData><SchemaData schemaUrl="#Navability_routes">
		<SimpleData name="OBJECTID">430</SimpleData>
		<SimpleData name="Effort">Moderate</SimpleData>
		<SimpleData name="TravelDirection">Both</SimpleData>
		<SimpleData name="Shape__Length">41.1718042173686</SimpleData>
	</SchemaData></ExtendedData>
      <LineString><coordinates>151.184295497566,-33.9136188277212 151.184293155697,-33.913632144314 151.184286997171,-33.9136626801104 151.184283118137,-33.9136820742882 151.184271883931,-33.9137371211071 151.184259669449,-33.9137955999079 151.184245481514,-33.9138260767776 151.184227803909,-33.9138623887166 151.184197109505,-33.9138914687723 151.184164410688,-33.9139224462664 151.18414743216,-33.9139337642081 151.184129984684,-33.9139455702838 151.184126447588,-33.9139467597993</coordinates></LineString>
  </Placemark>
  <Placemark>
	<name>Sydney Park</name>
	<Style><LineStyle><color>ff0000ff</color></LineStyle><PolyStyle><fill>0</fill></PolyStyle></Style>
	<ExtendedData><SchemaData schemaUrl="#Navability_routes">
		<SimpleData name="OBJECTID">431</SimpleData>
		<SimpleData name="Effort">Easy</SimpleData>
		<SimpleData name="TravelDirection">Both</SimpleData>
		<SimpleData name="Shape__Length">315.653558207118</SimpleData>
	</SchemaData></ExtendedData>
      <LineString><coordinates>151.184295497566,-33.9136188277212 151.184314046785,-33.9136269644806 151.184344223312,-33.913640277385 151.184367608043,-33.9136504611675 151.184420328081,-33.9136857230275 151.184470644586,-33.9137192676748 151.18456874075,-33.9138063218549 151.184666075966,-33.9138927001578 151.184717191275,-33.9139451406919 151.184764563829,-33.9139930714267 151.184793929163,-33.9140538605059 151.18482145877,-33.9141104339348 151.184841218837,-33.9141863613188 151.184860297884,-33.9142593155456 151.184866882552,-33.9143147342839 151.184873530293,-33.9143763065118 151.18486184224,-33.9144225258907 151.184847584949,-33.9144759059584 151.184814324773,-33.9145211597804 151.184778038748,-33.9145702166883 151.184718806943,-33.9146246305831 151.184657447465,-33.9146807840827 151.184592125263,-33.914696296382 151.18430854407,-33.9147735731912 151.184101042414,-33.9148311478537 151.184044399014,-33.914831148143 151.183974412176,-33.9148311481285 151.183964572342,-33.9148193588177 151.183984659822,-33.9147105403686 151.184004237556,-33.9146045882319 151.184024323842,-33.9144957697527 151.184043901466,-33.9143898176022 151.184040036241,-33.914379966804 151.184002279495,-33.9143518914544 151.183962536998,-33.9143223386067 151.183959735542,-33.9143095052211 151.184017837623,-33.9142035560304 151.184072855563,-33.9141029275527 151.184092946571,-33.9140443810171 151.184118525073,-33.9139698482575 151.184126447588,-33.9139467597993</coordinates></LineString>
  </Placemark>
  <Placemark>
	<name>Sydney Park</name>
	<Style><LineStyle><color>ff0000ff</color></LineStyle><PolyStyle><fill>0</fill></PolyStyle></Style>
	<ExtendedData><SchemaData schemaUrl="#Navability_routes">
		<SimpleData name="OBJECTID">432</SimpleData>
		<SimpleData name="Effort">Moderate</SimpleData>
		<SimpleData name="TravelDirection">Both</SimpleData>
		<SimpleData name="Shape__Length">36.9711800939752</SimpleData>
	</SchemaData></ExtendedData>
      <LineString><coordinates>151.184352254675,-33.9132892472547 151.18434898215,-33.9133013147415 151.184337404222,-33.913344072122 151.184329494583,-33.9133732367009 151.184313689475,-33.9134882908101 151.184296718932,-33.9136118825141 151.184295497566,-33.9136188277212</coordinates></LineString>
  </Placemark>
  <Placemark>
	<name>Sydney Park</name>
	<Style><LineStyle><color>ff0000ff</color></LineStyle><PolyStyle><fill>0</fill></PolyStyle></Style>
	<ExtendedData><SchemaData schemaUrl="#Navability_routes">
		<SimpleData name="OBJECTID">433</SimpleData>
		<SimpleData name="Effort">Easy</SimpleData>
		<SimpleData name="TravelDirection">Both</SimpleData>
		<SimpleData name="Shape__Length">57.135499070327</SimpleData>
	</SchemaData></ExtendedData>
      <LineString><coordinates>151.184531724452,-33.9129265387138 151.184503921065,-33.9129313740777 151.184481384837,-33.9129352925003 151.184479684842,-33.9129355884469 151.184456120873,-33.9129445657888 151.184406085873,-33.9129634298179 151.184382522989,-33.9129724062596 151.184338603522,-33.9129908924575 151.184295341978,-33.9130091070013 151.184242211547,-33.9130339317826 151.184190409258,-33.9130581440129 151.184141051696,-33.913092885811 151.184096042219,-33.9131245572874 151.184058754524,-33.9131624194715 151.184022099087,-33.9131996390137</coordinates></LineString>
  </Placemark>
  <Placemark>
	<name>Sydney Park</name>
	<Style><LineStyle><color>ff0000ff</color></LineStyle><PolyStyle><fill>0</fill></PolyStyle></Style>
	<ExtendedData><SchemaData schemaUrl="#Navability_routes">
		<SimpleData name="OBJECTID">434</SimpleData>
		<SimpleData name="Effort">Easy</SimpleData>
		<SimpleData name="TravelDirection">Both</SimpleData>
		<SimpleData name="Shape__Length">43.8221248328017</SimpleData>
	</SchemaData></ExtendedData>
      <LineString><coordinates>151.184531724452,-33.9129265387138 151.184517428273,-33.912946632315 151.184494923934,-33.9129787161056 151.184485442075,-33.9129922691602 151.184464059244,-33.9130279232354 151.184422903573,-33.9130961405144 151.184401520707,-33.9131317936747 151.184385829832,-33.9131771938108 151.184370797258,-33.9132206225348 151.184363662018,-33.9132469337165 151.184354332677,-33.913281586077 151.184352254675,-33.9132892472547</coordinates></LineString>
  </Placemark>
  <Placemark>
	<name>Sydney Park</name>
	<Style><LineStyle><color>ff0000ff</color></LineStyle><PolyStyle><fill>0</fill></PolyStyle></Style>
	<ExtendedData><SchemaData schemaUrl="#Navability_routes">
		<SimpleData name="OBJECTID">435</SimpleData>
		<SimpleData name="Effort">Easy</SimpleData>
		<SimpleData name="TravelDirection">Both</SimpleData>
		<SimpleData name="Shape__Length">235.591106139264</SimpleData>
	</SchemaData></ExtendedData>
      <LineString><coordinates>151.183331315632,-33.9125175713799 151.183333255644,-33.9125222719149 151.183336924983,-33.9125546389479 151.183340455325,-33.9125881022464 151.183336637032,-33.912620828585 151.183332431877,-33.9126563409951 151.183311940614,-33.9127449923432 151.183291211589,-33.9128346519267 151.183247594003,-33.9129992264479 151.183204025724,-33.9131636096029 151.183155263315,-33.9133669748505 151.183106933716,-33.913568536667 151.183106716327,-33.9135719492415 151.183109230757,-33.9135950843697 151.183112098983,-33.9136214736812 151.183112882427,-33.9136244095806 151.183126255354,-33.9136548990415 151.183140595873,-33.913687598514 151.183141432965,-33.913689128494 151.18315879401,-33.9137151690267 151.183178304809,-33.9137441322576 151.183197481058,-33.9137638414226 151.183218132813,-33.9137850674431 151.183219976578,-33.9137865590774 151.183272648499,-33.9138196871964 151.183327145554,-33.9138539639912 151.183328859939,-33.9138548252033 151.183382211063,-33.9138754769361 151.183518870447,-33.9139268268125 151.183604210938,-33.9139582925327 151.183605912182,-33.9139587540772 151.183668816751,-33.9139699882351 151.183733067144,-33.9139814613411 151.183734022799,-33.9139815845519 151.183782874931,-33.9139855155339 151.183833935458,-33.9139895566288 151.183915969489,-33.913986689273 151.183996286888,-33.9139838813008 151.184044424464,-33.9139712331021 151.184090221435,-33.9139589453171 151.184126447588,-33.9139467597993</coordinates></LineString>
  </Placemark>
  <Placemark>
	<name>Sydney Park</name>
	<Style><LineStyle><color>ff0000ff</color></LineStyle><PolyStyle><fill>0</fill></PolyStyle></Style>
	<ExtendedData><SchemaData schemaUrl="#Navability_routes">
		<SimpleData name="OBJECTID">436</SimpleData>
		<SimpleData name="Effort">Steep</SimpleData>
		<SimpleData name="TravelDirection">Both</SimpleData>
		<SimpleData name="Shape__Length">258.279876706955</SimpleData>
	</SchemaData></ExtendedData>
      <LineString><coordinates>151.183331315632,-33.9125175713799 151.183324632555,-33.9125013794337 151.183290225666,-33.912437423568 151.183261672702,-33.9123843442846 151.183245662511,-33.9123608611948 151.183227907905,-33.9123347237917 151.183183616304,-33.912300749084 151.183135260968,-33.9122630235699 151.183098308498,-33.9122428680793 151.183058687863,-33.9122211339297 151.182971775625,-33.9121793287905 151.182886293082,-33.9121382967453 151.182823191111,-33.9120975661633 151.182761231856,-33.9120575738095 151.182728800839,-33.9120293007842 151.182699563459,-33.9120036845271 151.182667378239,-33.9119409732332 151.182638923439,-33.9118840610751 151.182614154936,-33.9117849650242 151.182590327573,-33.911688662921 151.182565856007,-33.9116136819147 151.182531058038,-33.9115116568163 151.182522382945,-33.911489203509 151.18251926821,-33.9114849725573 151.18250586341,-33.9114743406386 151.182489227333,-33.9114611460642 151.18248683349,-33.9114597391776 151.182315654674,-33.9113875245313 151.182143674086,-33.9113149840089 151.182076504885,-33.9112808460255 151.182011559671,-33.9112478139186 151.181954142122,-33.9111939536955 151.181900673988,-33.9111432690833 151.181851472984,-33.9110801944716 151.181804056084,-33.9110192301082 151.181755870282,-33.9109426894741 151.181710392958,-33.9108703620704 151.181708923201,-33.9108638956411 151.181713513489,-33.9108240263732 151.181717517947,-33.9107887211647 151.181717089435,-33.9107826235962</coordinates></LineString>
  </Placemark>
  <Placemark>
	<name>Sydney Park</name>
	<Style><LineStyle><color>ff0000ff</color></LineStyle><PolyStyle><fill>0</fill></PolyStyle></Style>
	<ExtendedData><SchemaData schemaUrl="#Navability_routes">
		<SimpleData name="OBJECTID">437</SimpleData>
		<SimpleData name="Effort">Easy</SimpleData>
		<SimpleData name="TravelDirection">Both</SimpleData>
		<SimpleData name="Shape__Length">95.2918156860009</SimpleData>
	</SchemaData></ExtendedData>
      <LineString><coordinates>151.184791282252,-33.91213041256 151.184786667322,-33.9121429030221 151.184784384764,-33.9121637797788 151.184782186625,-33.9121798100339 151.184780519918,-33.9122120352333 151.184778809346,-33.9122465321668 151.184782765301,-33.9123023269577 151.184786780998,-33.9123589765753 151.184791914968,-33.9124017604183 151.184797052619,-33.9124446768707 151.184797052427,-33.9124932246644 151.184797123001,-33.9125454724326 151.184796418596,-33.9125491582717 151.184784438813,-33.9125793665996 151.184769890372,-33.9126150286359 151.184653500539,-33.9127671461662 151.184533891029,-33.9129234695883 151.184531724452,-33.9129265387138</coordinates></LineString>
  </Placemark>
  <Placemark>
	<name>Sydney Park</name>
	<Style><LineStyle><color>ff0000ff</color></LineStyle><PolyStyle><fill>0</fill></PolyStyle></Style>
	<ExtendedData><SchemaData schemaUrl="#Navability_routes">
		<SimpleData name="OBJECTID">438</SimpleData>
		<SimpleData name="Effort">Easy</SimpleData>
		<SimpleData name="TravelDirection">Both</SimpleData>
		<SimpleData name="Shape__Length">89.0628959429554</SimpleData>
	</SchemaData></ExtendedData>
      <LineString><coordinates>151.183995331648,-33.9119746799789 151.18398290856,-33.911979289451 151.183852571086,-33.9120221794043 151.183735911211,-33.912060509841 151.183709530899,-33.9120770877238 151.183687811296,-33.9120910507948 151.183666426135,-33.9121168234515 151.18357813376,-33.9122222648431 151.183463668683,-33.9123592486928 151.183407138199,-33.9124267599232 151.183382185894,-33.9124565584458 151.183344768254,-33.9125014583681 151.183331315632,-33.9125175713799</coordinates></LineString>
  </Placemark>
  <Placemark>
	<name>Sydney Park</name>
	<Style><LineStyle><color>ff0000ff</color></LineStyle><PolyStyle><fill>0</fill></PolyStyle></Style>
	<ExtendedData><SchemaData schemaUrl="#Navability_routes">
		<SimpleData name="OBJECTID">439</SimpleData>
		<SimpleData name="Effort">Easy</SimpleData>
		<SimpleData name="TravelDirection">Both</SimpleData>
		<SimpleData name="Shape__Length">10.0945147933392</SimpleData>
	</SchemaData></ExtendedData>
      <LineString><coordinates>151.183995331648,-33.9119746799789 151.184002731433,-33.9119719342375 151.184045861682,-33.9119521884968 151.184080689365,-33.91193624373 151.184090815861,-33.9119306878109</coordinates></LineString>
  </Placemark>
  <Placemark>
	<name>Sydney Park</name>
	<Style><LineStyle><color>ff0000ff</color></LineStyle><PolyStyle><fill>0</fill></PolyStyle></Style>
	<ExtendedData><SchemaData schemaUrl="#Navability_routes">
		<SimpleData name="OBJECTID">440</SimpleData>
		<SimpleData name="Effort">Easy</SimpleData>
		<SimpleData name="TravelDirection">Both</SimpleData>
		<SimpleData name="Shape__Length">70.5489392038566</SimpleData>
	</SchemaData></ExtendedData>
      <LineString><coordinates>151.184090815861,-33.9119306878109 151.184100684844,-33.9119367064128 151.184139238826,-33.9119571341095 151.184178308535,-33.9119778254954 151.184263695696,-33.9120273514279 151.184350953359,-33.9120778264685 151.184377695443,-33.9120882851933 151.1844098049,-33.9121002893015 151.18456799902,-33.9121094250824 151.184725407547,-33.9121185301396 151.184752134747,-33.9121233202368 151.184773669637,-33.912127234823 151.184791282252,-33.91213041256</coordinates></LineString>
  </Placemark>
  <Placemark>
	<name>Sydney Park</name>
	<Style><LineStyle><color>ff0000ff</color></LineStyle><PolyStyle><fill>0</fill></PolyStyle></Style>
	<ExtendedData><SchemaData schemaUrl="#Navability_routes">
		<SimpleData name="OBJECTID">441</SimpleData>
		<SimpleData name="Effort">Easy</SimpleData>
		<SimpleData name="TravelDirection">Both</SimpleData>
		<SimpleData name="Shape__Length">72.6710832491452</SimpleData>
	</SchemaData></ExtendedData>
      <LineString><coordinates>151.184090815861,-33.9119306878109 151.184091073413,-33.911919111486 151.184092153819,-33.9118138161041 151.184093235679,-33.9117082989143 151.184105919123,-33.9115888199131 151.184118489718,-33.9114708343253 151.184128246241,-33.9113841886232 151.184139142338,-33.9112874160723 151.184140248667,-33.9112772770128</coordinates></LineString>
  </Placemark>
  <Placemark>
	<name>Sydney Park</name>
	<Style><LineStyle><color>ff0000ff</color></LineStyle><PolyStyle><fill>0</fill></PolyStyle></Style>
	<ExtendedData><SchemaData schemaUrl="#Navability_routes">
		<SimpleData name="OBJECTID">442</SimpleData>
		<SimpleData name="Effort">Easy</SimpleData>
		<SimpleData name="TravelDirection">Both</SimpleData>
		<SimpleData name="Shape__Length">95.9504378486141</SimpleData>
	</SchemaData></ExtendedData>
      <LineString><coordinates>151.184140248667,-33.9112772770128 151.184160054602,-33.9112798352315 151.184180789191,-33.9112825135502 151.184205128378,-33.9112856580301 151.184212359409,-33.9112837772573 151.184299847501,-33.9112190126351 151.184386782204,-33.9111549386322 151.184494372293,-33.9111062408452 151.184603368801,-33.9110569054317 151.184694818518,-33.9110256651607 151.184788068949,-33.9109937606402 151.184918694498,-33.9109625865681 151.185048932849,-33.9109316636416 151.185061768172,-33.9109270871856</coordinates></LineString>
  </Placemark>
  <Placemark>
	<name>Sydney Park</name>
	<Style><LineStyle><color>ff0000ff</color></LineStyle><PolyStyle><fill>0</fill></PolyStyle></Style>
	<ExtendedData><SchemaData schemaUrl="#Navability_routes">
		<SimpleData name="OBJECTID">443</SimpleData>
		<SimpleData name="Effort">Easy</SimpleData>
		<SimpleData name="TravelDirection">Both</SimpleData>
		<SimpleData name="Shape__Length">148.912757852855</SimpleData>
	</SchemaData></ExtendedData>
      <LineString><coordinates>151.185987116236,-33.9112411558936 151.185978711824,-33.9112476264656 151.185921817064,-33.9112913799579 151.185877793854,-33.9113252750289 151.185758073722,-33.9114119280048 151.185637603115,-33.911499125267 151.185546224554,-33.9115456697891 151.185453333127,-33.9115931180262 151.185370004424,-33.9116482745446 151.185289479274,-33.9117015804841 151.185202938791,-33.9117737928142 151.185116740572,-33.9118457197649 151.185039952841,-33.9119070339658 151.184962996573,-33.9119684872034 151.184892483844,-33.9120275529121 151.184824564973,-33.9120841517952 151.184810212726,-33.9121027179683 151.184793704501,-33.9121238547655 151.184791282252,-33.91213041256</coordinates></LineString>
  </Placemark>
  <Placemark>
	<name>Sydney Park</name>
	<Style><LineStyle><color>ff0000ff</color></LineStyle><PolyStyle><fill>0</fill></PolyStyle></Style>
	<ExtendedData><SchemaData schemaUrl="#Navability_routes">
		<SimpleData name="OBJECTID">444</SimpleData>
		<SimpleData name="Effort">Easy</SimpleData>
		<SimpleData name="TravelDirection">Both</SimpleData>
		<SimpleData name="Shape__Length">27.0047802172304</SimpleData>
	</SchemaData></ExtendedData>
      <LineString><coordinates>151.185987116236,-33.9112411558936 151.185995167716,-33.9112349569542 151.186073860857,-33.9111756855804 151.186177920554,-33.9110978730308 151.186203026065,-33.9110772630744</coordinates></LineString>
  </Placemark>
  <Placemark>
	<name>Sydney Park</name>
	<Style><LineStyle><color>ff0000ff</color></LineStyle><PolyStyle><fill>0</fill></PolyStyle></Style>
	<ExtendedData><SchemaData schemaUrl="#Navability_routes">
		<SimpleData name="OBJECTID">445</SimpleData>
		<SimpleData name="Effort">Easy</SimpleData>
		<SimpleData name="TravelDirection">Both</SimpleData>
		<SimpleData name="Shape__Length">132.895984427798</SimpleData>
	</SchemaData></ExtendedData>
      <LineString><coordinates>151.187623308422,-33.911102556399 151.187044883,-33.9110039735381 151.18700977715,-33.9110051671279 151.186976713031,-33.9110062681409 151.186780891782,-33.9110263377847 151.18658532845,-33.9110463793526 151.186504582738,-33.911053250526 151.186316714892,-33.9110692371908 151.186235969164,-33.9110761072847 151.186203026065,-33.9110772630744</coordinates></LineString>
  </Placemark>
  <Placemark>
	<name>Sydney Park</name>
	<Style><LineStyle><color>ff0000ff</color></LineStyle><PolyStyle><fill>0</fill></PolyStyle></Style>
	<ExtendedData><SchemaData schemaUrl="#Navability_routes">
		<SimpleData name="OBJECTID">446</SimpleData>
		<SimpleData name="Effort">Easy</SimpleData>
		<SimpleData name="TravelDirection">Both</SimpleData>
		<SimpleData name="Shape__Length">22.7650801608465</SimpleData>
	</SchemaData></ExtendedData>
      <LineString><coordinates>151.185880808258,-33.911075890342 151.185879999833,-33.9110953018859 151.185878898023,-33.9111217165197 151.185877559424,-33.9111538419837 151.185881564148,-33.911162269137 151.185925877676,-33.9111953874642 151.185970451,-33.9112287007732 151.185987116236,-33.9112411558936</coordinates></LineString>
  </Placemark>
  <Placemark>
	<name>Sydney Park</name>
	<Style><LineStyle><color>ff0000ff</color></LineStyle><PolyStyle><fill>0</fill></PolyStyle></Style>
	<ExtendedData><SchemaData schemaUrl="#Navability_routes">
		<SimpleData name="OBJECTID">447</SimpleData>
		<SimpleData name="Effort">Easy</SimpleData>
		<SimpleData name="TravelDirection">Both</SimpleData>
		<SimpleData name="Shape__Length">29.8037941887748</SimpleData>
	</SchemaData></ExtendedData>
      <LineString><coordinates>151.185880808258,-33.911075890342 151.185891024653,-33.9110765422623 151.186013189197,-33.9110769988785 151.186170082945,-33.9110784197567 151.186203026065,-33.9110772630744</coordinates></LineString>
  </Placemark>
  <Placemark>
	<name>Sydney Park</name>
	<Style><LineStyle><color>ff0000ff</color></LineStyle><PolyStyle><fill>0</fill></PolyStyle></Style>
	<ExtendedData><SchemaData schemaUrl="#Navability_routes">
		<SimpleData name="OBJECTID">448</SimpleData>
		<SimpleData name="Effort">Easy</SimpleData>
		<SimpleData name="TravelDirection">Both</SimpleData>
		<SimpleData name="Shape__Length">119.216980020376</SimpleData>
	</SchemaData></ExtendedData>
      <LineString><coordinates>151.186203026065,-33.9110772630744 151.186228131544,-33.9110566540138 151.186280890792,-33.9110075660706 151.186315900219,-33.9109749456611 151.186356630487,-33.9109301999761 151.186396518036,-33.9108863805715 151.186438838202,-33.9108208064631 151.186479391277,-33.9107577239617 151.186513383904,-33.9106892750376 151.186545861039,-33.9106238985462 151.186573033045,-33.9105476599968 151.186599680222,-33.9104729637981 151.186636730224,-33.9103398916367 151.18667309808,-33.9102099131974 151.186676490657,-33.9101704651846 151.186681021031,-33.9101176422002 151.18668276171,-33.9101040407555</coordinates></LineString>
  </Placemark>
  <Placemark>
	<name>Sydney Park</name>
	<Style><LineStyle><color>ff0000ff</color></LineStyle><PolyStyle><fill>0</fill></PolyStyle></Style>
	<ExtendedData><SchemaData schemaUrl="#Navability_routes">
		<SimpleData name="OBJECTID">449</SimpleData>
		<SimpleData name="Effort">Easy</SimpleData>
		<SimpleData name="TravelDirection">Both</SimpleData>
		<SimpleData name="Shape__Length">34.3508871964715</SimpleData>
	</SchemaData></ExtendedData>
      <LineString><coordinates>151.185518232749,-33.9110121005087 151.18552590332,-33.911014124353 151.18560475169,-33.9110333366103 151.185673678484,-33.9110501852163 151.185768399103,-33.9110622226103 151.185871059524,-33.9110752687577 151.185880808258,-33.911075890342</coordinates></LineString>
  </Placemark>
  <Placemark>
	<name>Sydney Park</name>
	<Style><LineStyle><color>ff0000ff</color></LineStyle><PolyStyle><fill>0</fill></PolyStyle></Style>
	<ExtendedData><SchemaData schemaUrl="#Navability_routes">
		<SimpleData name="OBJECTID">450</SimpleData>
		<SimpleData name="Effort">Moderate</SimpleData>
		<SimpleData name="TravelDirection">Both</SimpleData>
		<SimpleData name="Shape__Length">20.5529682396683</SimpleData>
	</SchemaData></ExtendedData>
      <LineString><coordinates>151.185518232749,-33.9110121005087 151.185506108466,-33.9110089018796 151.185413328064,-33.9109832531835 151.185331240829,-33.9109605619456 151.185306328589,-33.9109568510659</coordinates></LineString>
  </Placemark>
  <Placemark>
	<name>Sydney Park</name>
	<Style><LineStyle><color>ff0000ff</color></LineStyle><PolyStyle><fill>0</fill></PolyStyle></Style>
	<ExtendedData><SchemaData schemaUrl="#Navability_routes">
		<SimpleData name="OBJECTID">451</SimpleData>
		<SimpleData name="Effort">Easy</SimpleData>
		<SimpleData name="TravelDirection">Both</SimpleData>
		<SimpleData name="Shape__Length">23.6914823743193</SimpleData>
	</SchemaData></ExtendedData>
      <LineString><coordinates>151.185306328589,-33.9109568510659 151.185262077946,-33.9109697455755 151.185226941318,-33.910967749654 151.185201218285,-33.9109664191136 151.185171812914,-33.9109592108529 151.185100789662,-33.9109414230112 151.185071383247,-33.9109342138098 151.185061768172,-33.9109270871856</coordinates></LineString>
  </Placemark>
  <Placemark>
	<name>Sydney Park</name>
	<Style><LineStyle><color>ff0000ff</color></LineStyle><PolyStyle><fill>0</fill></PolyStyle></Style>
	<ExtendedData><SchemaData schemaUrl="#Navability_routes">
		<SimpleData name="OBJECTID">452</SimpleData>
		<SimpleData name="Effort">Easy</SimpleData>
		<SimpleData name="TravelDirection">Both</SimpleData>
		<SimpleData name="Shape__Length">8.61633901714531</SimpleData>
	</SchemaData></ExtendedData>
      <LineString><coordinates>151.185061768172,-33.9109270871856 151.185064987338,-33.9109153840882 151.185081393187,-33.9108912573714 151.185092961891,-33.9108742443935 151.185103838438,-33.910858250094</coordinates></LineString>
  </Placemark>
  <Placemark>
	<name>Sydney Park</name>
	<Style><LineStyle><color>ff0000ff</color></LineStyle><PolyStyle><fill>0</fill></PolyStyle></Style>
	<ExtendedData><SchemaData schemaUrl="#Navability_routes">
		<SimpleData name="OBJECTID">453</SimpleData>
		<SimpleData name="Effort">Moderate</SimpleData>
		<SimpleData name="TravelDirection">Both</SimpleData>
		<SimpleData name="Shape__Length">21.826075164642</SimpleData>
	</SchemaData></ExtendedData>
      <LineString><coordinates>151.185103838438,-33.910858250094 151.185112645593,-33.9108630825031 151.185149127531,-33.910879462988 151.185259341925,-33.9109287798264 151.185295825002,-33.9109451602859 151.185306328589,-33.9109568510659</coordinates></LineString>
  </Placemark>
  <Placemark>
	<name>Sydney Park</name>
	<Style><LineStyle><color>ff0000ff</color></LineStyle><PolyStyle><fill>0</fill></PolyStyle></Style>
	<ExtendedData><SchemaData schemaUrl="#Navability_routes">
		<SimpleData name="OBJECTID">454</SimpleData>
		<SimpleData name="Effort">Moderate</SimpleData>
		<SimpleData name="TravelDirection">Both</SimpleData>
		<SimpleData name="Shape__Length">46.3318850357061</SimpleData>
	</SchemaData></ExtendedData>
      <LineString><coordinates>151.181717089435,-33.9107826235962 151.181738755395,-33.9107659918356 151.181775842316,-33.9107375243862 151.18185695257,-33.9106752643358 151.181894039432,-33.9106467959458 151.181973545448,-33.9105962527488 151.182054582842,-33.9105446897031 151.182072919088,-33.9105355219893 151.182094607059,-33.9105246192286 151.182105435766,-33.9105205743324</coordinates></LineString>
  </Placemark>
  <Placemark>
	<name>Sydney Park</name>
	<Style><LineStyle><color>ff0000ff</color></LineStyle><PolyStyle><fill>0</fill></PolyStyle></Style>
	<ExtendedData><SchemaData schemaUrl="#Navability_routes">
		<SimpleData name="OBJECTID">455</SimpleData>
		<SimpleData name="Effort">Moderate</SimpleData>
		<SimpleData name="TravelDirection">Both</SimpleData>
		<SimpleData name="Shape__Length">131.633186321521</SimpleData>
	</SchemaData></ExtendedData>
      <LineString><coordinates>151.181717089435,-33.9107826235962 151.181715848122,-33.9107649474308 151.181710087333,-33.910703892238 151.181706288818,-33.9106621109179 151.181710274221,-33.9105685540613 151.181714227724,-33.9104777704778 151.181725479361,-33.9104210902063 151.181737134007,-33.9103617810071 151.181751305436,-33.9103106624927 151.181765910097,-33.9102568668025 151.181766454573,-33.910220448238 151.181766943024,-33.9101805580564 151.181749829511,-33.9100506299651 151.181732694563,-33.9099205419462 151.181731463644,-33.9098522874487 151.181730347428,-33.9097869824263 151.181740598607,-33.9097432796097 151.181751762065,-33.90969435748 151.181768969303,-33.9096660887479 151.181789957218,-33.9096306556347 151.181800306311,-33.9096133941181</coordinates></LineString>
  </Placemark>
  <Placemark>
	<name>Sydney Park</name>
	<Style><LineStyle><color>ff0000ff</color></LineStyle><PolyStyle><fill>0</fill></PolyStyle></Style>
	<ExtendedData><SchemaData schemaUrl="#Navability_routes">
		<SimpleData name="OBJECTID">456</SimpleData>
		<SimpleData name="Effort">Easy</SimpleData>
		<SimpleData name="TravelDirection">Both</SimpleData>
		<SimpleData name="Shape__Length">48.9534294001236</SimpleData>
	</SchemaData></ExtendedData>
      <LineString><coordinates>151.184682708436,-33.9105908728899 151.184693687279,-33.9105974371292 151.18479373544,-33.910661250499 151.184911633061,-33.910736445408 151.184944670255,-33.9107575165035 151.185044718793,-33.910821329683 151.185095031264,-33.9108534185857 151.185103838438,-33.910858250094</coordinates></LineString>
  </Placemark>
  <Placemark>
	<name>Sydney Park</name>
	<Style><LineStyle><color>ff0000ff</color></LineStyle><PolyStyle><fill>0</fill></PolyStyle></Style>
	<ExtendedData><SchemaData schemaUrl="#Navability_routes">
		<SimpleData name="OBJECTID">457</SimpleData>
		<SimpleData name="Effort">Steep</SimpleData>
		<SimpleData name="TravelDirection">Both</SimpleData>
		<SimpleData name="Shape__Length">24.8450494671973</SimpleData>
	</SchemaData></ExtendedData>
      <LineString><coordinates>151.184682708436,-33.9105908728899 151.184696860209,-33.9105764436479 151.18475391278,-33.9105182706393 151.184813382849,-33.9104576327262 151.184819851086,-33.9104458711372 151.184834645146,-33.9104195655297 151.184837598731,-33.9104099821166</coordinates></LineString>
  </Placemark>
  <Placemark>
	<name>Sydney Park</name>
	<Style><LineStyle><color>ff0000ff</color></LineStyle><PolyStyle><fill>0</fill></PolyStyle></Style>
	<ExtendedData><SchemaData schemaUrl="#Navability_routes">
		<SimpleData name="OBJECTID">458</SimpleData>
		<SimpleData name="Effort">Moderate</SimpleData>
		<SimpleData name="TravelDirection">Both</SimpleData>
		<SimpleData name="Shape__Length">29.553803012657</SimpleData>
	</SchemaData></ExtendedData>
      <LineString><coordinates>151.182105435766,-33.9105205743324 151.182107378441,-33.910509106762 151.182114001675,-33.9104736210834 151.182121122515,-33.910435482625 151.18212302569,-33.9104312202594 151.182142645529,-33.9104057157645 151.182165591003,-33.9103758851411 151.18217035575,-33.9103724946289 151.18219960169,-33.9103627467629 151.182233424158,-33.9103515443327 151.182245856118,-33.9103489541551 151.182268944956,-33.9103441443506 151.182289568927,-33.9103398473054</coordinates></LineString>
  </Placemark>
  <Placemark>
	<name>Sydney Park</name>
	<Style><LineStyle><color>ff0000ff</color></LineStyle><PolyStyle><fill>0</fill></PolyStyle></Style>
	<ExtendedData><SchemaData schemaUrl="#Navability_routes">
		<SimpleData name="OBJECTID">459</SimpleData>
		<SimpleData name="Effort">Moderate</SimpleData>
		<SimpleData name="TravelDirection">Both</SimpleData>
		<SimpleData name="Shape__Length">42.0035038876837</SimpleData>
	</SchemaData></ExtendedData>
      <LineString><coordinates>151.182105435766,-33.9105205743324 151.182114321818,-33.9105279961043 151.182120617758,-33.9105342912299 151.182126994165,-33.9105406677982 151.182130351761,-33.9105428824522 151.182153198429,-33.9105520216873 151.182181206076,-33.9105629459211 151.182206694346,-33.9105668679226 151.182236524844,-33.9105714563971 151.182242625187,-33.910570463487 151.182261555716,-33.9105607102746 151.182274026954,-33.9105542864847 151.18227701099,-33.9105519391366 151.18227890437,-33.9105486468941 151.182285214535,-33.9105302905067 151.182289447463,-33.9105179757517 151.182289900882,-33.9105133808773 151.182285375226,-33.9104800047515 151.182281022188,-33.9104475653748 151.182279937811,-33.9104204584467 151.182278944225,-33.9103895862992 151.182280877831,-33.9103789517972 151.182284969166,-33.9103564489178 151.182289568927,-33.9103398473054</coordinates></LineString>
  </Placemark>
  <Placemark>
	<name>Sydney Park</name>
	<Style><LineStyle><color>ff0000ff</color></LineStyle><PolyStyle><fill>0</fill></PolyStyle></Style>
	<ExtendedData><SchemaData schemaUrl="#Navability_routes">
		<SimpleData name="OBJECTID">460</SimpleData>
		<SimpleData name="Effort">Easy</SimpleData>
		<SimpleData name="TravelDirection">Both</SimpleData>
		<SimpleData name="Shape__Length">81.7206144749367</SimpleData>
	</SchemaData></ExtendedData>
      <LineString><coordinates>151.184230894668,-33.9105444798741 151.184228176497,-33.9105557079071 151.184201297747,-33.9107546317403 151.184174724242,-33.9109512939923 151.184158555413,-33.9111043546478 151.184141313138,-33.9112675304939 151.184140248667,-33.9112772770128</coordinates></LineString>
  </Placemark>
  <Placemark>
	<name>Sydney Park</name>
	<Style><LineStyle><color>ff0000ff</color></LineStyle><PolyStyle><fill>0</fill></PolyStyle></Style>
	<ExtendedData><SchemaData schemaUrl="#Navability_routes">
		<SimpleData name="OBJECTID">461</SimpleData>
		<SimpleData name="Effort">Easy</SimpleData>
		<SimpleData name="TravelDirection">Both</SimpleData>
		<SimpleData name="Shape__Length">45.4336611083409</SimpleData>
	</SchemaData></ExtendedData>
      <LineString><coordinates>151.184230894668,-33.9105444798741 151.18424202041,-33.9105412642592 151.184343255705,-33.9105198956243 151.184446622453,-33.9104980768108 151.184463110735,-33.9104965778195 151.184486853918,-33.9104950262112 151.184508912386,-33.9105015663028 151.184526163049,-33.9105064953186 151.184598429162,-33.9105452564124 151.184676029295,-33.9105868788873 151.184682708436,-33.9105908728899</coordinates></LineString>
  </Placemark>
  <Placemark>
	<name>Sydney Park</name>
	<Style><LineStyle><color>ff0000ff</color></LineStyle><PolyStyle><fill>0</fill></PolyStyle></Style>
	<ExtendedData><SchemaData schemaUrl="#Navability_routes">
		<SimpleData name="OBJECTID">462</SimpleData>
		<SimpleData name="Effort">Difficult descent</SimpleData>
		<SimpleData name="TravelDirection">Both</SimpleData>
		<SimpleData name="Shape__Length">174.677443353498</SimpleData>
	</SchemaData></ExtendedData>
      <LineString><coordinates>151.184837598731,-33.9104099821166 151.184840552295,-33.9104003996048 151.184845753205,-33.9103608376578 151.184848530241,-33.910338365794 151.184838368945,-33.9102993257785 151.18482651341,-33.9102517979625 151.184806314197,-33.9102108362167 151.184785801775,-33.9101692431411 151.184765462059,-33.9101204774733 151.184745775845,-33.9100732300477 151.184726136534,-33.9099977688057 151.184707564723,-33.909926437034 151.184697441716,-33.9098347630783 151.184687119323,-33.909739029258 151.184696646077,-33.9096551195633 151.184706752745,-33.9095674762013 151.18472283589,-33.9095136856724 151.184739473155,-33.9094580403186 151.184764027555,-33.909412977282 151.184790067259,-33.9093647331635 151.184812627379,-33.9093300684186 151.184838325356,-33.9092912027445 151.184926162081,-33.9092139581575 151.185015367403,-33.9091355100201 151.185096999287,-33.9090758560237 151.185186611134,-33.9090103537012 151.185194083177,-33.909003778357</coordinates></LineString>
  </Placemark>
  <Placemark>
	<name>Sydney Park</name>
	<Style><LineStyle><color>ff0000ff</color></LineStyle><PolyStyle><fill>0</fill></PolyStyle></Style>
	<ExtendedData><SchemaData schemaUrl="#Navability_routes">
		<SimpleData name="OBJECTID">463</SimpleData>
		<SimpleData name="Effort">Moderate</SimpleData>
		<SimpleData name="TravelDirection">Both</SimpleData>
		<SimpleData name="Shape__Length">41.7562541904785</SimpleData>
	</SchemaData></ExtendedData>
      <LineString><coordinates>151.182467031756,-33.9099940160378 151.182458398466,-33.9100127340024 151.182428522893,-33.9100775453944 151.18239557659,-33.9101489374113 151.182344078111,-33.9102404293669 151.182290976805,-33.9103347678628 151.182289568927,-33.9103398473054</coordinates></LineString>
  </Placemark>
  <Placemark>
	<name>Sydney Park</name>
	<Style><LineStyle><color>ff0000ff</color></LineStyle><PolyStyle><fill>0</fill></PolyStyle></Style>
	<ExtendedData><SchemaData schemaUrl="#Navability_routes">
		<SimpleData name="OBJECTID">464</SimpleData>
		<SimpleData name="Effort">Moderate</SimpleData>
		<SimpleData name="TravelDirection">Both</SimpleData>
		<SimpleData name="Shape__Length">70.1637157719877</SimpleData>
	</SchemaData></ExtendedData>
      <LineString><coordinates>151.182467031756,-33.9099940160378 151.182474580098,-33.9099950652884 151.182608702902,-33.9100086895302 151.182738380149,-33.9100217800006 151.182840977824,-33.9100178335488 151.182947567144,-33.9100134905501 151.183014744215,-33.9099953219304 151.183077257899,-33.9099787256105 151.183115578338,-33.9099570705375 151.183166494895,-33.9099282972679 151.183188224223,-33.9099088608641</coordinates></LineString>
  </Placemark>
  <Placemark>
	<name>Sydney Park</name>
	<Style><LineStyle><color>ff0000ff</color></LineStyle><PolyStyle><fill>0</fill></PolyStyle></Style>
	<ExtendedData><SchemaData schemaUrl="#Navability_routes">
		<SimpleData name="OBJECTID">465</SimpleData>
		<SimpleData name="Effort">Moderate</SimpleData>
		<SimpleData name="TravelDirection">Both</SimpleData>
		<SimpleData name="Shape__Length">211.564228591875</SimpleData>
	</SchemaData></ExtendedData>
      <LineString><coordinates>151.183159368633,-33.9102329958912 151.183165975365,-33.9103296993278 151.183172467861,-33.9104229708646 151.1831860119,-33.9104873068883 151.183200163023,-33.9105548368096 151.183226025325,-33.9106426239796 151.183264557957,-33.910768356617 151.183316186729,-33.9109334296713 151.183354719624,-33.9110591613841 151.183389937468,-33.91113227553 151.183426326153,-33.9112080634649 151.183565634288,-33.9114136017426 151.183706339104,-33.9116213931849 151.183776033839,-33.9117065779961 151.183843968607,-33.9117896429687 151.183911903505,-33.9118727079081 151.183981598642,-33.9119578926162 151.183995331648,-33.9119746799789</coordinates></LineString>
  </Placemark>
  <Placemark>
	<name>Sydney Park</name>
	<Style><LineStyle><color>ff0000ff</color></LineStyle><PolyStyle><fill>0</fill></PolyStyle></Style>
	<ExtendedData><SchemaData schemaUrl="#Navability_routes">
		<SimpleData name="OBJECTID">466</SimpleData>
		<SimpleData name="Effort">Moderate</SimpleData>
		<SimpleData name="TravelDirection">Both</SimpleData>
		<SimpleData name="Shape__Length">27.7818482608401</SimpleData>
	</SchemaData></ExtendedData>
      <LineString><coordinates>151.183188224223,-33.9099088608641 151.183211210331,-33.9098883005009 151.183292596331,-33.9097942148563 151.183353930913,-33.9097233091214 151.183366329008,-33.9097074312111</coordinates></LineString>
  </Placemark>
  <Placemark>
	<name>Sydney Park</name>
	<Style><LineStyle><color>ff0000ff</color></LineStyle><PolyStyle><fill>0</fill></PolyStyle></Style>
	<ExtendedData><SchemaData schemaUrl="#Navability_routes">
		<SimpleData name="OBJECTID">467</SimpleData>
		<SimpleData name="Effort">Difficult descent</SimpleData>
		<SimpleData name="TravelDirection">Both</SimpleData>
		<SimpleData name="Shape__Length">22.6941609353895</SimpleData>
	</SchemaData></ExtendedData>
      <LineString><coordinates>151.186699558731,-33.909900383265 151.186699811921,-33.9099077280543 151.186697807859,-33.9099745435709 151.186695990778,-33.9100367196868 151.186690657832,-33.9100624949028 151.186683680655,-33.910096860215 151.18668276171,-33.9101040407555</coordinates></LineString>
  </Placemark>
  <Placemark>
	<name>Sydney Park</name>
	<Style><LineStyle><color>ff0000ff</color></LineStyle><PolyStyle><fill>0</fill></PolyStyle></Style>
	<ExtendedData><SchemaData schemaUrl="#Navability_routes">
		<SimpleData name="OBJECTID">468</SimpleData>
		<SimpleData name="Effort">Steep</SimpleData>
		<SimpleData name="TravelDirection">Both</SimpleData>
		<SimpleData name="Shape__Length">73.3211389181539</SimpleData>
	</SchemaData></ExtendedData>
      <LineString><coordinates>151.186699558731,-33.909900383265 151.186718860185,-33.9098925410891 151.186753086634,-33.9098786218962 151.186779485264,-33.9098679085051 151.18686840361,-33.9098237371068 151.186956742578,-33.9097798528794 151.187000816666,-33.909754933145 151.187042237699,-33.9097314973613 151.187077126161,-33.9096839222826 151.187107960171,-33.9096404228638 151.187154902581,-33.9095928728733 151.187202741233,-33.9095442638924 151.187236384752,-33.9095050602155 151.187268149796,-33.9094680453441 151.187272057673,-33.9094652705226</coordinates></LineString>
  </Placemark>
  <Placemark>
	<name>Sydney Park</name>
	<Style><LineStyle><color>ff0000ff</color></LineStyle><PolyStyle><fill>0</fill></PolyStyle></Style>
	<ExtendedData><SchemaData schemaUrl="#Navability_routes">
		<SimpleData name="OBJECTID">469</SimpleData>
		<SimpleData name="Effort">Easy</SimpleData>
		<SimpleData name="TravelDirection">Both</SimpleData>
		<SimpleData name="Shape__Length">131.427564266081</SimpleData>
	</SchemaData></ExtendedData>
      <LineString><coordinates>151.185848388818,-33.9098831079878 151.18584496939,-33.9098986531756 151.185852698776,-33.9099414175354 151.185854984199,-33.9099544191244 151.185855213109,-33.9099766810257 151.185856337884,-33.9100693828539 151.185857102785,-33.9101435008474 151.185844891302,-33.9102123264759 151.185831408946,-33.9102861037593 151.185798373587,-33.9103537135511 151.185764101079,-33.9104237641422 151.185712470216,-33.9105092635869 151.185660960756,-33.9105945411642 151.185616788105,-33.9106760006789 151.185573072278,-33.9107566201748 151.185547204405,-33.9108280786435 151.185523323382,-33.9108930531298 151.185521278822,-33.9109408701614 151.185519114134,-33.9109914961421 151.185518232749,-33.9110121005087</coordinates></LineString>
  </Placemark>
  <Placemark>
	<name>Sydney Park</name>
	<Style><LineStyle><color>ff0000ff</color></LineStyle><PolyStyle><fill>0</fill></PolyStyle></Style>
	<ExtendedData><SchemaData schemaUrl="#Navability_routes">
		<SimpleData name="OBJECTID">470</SimpleData>
		<SimpleData name="Effort">Easy</SimpleData>
		<SimpleData name="TravelDirection">Both</SimpleData>
		<SimpleData name="Shape__Length">88.078819364298</SimpleData>
	</SchemaData></ExtendedData>
      <LineString><coordinates>151.185848388818,-33.9098831079878 151.185862814686,-33.9098896616019 151.185919725052,-33.9099517616876 151.185937400341,-33.9099711480335 151.185955076739,-33.9099905334917 151.185990872413,-33.9100241268287 151.186030873027,-33.9100609363989 151.186077345892,-33.9100820112925 151.186126681084,-33.9101043844658 151.186177701264,-33.9101115024759 151.186224231069,-33.9101175957578 151.18629706409,-33.9101244246173 151.18637085764,-33.910131349643 151.186425609515,-33.9101319668831 151.186478556389,-33.9101325304566 151.186530888074,-33.9101272155241 151.186580444749,-33.9101221473467 151.186618679271,-33.9101153812186 151.186662698905,-33.910107591153 151.18668276171,-33.9101040407555</coordinates></LineString>
  </Placemark>
  <Placemark>
	<name>Sydney Park</name>
	<Style><LineStyle><color>ff0000ff</color></LineStyle><PolyStyle><fill>0</fill></PolyStyle></Style>
	<ExtendedData><SchemaData schemaUrl="#Navability_routes">
		<SimpleData name="OBJECTID">471</SimpleData>
		<SimpleData name="Effort">Easy</SimpleData>
		<SimpleData name="TravelDirection">Both</SimpleData>
		<SimpleData name="Shape__Length">122.564646835972</SimpleData>
	</SchemaData></ExtendedData>
      <LineString><coordinates>151.183366329008,-33.9097074312111 151.183380749856,-33.909721496518 151.183558064815,-33.9098823824563 151.183733730444,-33.91004177128 151.183978001119,-33.9102890120541 151.184222487078,-33.9105364683566 151.184230894668,-33.9105444798741</coordinates></LineString>
  </Placemark>
  <Placemark>
	<name>Sydney Park</name>
	<Style><LineStyle><color>ff0000ff</color></LineStyle><PolyStyle><fill>0</fill></PolyStyle></Style>
	<ExtendedData><SchemaData schemaUrl="#Navability_routes">
		<SimpleData name="OBJECTID">472</SimpleData>
		<SimpleData name="Effort">Easy</SimpleData>
		<SimpleData name="TravelDirection">Both</SimpleData>
		<SimpleData name="Shape__Length">18.6720227906212</SimpleData>
	</SchemaData></ExtendedData>
      <LineString><coordinates>151.183366329008,-33.9097074312111 151.183351908183,-33.9096933650012 151.183309439235,-33.9096479723917 151.183271832782,-33.9096077779087 151.183241130782,-33.9095753762346</coordinates></LineString>
  </Placemark>
  <Placemark>
	<name>Sydney Park</name>
	<Style><LineStyle><color>ff0000ff</color></LineStyle><PolyStyle><fill>0</fill></PolyStyle></Style>
	<ExtendedData><SchemaData schemaUrl="#Navability_routes">
		<SimpleData name="OBJECTID">473</SimpleData>
		<SimpleData name="Effort">Moderate</SimpleData>
		<SimpleData name="TravelDirection">Both</SimpleData>
		<SimpleData name="Shape__Length">77.2671316511002</SimpleData>
	</SchemaData></ExtendedData>
      <LineString><coordinates>151.181800306311,-33.9096133941181 151.181809373319,-33.9096212523185 151.18189857972,-33.9096960388971 151.182030523325,-33.909806672116 151.182119730111,-33.9098814585479 151.182173479192,-33.9099265248686 151.18217668886,-33.9099283198318 151.182230344169,-33.9099463876069 151.182288177639,-33.9099657172646 151.182364928871,-33.9099779770471 151.182453883633,-33.9099921879698 151.182467031756,-33.9099940160378</coordinates></LineString>
  </Placemark>
  <Placemark>
	<name>Sydney Park</name>
	<Style><LineStyle><color>ff0000ff</color></LineStyle><PolyStyle><fill>0</fill></PolyStyle></Style>
	<ExtendedData><SchemaData schemaUrl="#Navability_routes">
		<SimpleData name="OBJECTID">474</SimpleData>
		<SimpleData name="Effort">Easy</SimpleData>
		<SimpleData name="TravelDirection">Both</SimpleData>
		<SimpleData name="Shape__Length">16.1558146622826</SimpleData>
	</SchemaData></ExtendedData>
      <LineString><coordinates>151.183457075879,-33.9095829948993 151.183444490805,-33.9095990215529 151.183405638629,-33.9096536869456 151.183378728198,-33.9096915524139 151.183366329008,-33.9097074312111</coordinates></LineString>
  </Placemark>
  <Placemark>
	<name>Sydney Park</name>
	<Style><LineStyle><color>ff0000ff</color></LineStyle><PolyStyle><fill>0</fill></PolyStyle></Style>
	<ExtendedData><SchemaData schemaUrl="#Navability_routes">
		<SimpleData name="OBJECTID">475</SimpleData>
		<SimpleData name="Effort">Easy</SimpleData>
		<SimpleData name="TravelDirection">Both</SimpleData>
		<SimpleData name="Shape__Length">19.988007480403</SimpleData>
	</SchemaData></ExtendedData>
      <LineString><coordinates>151.183457075879,-33.9095829948993 151.18343340239,-33.9095821406035 151.183368885506,-33.9095798116248 151.183269488457,-33.9095762230454 151.183241130782,-33.9095753762346</coordinates></LineString>
  </Placemark>
  <Placemark>
	<name>Sydney Park</name>
	<Style><LineStyle><color>ff0000ff</color></LineStyle><PolyStyle><fill>0</fill></PolyStyle></Style>
	<ExtendedData><SchemaData schemaUrl="#Navability_routes">
		<SimpleData name="OBJECTID">476</SimpleData>
		<SimpleData name="Effort">Steep</SimpleData>
		<SimpleData name="TravelDirection">Both</SimpleData>
		<SimpleData name="Shape__Length">37.3113054922859</SimpleData>
	</SchemaData></ExtendedData>
      <LineString><coordinates>151.183241130782,-33.9095753762346 151.183237275255,-33.9096003876652 151.183218409539,-33.9097166868975 151.183193131413,-33.9098725210884 151.183188224223,-33.9099088608641</coordinates></LineString>
  </Placemark>
  <Placemark>
	<name>Sydney Park</name>
	<Style><LineStyle><color>ff0000ff</color></LineStyle><PolyStyle><fill>0</fill></PolyStyle></Style>
	<ExtendedData><SchemaData schemaUrl="#Navability_routes">
		<SimpleData name="OBJECTID">477</SimpleData>
		<SimpleData name="Effort">Easy</SimpleData>
		<SimpleData name="TravelDirection">Both</SimpleData>
		<SimpleData name="Shape__Length">15.7219462223969</SimpleData>
	</SchemaData></ExtendedData>
      <LineString><coordinates>151.187272057673,-33.9094652705226 151.18728712801,-33.9094545732637 151.187350743985,-33.9094166179381 151.187388046224,-33.9093943630801 151.187409289509,-33.9093816881036</coordinates></LineString>
  </Placemark>
  <Placemark>
	<name>Sydney Park</name>
	<Style><LineStyle><color>ff0000ff</color></LineStyle><PolyStyle><fill>0</fill></PolyStyle></Style>
	<ExtendedData><SchemaData schemaUrl="#Navability_routes">
		<SimpleData name="OBJECTID">478</SimpleData>
		<SimpleData name="Effort">Easy</SimpleData>
		<SimpleData name="TravelDirection">Both</SimpleData>
		<SimpleData name="Shape__Length">16.1686947152274</SimpleData>
	</SchemaData></ExtendedData>
      <LineString><coordinates>151.187272057673,-33.9094652705226 151.187270300129,-33.9094434721416 151.187265234575,-33.9093806572191 151.187262100619,-33.9093417884788 151.187260328251,-33.9093198221555</coordinates></LineString>
  </Placemark>
  <Placemark>
	<name>Sydney Park</name>
	<Style><LineStyle><color>ff0000ff</color></LineStyle><PolyStyle><fill>0</fill></PolyStyle></Style>
	<ExtendedData><SchemaData schemaUrl="#Navability_routes">
		<SimpleData name="OBJECTID">479</SimpleData>
		<SimpleData name="Effort">Easy</SimpleData>
		<SimpleData name="TravelDirection">Both</SimpleData>
		<SimpleData name="Shape__Length">41.1581629067957</SimpleData>
	</SchemaData></ExtendedData>
      <LineString><coordinates>151.183832261193,-33.9093946449422 151.183825348539,-33.9093987558849 151.18371567322,-33.9094371984679 151.183611367441,-33.9094737588938 151.183575267839,-33.9094914323596 151.183542002644,-33.9095077914215 151.183500352559,-33.9095439163985 151.183459773613,-33.9095795603079 151.183457075879,-33.9095829948993</coordinates></LineString>
  </Placemark>
  <Placemark>
	<name>Sydney Park</name>
	<Style><LineStyle><color>ff0000ff</color></LineStyle><PolyStyle><fill>0</fill></PolyStyle></Style>
	<ExtendedData><SchemaData schemaUrl="#Navability_routes">
		<SimpleData name="OBJECTID">480</SimpleData>
		<SimpleData name="Effort">Easy</SimpleData>
		<SimpleData name="TravelDirection">Both</SimpleData>
		<SimpleData name="Shape__Length">126.630299439383</SimpleData>
	</SchemaData></ExtendedData>
      <LineString><coordinates>151.183832261193,-33.9093946449422 151.183844624706,-33.9094089296265 151.183922682109,-33.9094991179189 151.184003239429,-33.9095921934379 151.184193331685,-33.9098047968253 151.184383500959,-33.9100174840327 151.184436810184,-33.9100763097543 151.184503144348,-33.9101495064785 151.184582968432,-33.9102375905249 151.184649302843,-33.9103107871787</coordinates></LineString>
  </Placemark>
  <Placemark>
	<name>Sydney Park</name>
	<Style><LineStyle><color>ff0000ff</color></LineStyle><PolyStyle><fill>0</fill></PolyStyle></Style>
	<ExtendedData><SchemaData schemaUrl="#Navability_routes">
		<SimpleData name="OBJECTID">481</SimpleData>
		<SimpleData name="Effort">Easy</SimpleData>
		<SimpleData name="TravelDirection">Both</SimpleData>
		<SimpleData name="Shape__Length">75.8503247237039</SimpleData>
	</SchemaData></ExtendedData>
      <LineString><coordinates>151.187409289509,-33.9093816881036 151.187414270084,-33.9093835162206 151.187485075313,-33.9093965491352 151.187554785271,-33.9094096199889 151.18762005109,-33.9094146837565 151.187689148918,-33.9094199932672 151.187759843543,-33.9094149634528 151.187834630261,-33.9094093878647 151.187892179654,-33.9093916645574 151.187946629778,-33.9093749966281 151.188035568164,-33.9093330447323 151.188122086879,-33.9092923304142 151.18814462659,-33.9092777735199 151.188171290239,-33.9092605531588 151.188176352414,-33.9092568926541</coordinates></LineString>
  </Placemark>
  <Placemark>
	<name>Sydney Park</name>
	<Style><LineStyle><color>ff0000ff</color></LineStyle><PolyStyle><fill>0</fill></PolyStyle></Style>
	<ExtendedData><SchemaData schemaUrl="#Navability_routes">
		<SimpleData name="OBJECTID">482</SimpleData>
		<SimpleData name="Effort">Moderate</SimpleData>
		<SimpleData name="TravelDirection">Both</SimpleData>
		<SimpleData name="Shape__Length">42.4160609194328</SimpleData>
	</SchemaData></ExtendedData>
      <LineString><coordinates>151.181808406944,-33.9092496128519 151.181807974807,-33.9092520853476 151.181787709836,-33.9093411041102 151.181769276334,-33.9094225644965 151.18176132741,-33.909490921476 151.181752720986,-33.9095649253457 151.181755944593,-33.9095734952832 151.181773906104,-33.9095897456757 151.181794046075,-33.9096079678787 151.181800306311,-33.9096133941181</coordinates></LineString>
  </Placemark>
  <Placemark>
	<name>Sydney Park</name>
	<Style><LineStyle><color>ff0000ff</color></LineStyle><PolyStyle><fill>0</fill></PolyStyle></Style>
	<ExtendedData><SchemaData schemaUrl="#Navability_routes">
		<SimpleData name="OBJECTID">483</SimpleData>
		<SimpleData name="Effort">Easy</SimpleData>
		<SimpleData name="TravelDirection">Both</SimpleData>
		<SimpleData name="Shape__Length">94.675837099213</SimpleData>
	</SchemaData></ExtendedData>
      <LineString><coordinates>151.181808406944,-33.9092496128519 151.181830712555,-33.9092364513786 151.181883743848,-33.9092051642626 151.181922463694,-33.9091823197515 151.182003626672,-33.9091489646428 151.182088661829,-33.9091139082687 151.182092676043,-33.9091131604898 151.182431124214,-33.9091203742565 151.182774981885,-33.9091277030136 151.182786489723,-33.9091247204046</coordinates></LineString>
  </Placemark>
  <Placemark>
	<name>Sydney Park</name>
	<Style><LineStyle><color>ff0000ff</color></LineStyle><PolyStyle><fill>0</fill></PolyStyle></Style>
	<ExtendedData><SchemaData schemaUrl="#Navability_routes">
		<SimpleData name="OBJECTID">484</SimpleData>
		<SimpleData name="Effort">Easy</SimpleData>
		<SimpleData name="TravelDirection">Both</SimpleData>
		<SimpleData name="Shape__Length">15.39783265184</SimpleData>
	</SchemaData></ExtendedData>
      <LineString><coordinates>151.187260328251,-33.9093198221555 151.18727697237,-33.9093281603478 151.187349670454,-33.9093580305381 151.187390106679,-33.9093746444187 151.187409289509,-33.9093816881036</coordinates></LineString>
  </Placemark>
  <Placemark>
	<name>Sydney Park</name>
	<Style><LineStyle><color>ff0000ff</color></LineStyle><PolyStyle><fill>0</fill></PolyStyle></Style>
	<ExtendedData><SchemaData schemaUrl="#Navability_routes">
		<SimpleData name="OBJECTID">485</SimpleData>
		<SimpleData name="Effort">Easy</SimpleData>
		<SimpleData name="TravelDirection">Both</SimpleData>
		<SimpleData name="Shape__Length">24.2727452010327</SimpleData>
	</SchemaData></ExtendedData>
      <LineString><coordinates>151.188367372465,-33.9093291612218 151.188365760852,-33.9093065867948 151.188357734588,-33.9091920595325 151.188352897618,-33.9091243353171 151.188346680467,-33.909111695214</coordinates></LineString>
  </Placemark>
  <Placemark>
	<name>Sydney Park</name>
	<Style><LineStyle><color>ff0000ff</color></LineStyle><PolyStyle><fill>0</fill></PolyStyle></Style>
	<ExtendedData><SchemaData schemaUrl="#Navability_routes">
		<SimpleData name="OBJECTID">486</SimpleData>
		<SimpleData name="Effort">Easy</SimpleData>
		<SimpleData name="TravelDirection">Both</SimpleData>
		<SimpleData name="Shape__Length">18.4809751447931</SimpleData>
	</SchemaData></ExtendedData>
      <LineString><coordinates>151.188176352414,-33.9092568926541 151.188195409008,-33.9092673979423 151.188257182056,-33.9093016569967 151.188338112322,-33.9093460656799 151.188343338755,-33.909348388826</coordinates></LineString>
  </Placemark>
  <Placemark>
	<name>Sydney Park</name>
	<Style><LineStyle><color>ff0000ff</color></LineStyle><PolyStyle><fill>0</fill></PolyStyle></Style>
	<ExtendedData><SchemaData schemaUrl="#Navability_routes">
		<SimpleData name="OBJECTID">487</SimpleData>
		<SimpleData name="Effort">Easy</SimpleData>
		<SimpleData name="TravelDirection">Both</SimpleData>
		<SimpleData name="Shape__Length">65.3168484344128</SimpleData>
	</SchemaData></ExtendedData>
      <LineString><coordinates>151.182786489723,-33.9091247204046 151.182795778162,-33.9091333068 151.183015969925,-33.9093516809787 151.183234930943,-33.9095688328018 151.183241130782,-33.9095753762346</coordinates></LineString>
  </Placemark>
  <Placemark>
	<name>Sydney Park</name>
	<Style><LineStyle><color>ff0000ff</color></LineStyle><PolyStyle><fill>0</fill></PolyStyle></Style>
	<ExtendedData><SchemaData schemaUrl="#Navability_routes">
		<SimpleData name="OBJECTID">488</SimpleData>
		<SimpleData name="Effort">Easy</SimpleData>
		<SimpleData name="TravelDirection">Both</SimpleData>
		<SimpleData name="Shape__Length">22.7144801904525</SimpleData>
	</SchemaData></ExtendedData>
      <LineString><coordinates>151.188346680467,-33.909111695214 151.188334355687,-33.9091166979461 151.188300307461,-33.9091556876848 151.188280537273,-33.9091783297884 151.188239757597,-33.9092094050662 151.188189244562,-33.9092475690358 151.188176352414,-33.9092568926541</coordinates></LineString>
  </Placemark>
  <Placemark>
	<name>Sydney Park</name>
	<Style><LineStyle><color>ff0000ff</color></LineStyle><PolyStyle><fill>0</fill></PolyStyle></Style>
	<ExtendedData><SchemaData schemaUrl="#Navability_routes">
		<SimpleData name="OBJECTID">489</SimpleData>
		<SimpleData name="Effort">Easy</SimpleData>
		<SimpleData name="TravelDirection">Both</SimpleData>
		<SimpleData name="Shape__Length">29.9281696445525</SimpleData>
	</SchemaData></ExtendedData>
      <LineString><coordinates>151.188346680467,-33.909111695214 151.188352789157,-33.9090940532951 151.188369347256,-33.9090609361904 151.188386002425,-33.9090276266373 151.188396200296,-33.9089821387446 151.18840497286,-33.9089421115537 151.188408184251,-33.9089049485118 151.188412108473,-33.9088598092484 151.188412891136,-33.908849811452</coordinates></LineString>
  </Placemark>
  <Placemark>
	<name>Sydney Park</name>
	<Style><LineStyle><color>ff0000ff</color></LineStyle><PolyStyle><fill>0</fill></PolyStyle></Style>
	<ExtendedData><SchemaData schemaUrl="#Navability_routes">
		<SimpleData name="OBJECTID">490</SimpleData>
		<SimpleData name="Effort">Steep</SimpleData>
		<SimpleData name="TravelDirection">Both</SimpleData>
		<SimpleData name="Shape__Length">95.317094781576</SimpleData>
	</SchemaData></ExtendedData>
      <LineString><coordinates>151.185318168251,-33.9091487558622 151.185348571114,-33.9091842789563 151.185378076949,-33.9092187536247 151.185443727901,-33.9093043909971 151.185509163927,-33.9093897654682 151.185569864658,-33.9094636378673 151.185630579183,-33.9095375275747 151.185677802912,-33.90959856613 151.185724294934,-33.9096586668972 151.18573885298,-33.9096846955288 151.185751984843,-33.9097082089307 151.185794755633,-33.9097846791089 151.18583738346,-33.9098610092005 151.185848388818,-33.9098831079878</coordinates></LineString>
  </Placemark>
  <Placemark>
	<name>Sydney Park</name>
	<Style><LineStyle><color>ff0000ff</color></LineStyle><PolyStyle><fill>0</fill></PolyStyle></Style>
	<ExtendedData><SchemaData schemaUrl="#Navability_routes">
		<SimpleData name="OBJECTID">491</SimpleData>
		<SimpleData name="Effort">Difficult descent</SimpleData>
		<SimpleData name="TravelDirection">Both</SimpleData>
		<SimpleData name="Shape__Length">6.21835320504697</SimpleData>
	</SchemaData></ExtendedData>
      <LineString><coordinates>151.18523736522,-33.9089609787173 151.18522979475,-33.9089671468309 151.185215886019,-33.908981913373 151.185201626891,-33.9089971382418 151.185194083177,-33.909003778357</coordinates></LineString>
  </Placemark>
  <Placemark>
	<name>Sydney Park</name>
	<Style><LineStyle><color>ff0000ff</color></LineStyle><PolyStyle><fill>0</fill></PolyStyle></Style>
	<ExtendedData><SchemaData schemaUrl="#Navability_routes">
		<SimpleData name="OBJECTID">492</SimpleData>
		<SimpleData name="Effort">Steep</SimpleData>
		<SimpleData name="TravelDirection">Both</SimpleData>
		<SimpleData name="Shape__Length">138.68526344189</SimpleData>
	</SchemaData></ExtendedData>
      <LineString><coordinates>151.18523736522,-33.9089609787173 151.185245303259,-33.9089545112337 151.185287370733,-33.9089282874735 151.185326035799,-33.9089045104611 151.185383212411,-33.9088854518691 151.185441726533,-33.9088659476665 151.185534442921,-33.9088396209045 151.185648773912,-33.9088069812325 151.185784467914,-33.9087681096447 151.185898798724,-33.9087354697324 151.185977514412,-33.908706558432 151.186054885594,-33.9086781133067 151.186175953492,-33.9086245212915 151.186295785885,-33.9085714528962 151.186401438776,-33.9085149048864 151.186505538821,-33.9084591580973 151.186526461114,-33.9084444261814 151.186558572563,-33.9084216821069 151.186572249141,-33.9084117317814</coordinates></LineString>
  </Placemark>
  <Placemark>
	<name>Sydney Park</name>
	<Style><LineStyle><color>ff0000ff</color></LineStyle><PolyStyle><fill>0</fill></PolyStyle></Style>
	<ExtendedData><SchemaData schemaUrl="#Navability_routes">
		<SimpleData name="OBJECTID">493</SimpleData>
		<SimpleData name="Effort">Easy</SimpleData>
		<SimpleData name="TravelDirection">Both</SimpleData>
		<SimpleData name="Shape__Length">79.3525788049355</SimpleData>
	</SchemaData></ExtendedData>
      <LineString><coordinates>151.188412891136,-33.908849811452 151.188432829573,-33.9088501778906 151.188751480497,-33.9088558700942 151.189072761339,-33.9088619374101 151.189127017715,-33.908877400504 151.189177787125,-33.9088917491329 151.189216222834,-33.9089095332083 151.189253939904,-33.9089269847808</coordinates></LineString>
  </Placemark>
  <Placemark>
	<name>Sydney Park</name>
	<Style><LineStyle><color>ff0000ff</color></LineStyle><PolyStyle><fill>0</fill></PolyStyle></Style>
	<ExtendedData><SchemaData schemaUrl="#Navability_routes">
		<SimpleData name="OBJECTID">494</SimpleData>
		<SimpleData name="Effort">Easy</SimpleData>
		<SimpleData name="TravelDirection">Both</SimpleData>
		<SimpleData name="Shape__Length">54.0788026543207</SimpleData>
	</SchemaData></ExtendedData>
      <LineString><coordinates>151.188412891136,-33.908849811452 151.188413672279,-33.9088398343733 151.188425407686,-33.9086744972002 151.188436420973,-33.9085195139944 151.188433691262,-33.908479661104 151.188430299156,-33.9084338036986 151.188421337529,-33.9084079145264 151.188411746026,-33.9083802071944 151.188410352665,-33.9083652042806</coordinates></LineString>
  </Placemark>
  <Placemark>
	<name>Sydney Park</name>
	<Style><LineStyle><color>ff0000ff</color></LineStyle><PolyStyle><fill>0</fill></PolyStyle></Style>
	<ExtendedData><SchemaData schemaUrl="#Navability_routes">
		<SimpleData name="OBJECTID">495</SimpleData>
		<SimpleData name="Effort">Moderate</SimpleData>
		<SimpleData name="TravelDirection">Both</SimpleData>
		<SimpleData name="Shape__Length">57.6844575874329</SimpleData>
	</SchemaData></ExtendedData>
      <LineString><coordinates>151.181902445244,-33.9087355762598 151.181898458987,-33.9087474816524 151.18187612758,-33.908867754828 151.181855399501,-33.9089793958903 151.181850450079,-33.9090078240315 151.181827587613,-33.9091407677851 151.181812739253,-33.9092260531012 151.181808406944,-33.9092496128519</coordinates></LineString>
  </Placemark>
  <Placemark>
	<name>Sydney Park</name>
	<Style><LineStyle><color>ff0000ff</color></LineStyle><PolyStyle><fill>0</fill></PolyStyle></Style>
	<ExtendedData><SchemaData schemaUrl="#Navability_routes">
		<SimpleData name="OBJECTID">496</SimpleData>
		<SimpleData name="Effort">Easy</SimpleData>
		<SimpleData name="TravelDirection">Both</SimpleData>
		<SimpleData name="Shape__Length">35.7441107973588</SimpleData>
	</SchemaData></ExtendedData>
      <LineString><coordinates>151.181902445244,-33.9087355762598 151.181883656355,-33.9087331815005 151.181700040845,-33.9087097792981 151.181520370896,-33.9086868796618</coordinates></LineString>
  </Placemark>
  <Placemark>
	<name>Sydney Park</name>
	<Style><LineStyle><color>ff0000ff</color></LineStyle><PolyStyle><fill>0</fill></PolyStyle></Style>
	<ExtendedData><SchemaData schemaUrl="#Navability_routes">
		<SimpleData name="OBJECTID">497</SimpleData>
		<SimpleData name="Effort">Easy</SimpleData>
		<SimpleData name="TravelDirection">Both</SimpleData>
		<SimpleData name="Shape__Length">12.420475679577</SimpleData>
	</SchemaData></ExtendedData>
      <LineString><coordinates>151.181951209905,-33.9086322385289 151.181945817666,-33.9086594193457 151.181926812212,-33.9086907914907 151.18190493375,-33.9087281448147 151.181902445244,-33.9087355762598</coordinates></LineString>
  </Placemark>
  <Placemark>
	<name>Sydney Park</name>
	<Style><LineStyle><color>ff0000ff</color></LineStyle><PolyStyle><fill>0</fill></PolyStyle></Style>
	<ExtendedData><SchemaData schemaUrl="#Navability_routes">
		<SimpleData name="OBJECTID">498</SimpleData>
		<SimpleData name="Effort">Easy</SimpleData>
		<SimpleData name="TravelDirection">Both</SimpleData>
		<SimpleData name="Shape__Length">74.8364966434565</SimpleData>
	</SchemaData></ExtendedData>
      <LineString><coordinates>151.181951209905,-33.9086322385289 151.181952406643,-33.9086262028334 151.181976915575,-33.9085043206282 151.181998936179,-33.9084004995553 151.181990168569,-33.9083885816574 151.181731445892,-33.9083616185403 151.181483656908,-33.9083357947755</coordinates></LineString>
  </Placemark>
  <Placemark>
	<name>Sydney Park</name>
	<Style><LineStyle><color>ff0000ff</color></LineStyle><PolyStyle><fill>0</fill></PolyStyle></Style>
	<ExtendedData><SchemaData schemaUrl="#Navability_routes">
		<SimpleData name="OBJECTID">499</SimpleData>
		<SimpleData name="Effort">Easy</SimpleData>
		<SimpleData name="TravelDirection">Both</SimpleData>
		<SimpleData name="Shape__Length">72.3788443890091</SimpleData>
	</SchemaData></ExtendedData>
      <LineString><coordinates>151.182688586409,-33.9084246064973 151.182667667203,-33.9084283654358 151.182509916284,-33.9084567994506 151.182358994061,-33.9084840013123 151.182295142576,-33.9085023233085 151.182234136412,-33.9085198342386 151.182108848485,-33.9085699622505 151.181988833779,-33.9086172914575 151.181951209905,-33.9086322385289</coordinates></LineString>
  </Placemark>
  <Placemark>
	<name>Sydney Park</name>
	<Style><LineStyle><color>ff0000ff</color></LineStyle><PolyStyle><fill>0</fill></PolyStyle></Style>
	<ExtendedData><SchemaData schemaUrl="#Navability_routes">
		<SimpleData name="OBJECTID">500</SimpleData>
		<SimpleData name="Effort">Easy</SimpleData>
		<SimpleData name="TravelDirection">Both</SimpleData>
		<SimpleData name="Shape__Length">78.4893114790565</SimpleData>
	</SchemaData></ExtendedData>
      <LineString><coordinates>151.182688586409,-33.9084246064973 151.182699151923,-33.9084430271733 151.182706674194,-33.9084575218434 151.182712178779,-33.9084681272886 151.182749342883,-33.9087840426646 151.182788710185,-33.9091131523168 151.182786489723,-33.9091247204046</coordinates></LineString>
  </Placemark>
  <Placemark>
	<name>Sydney Park</name>
	<Style><LineStyle><color>ff0000ff</color></LineStyle><PolyStyle><fill>0</fill></PolyStyle></Style>
	<ExtendedData><SchemaData schemaUrl="#Navability_routes">
		<SimpleData name="OBJECTID">501</SimpleData>
		<SimpleData name="Effort">Easy</SimpleData>
		<SimpleData name="TravelDirection">Both</SimpleData>
		<SimpleData name="Shape__Length">114.648983223481</SimpleData>
	</SchemaData></ExtendedData>
      <LineString><coordinates>151.182688586409,-33.9084246064973 151.182709505632,-33.9084208466537 151.182894186083,-33.9083877601255 151.183071029292,-33.9083560761781 151.183297987,-33.9083645302695 151.183521420414,-33.9083730744175 151.183697708937,-33.908396105196 151.18388139469,-33.9084205271205 151.183889901565,-33.9084274165557 151.18389810254,-33.9084344511664 151.183904096883,-33.9084407390478</coordinates></LineString>
  </Placemark>
  <Placemark>
	<name>Sydney Park</name>
	<Style><LineStyle><color>ff0000ff</color></LineStyle><PolyStyle><fill>0</fill></PolyStyle></Style>
	<ExtendedData><SchemaData schemaUrl="#Navability_routes">
		<SimpleData name="OBJECTID">502</SimpleData>
		<SimpleData name="Effort">Moderate</SimpleData>
		<SimpleData name="TravelDirection">Both</SimpleData>
		<SimpleData name="Shape__Length">98.4171517822405</SimpleData>
	</SchemaData></ExtendedData>
      <LineString><coordinates>151.182688586409,-33.9084246064973 151.182678019836,-33.9084061849031 151.182434362012,-33.9080189288232 151.18219500504,-33.9076385051504</coordinates></LineString>
  </Placemark>
  <Placemark>
	<name>Sydney Park</name>
	<Style><LineStyle><color>ff0000ff</color></LineStyle><PolyStyle><fill>0</fill></PolyStyle></Style>
	<ExtendedData><SchemaData schemaUrl="#Navability_routes">
		<SimpleData name="OBJECTID">503</SimpleData>
		<SimpleData name="Effort">Easy</SimpleData>
		<SimpleData name="TravelDirection">Both</SimpleData>
		<SimpleData name="Shape__Length">124.427123024232</SimpleData>
	</SchemaData></ExtendedData>
      <LineString><coordinates>151.183904096883,-33.9084407390478 151.183912300274,-33.9084493418169 151.183957372513,-33.90850226066 151.183995383478,-33.9085469326252 151.184029229384,-33.9085933998218 151.184062564571,-33.9086391669409 151.184087765129,-33.9086818572618 151.18411158068,-33.9087222872296 151.184125947341,-33.9087687745708 151.184138664982,-33.9088106621648 151.184149434713,-33.9088622408684 151.18416229881,-33.9089307670821 151.18416460548,-33.908944436297 151.184171659004,-33.9089862367359 151.184179517124,-33.9090280905219 151.184170770981,-33.9090610192617 151.184159374378,-33.9091050958775 151.184136557358,-33.9091379947117 151.184109861342,-33.9091757174364 151.183979197924,-33.9092797398272 151.183842812503,-33.9093883721067 151.183832261193,-33.9093946449422</coordinates></LineString>
  </Placemark>
  <Placemark>
	<name>Sydney Park</name>
	<Style><LineStyle><color>ff0000ff</color></LineStyle><PolyStyle><fill>0</fill></PolyStyle></Style>
	<ExtendedData><SchemaData schemaUrl="#Navability_routes">
		<SimpleData name="OBJECTID">504</SimpleData>
		<SimpleData name="Effort">Easy</SimpleData>
		<SimpleData name="TravelDirection">Both</SimpleData>
		<SimpleData name="Shape__Length">90.6474220580821</SimpleData>
	</SchemaData></ExtendedData>
      <LineString><coordinates>151.186572249141,-33.9084117317814 151.186575524029,-33.9084338275517 151.186580816604,-33.9084712032607 151.186584302715,-33.9084930794124 151.186572060374,-33.9085515103453 151.186559491937,-33.9086114982854 151.186549648567,-33.9086739502402 151.186539984451,-33.9087353425846 151.186534167831,-33.9087979314017 151.186528524469,-33.9088588761937 151.186531385862,-33.9089220247742 151.186534212578,-33.9089825226312 151.186540452661,-33.9090561315621 151.186546762887,-33.9091305648135 151.186556297335,-33.909174873358 151.186566434695,-33.9092222206273 151.186566732668,-33.9092232151264</coordinates></LineString>
  </Placemark>
  <Placemark>
	<name>Sydney Park</name>
	<Style><LineStyle><color>ff0000ff</color></LineStyle><PolyStyle><fill>0</fill></PolyStyle></Style>
	<ExtendedData><SchemaData schemaUrl="#Navability_routes">
		<SimpleData name="OBJECTID">505</SimpleData>
		<SimpleData name="Effort">Easy</SimpleData>
		<SimpleData name="TravelDirection">Both</SimpleData>
		<SimpleData name="Shape__Length">84.6341738384138</SimpleData>
	</SchemaData></ExtendedData>
      <LineString><coordinates>151.186572249141,-33.9084117317814 151.186576719758,-33.9084084792325 151.186716497727,-33.9082995646093 151.186861349154,-33.9081866946622 151.186924816075,-33.9081471105967 151.18705126518,-33.9080683022321 151.187114731927,-33.9080287180609 151.187146654539,-33.9080017013051 151.18721715441,-33.9079420379038 151.187249076939,-33.90791502202 151.187259902563,-33.9079109937412</coordinates></LineString>
  </Placemark>
  <Placemark>
	<name>Sydney Park</name>
	<Style><LineStyle><color>ff0000ff</color></LineStyle><PolyStyle><fill>0</fill></PolyStyle></Style>
	<ExtendedData><SchemaData schemaUrl="#Navability_routes">
		<SimpleData name="OBJECTID">506</SimpleData>
		<SimpleData name="Effort">Easy</SimpleData>
		<SimpleData name="TravelDirection">Both</SimpleData>
		<SimpleData name="Shape__Length">101.294271087551</SimpleData>
	</SchemaData></ExtendedData>
      <LineString><coordinates>151.188410352665,-33.9083652042806 151.188399673844,-33.9083594356118 151.188368471471,-33.9083044121703 151.188357387167,-33.9082836704505 151.188346302848,-33.9082629296313 151.188317491236,-33.9082291322496 151.188286572717,-33.9081925842083 151.188247080471,-33.9081564284861 151.188205494005,-33.9081182517917 151.188156888082,-33.9080897583622 151.188104487939,-33.9080588302826 151.188046361874,-33.9080314519196 151.187986988361,-33.9080034852699 151.187933331716,-33.907989512077 151.187876518826,-33.9079745392642 151.187827871419,-33.9079672702523 151.187776920297,-33.9079595994005 151.187716928949,-33.9079594890948 151.187659663871,-33.9079594892293 151.187613336096,-33.9079641292929 151.187568978682,-33.9079686216052 151.187545717644,-33.9079731287143 151.187523087138,-33.9079774304877</coordinates></LineString>
  </Placemark>
  <Placemark>
	<name>Sydney Park</name>
	<Style><LineStyle><color>ff0000ff</color></LineStyle><PolyStyle><fill>0</fill></PolyStyle></Style>
	<ExtendedData><SchemaData schemaUrl="#Navability_routes">
		<SimpleData name="OBJECTID">507</SimpleData>
		<SimpleData name="Effort">Easy</SimpleData>
		<SimpleData name="TravelDirection">Both</SimpleData>
		<SimpleData name="Shape__Length">54.7439594415586</SimpleData>
	</SchemaData></ExtendedData>
      <LineString><coordinates>151.188410352665,-33.9083652042806 151.188427411929,-33.9083383940908 151.188428510274,-33.9083198686746 151.188431803199,-33.9082642896892 151.18843868865,-33.9081481224505 151.188441072728,-33.9081078894279 151.188447957082,-33.9079917212675 151.188454831031,-33.907875736906</coordinates></LineString>
  </Placemark>
  <Placemark>
	<name>Sydney Park</name>
	<Style><LineStyle><color>ff0000ff</color></LineStyle><PolyStyle><fill>0</fill></PolyStyle></Style>
	<ExtendedData><SchemaData schemaUrl="#Navability_routes">
		<SimpleData name="OBJECTID">508</SimpleData>
		<SimpleData name="Effort">Easy</SimpleData>
		<SimpleData name="TravelDirection">Both</SimpleData>
		<SimpleData name="Shape__Length">146.755242615019</SimpleData>
	</SchemaData></ExtendedData>
      <LineString><coordinates>151.187197231049,-33.9081247841748 151.187194296407,-33.9081269033343 151.187145818599,-33.908180299284 151.187098114621,-33.9082324405653 151.187051769951,-33.9083170563554 151.187007735119,-33.9083966248378 151.186992628589,-33.9084667281409 151.18697816028,-33.9085335053051 151.186971283682,-33.9086137282921 151.186964454357,-33.9086934037161 151.186958257055,-33.9087529949835 151.186952010741,-33.9088160734567 151.186960330397,-33.9088720939142 151.186969223794,-33.9089313564584 151.186983049168,-33.9089789140146 151.186998296855,-33.9090303970477 151.187024064177,-33.9090757633994 151.187052504911,-33.9091252188282 151.187092185379,-33.9091665762276 151.187132915549,-33.9092090284548 151.187159485876,-33.9092339019494 151.18718682887,-33.9092595199305 151.187222145661,-33.9092891805933 151.187256062611,-33.9093176853439 151.187260328251,-33.9093198221555</coordinates></LineString>
  </Placemark>
  <Placemark>
	<name>Sydney Park</name>
	<Style><LineStyle><color>ff0000ff</color></LineStyle><PolyStyle><fill>0</fill></PolyStyle></Style>
	<ExtendedData><SchemaData schemaUrl="#Navability_routes">
		<SimpleData name="OBJECTID">509</SimpleData>
		<SimpleData name="Effort">Moderate</SimpleData>
		<SimpleData name="TravelDirection">Both</SimpleData>
		<SimpleData name="Shape__Length">55.1332975307059</SimpleData>
	</SchemaData></ExtendedData>
      <LineString><coordinates>151.184088136581,-33.9079830124376 151.184086840411,-33.9080428282021 151.184084676236,-33.9080944677209 151.184070887479,-33.9081446607146 151.18405562214,-33.9082008834951 151.184027480996,-33.9082616694115 151.183998796955,-33.9083236249825 151.183973402687,-33.9083673896026 151.183944431443,-33.9084167301046 151.183932678738,-33.9084239194319 151.183921106313,-33.9084306145594 151.183904096883,-33.9084407390478</coordinates></LineString>
  </Placemark>
  <Placemark>
	<name>Sydney Park</name>
	<Style><LineStyle><color>ff0000ff</color></LineStyle><PolyStyle><fill>0</fill></PolyStyle></Style>
	<ExtendedData><SchemaData schemaUrl="#Navability_routes">
		<SimpleData name="OBJECTID">510</SimpleData>
		<SimpleData name="Effort">Moderate</SimpleData>
		<SimpleData name="TravelDirection">Both</SimpleData>
		<SimpleData name="Shape__Length">77.9716446821435</SimpleData>
	</SchemaData></ExtendedData>
      <LineString><coordinates>151.184703597485,-33.9084209308615 151.18480098013,-33.9084977151665 151.184900092482,-33.9085759171853 151.184950352928,-33.9086245730064 151.184998790897,-33.9086714534673 151.1850645026,-33.9087475596404 151.18512944523,-33.9088227590161 151.185177545224,-33.9088843634342 151.185225749511,-33.9089461019278 151.18523736522,-33.9089609787173</coordinates></LineString>
  </Placemark>
  <Placemark>
	<name>Sydney Park</name>
	<Style><LineStyle><color>ff0000ff</color></LineStyle><PolyStyle><fill>0</fill></PolyStyle></Style>
	<ExtendedData><SchemaData schemaUrl="#Navability_routes">
		<SimpleData name="OBJECTID">511</SimpleData>
		<SimpleData name="Effort">Easy</SimpleData>
		<SimpleData name="TravelDirection">Both</SimpleData>
		<SimpleData name="Shape__Length">34.565289934288</SimpleData>
	</SchemaData></ExtendedData>
      <LineString><coordinates>151.187523087138,-33.9079774304877 151.187495175427,-33.907985677166 151.187423183748,-33.9080091112086 151.187370548065,-33.9080263412778 151.187318939502,-33.9080516525092 151.187269671507,-33.9080757267283 151.187250883371,-33.9080881537939 151.187216026227,-33.9081112084053 151.187197231049,-33.9081247841748</coordinates></LineString>
  </Placemark>
  <Placemark>
	<name>Sydney Park</name>
	<Style><LineStyle><color>ff0000ff</color></LineStyle><PolyStyle><fill>0</fill></PolyStyle></Style>
	<ExtendedData><SchemaData schemaUrl="#Navability_routes">
		<SimpleData name="OBJECTID">512</SimpleData>
		<SimpleData name="Effort">Easy</SimpleData>
		<SimpleData name="TravelDirection">Both</SimpleData>
		<SimpleData name="Shape__Length">21.0263802963607</SimpleData>
	</SchemaData></ExtendedData>
      <LineString><coordinates>151.187291090158,-33.9079647854508 151.187281550761,-33.9079700743664 151.187250947349,-33.9079924576061 151.187220655638,-33.9080148291961 151.187210614332,-33.908041107725 151.187204107198,-33.9080583045714 151.187202975628,-33.9080692467521 151.187199873567,-33.9080992344178 151.187197231049,-33.9081247841748</coordinates></LineString>
  </Placemark>
  <Placemark>
	<name>Sydney Park</name>
	<Style><LineStyle><color>ff0000ff</color></LineStyle><PolyStyle><fill>0</fill></PolyStyle></Style>
	<ExtendedData><SchemaData schemaUrl="#Navability_routes">
		<SimpleData name="OBJECTID">513</SimpleData>
		<SimpleData name="Effort">Easy</SimpleData>
		<SimpleData name="TravelDirection">Both</SimpleData>
		<SimpleData name="Shape__Length">23.5924319665493</SimpleData>
	</SchemaData></ExtendedData>
      <LineString><coordinates>151.187291090158,-33.9079647854508 151.187299072281,-33.907960360917 151.18733616048,-33.9079446585506 151.187366675884,-33.9079317395552 151.187403974489,-33.9079332680043 151.187432376617,-33.9079352615101 151.187464686872,-33.9079499892059 151.187483984605,-33.907959252844 151.187523087138,-33.9079774304877</coordinates></LineString>
  </Placemark>
  <Placemark>
	<name>Sydney Park</name>
	<Style><LineStyle><color>ff0000ff</color></LineStyle><PolyStyle><fill>0</fill></PolyStyle></Style>
	<ExtendedData><SchemaData schemaUrl="#Navability_routes">
		<SimpleData name="OBJECTID">514</SimpleData>
		<SimpleData name="Effort">Easy</SimpleData>
		<SimpleData name="TravelDirection">Both</SimpleData>
		<SimpleData name="Shape__Length">6.66395760976654</SimpleData>
	</SchemaData></ExtendedData>
      <LineString><coordinates>151.187259902563,-33.9079109937412 151.187268171892,-33.9079196630926 151.187277422387,-33.9079373074783 151.187282533289,-33.9079479393996 151.187291090158,-33.9079647854508</coordinates></LineString>
  </Placemark>
  <Placemark>
	<name>Sydney Park</name>
	<Style><LineStyle><color>ff0000ff</color></LineStyle><PolyStyle><fill>0</fill></PolyStyle></Style>
	<ExtendedData><SchemaData schemaUrl="#Navability_routes">
		<SimpleData name="OBJECTID">515</SimpleData>
		<SimpleData name="Effort">Easy</SimpleData>
		<SimpleData name="TravelDirection">Both</SimpleData>
		<SimpleData name="Shape__Length">23.322938608433</SimpleData>
	</SchemaData></ExtendedData>
      <LineString><coordinates>151.187259902563,-33.9079109937412 151.187262459959,-33.9078982952248 151.187282371509,-33.9078006044618 151.187301767065,-33.907703631996</coordinates></LineString>
  </Placemark>
  <Placemark>
	<name>Sydney Park</name>
	<Style><LineStyle><color>ff0000ff</color></LineStyle><PolyStyle><fill>0</fill></PolyStyle></Style>
	<ExtendedData><SchemaData schemaUrl="#Navability_routes">
		<SimpleData name="OBJECTID">516</SimpleData>
		<SimpleData name="Effort">Difficult descent</SimpleData>
		<SimpleData name="TravelDirection">Both</SimpleData>
		<SimpleData name="Shape__Length">76.2790859847894</SimpleData>
	</SchemaData></ExtendedData>
      <LineString><coordinates>151.186566732668,-33.9092232151264 151.186569565046,-33.9092326619903 151.186592799086,-33.9093101940278 151.186613417611,-33.9093789686164 151.18663536793,-33.9094673233496 151.186657020667,-33.9095543607631 151.186667990583,-33.9096185151831 151.186678786602,-33.9096815876586 151.186686243896,-33.9097428273146 151.186693637561,-33.9098035484343 151.186695939903,-33.909838471544 151.186699079784,-33.9098864407305 151.186699558731,-33.909900383265</coordinates></LineString>
  </Placemark>
  <Placemark>
	<name>Sydney Park</name>
	<Style><LineStyle><color>ff0000ff</color></LineStyle><PolyStyle><fill>0</fill></PolyStyle></Style>
	<ExtendedData><SchemaData schemaUrl="#Navability_routes">
		<SimpleData name="OBJECTID">517</SimpleData>
		<SimpleData name="Effort">Easy</SimpleData>
		<SimpleData name="TravelDirection">Both</SimpleData>
		<SimpleData name="Shape__Length">19.7546768599323</SimpleData>
	</SchemaData></ExtendedData>
      <LineString><coordinates>151.185194083177,-33.909003778357 151.185206515305,-33.9090183037837 151.18526205784,-33.909083198318 151.185318168251,-33.9091487558622</coordinates></LineString>
  </Placemark>
  <Placemark>
	<name>Sydney Park</name>
	<Style><LineStyle><color>ff0000ff</color></LineStyle><PolyStyle><fill>0</fill></PolyStyle></Style>
	<ExtendedData><SchemaData schemaUrl="#Navability_routes">
		<SimpleData name="OBJECTID">518</SimpleData>
		<SimpleData name="Effort">Difficult descent</SimpleData>
		<SimpleData name="TravelDirection">Both</SimpleData>
		<SimpleData name="Shape__Length">20.9047501782942</SimpleData>
	</SchemaData></ExtendedData>
      <LineString><coordinates>151.184649302843,-33.9103107871787 151.184673936516,-33.9103322087359 151.184704091541,-33.9103577523968 151.184759043063,-33.91037924948 151.18481698612,-33.9104019187244 151.184837598731,-33.9104099821166</coordinates></LineString>
  </Placemark>
  <Placemark>
	<name>Sydney Park</name>
	<Style><LineStyle><color>ff0000ff</color></LineStyle><PolyStyle><fill>0</fill></PolyStyle></Style>
	<ExtendedData><SchemaData schemaUrl="#Navability_routes">
		<SimpleData name="OBJECTID">519</SimpleData>
		<SimpleData name="Effort">Steep</SimpleData>
		<SimpleData name="TravelDirection">Both</SimpleData>
		<SimpleData name="Shape__Length">36.0768735447914</SimpleData>
	</SchemaData></ExtendedData>
      <LineString><coordinates>151.183188224223,-33.9099088608641 151.183184097209,-33.9099394247963 151.183174749012,-33.9100346691122 151.183160799299,-33.9101768143602 151.183157683228,-33.9102085618624 151.183158510029,-33.910220661867 151.183159368633,-33.9102329958912</coordinates></LineString>
  </Placemark>
  <Placemark>
	<name>Sydney Park</name>
	<Style><LineStyle><color>ff0000ff</color></LineStyle><PolyStyle><fill>0</fill></PolyStyle></Style>
	<ExtendedData><SchemaData schemaUrl="#Navability_routes">
		<SimpleData name="OBJECTID">520</SimpleData>
		<SimpleData name="Effort">Difficult descent</SimpleData>
		<SimpleData name="TravelDirection">Both</SimpleData>
		<SimpleData name="Shape__Length">69.5130781972073</SimpleData>
	</SchemaData></ExtendedData>
      <LineString><coordinates>151.18419989781,-33.9079612066511 151.184225092868,-33.907973259382 151.184249445711,-33.9079849939967 151.184280369234,-33.9080092406567 151.184308438676,-33.9080310420822 151.184349596541,-33.9080779173115 151.184390568891,-33.9081245670626 151.18448765758,-33.9082257843935 151.184585465949,-33.908327754396 151.184644975047,-33.9083746765107 151.184703597485,-33.9084209308615</coordinates></LineString>
  </Placemark>
  <Placemark>
	<name>Victoria Park</name>
	<Style><LineStyle><color>ff0000ff</color></LineStyle><PolyStyle><fill>0</fill></PolyStyle></Style>
	<ExtendedData><SchemaData schemaUrl="#Navability_routes">
		<SimpleData name="OBJECTID">529</SimpleData>
		<SimpleData name="Effort">Easy</SimpleData>
		<SimpleData name="TravelDirection">Both</SimpleData>
		<SimpleData name="Shape__Length">103.619482263956</SimpleData>
	</SchemaData></ExtendedData>
      <LineString><coordinates>151.191480522247,-33.8885549513856 151.191480060039,-33.8885395122763 151.191497605351,-33.888488572926 151.191507059048,-33.8884608057063 151.191527766202,-33.8884250601548 151.191567403792,-33.8883566494328 151.191588659133,-33.8883196215339 151.19161329546,-33.888279063382 151.191644840594,-33.8882309942092 151.191699818749,-33.8881533143063 151.191743252863,-33.8880910748435 151.191790251192,-33.8880551354503 151.19184114705,-33.8880156264761 151.191936531496,-33.8879616890847 151.192034952615,-33.8879059791962 151.192079150141,-33.8878861306435 151.192124571711,-33.8878660214063 151.192152066432,-33.8878527664069</coordinates></LineString>
  </Placemark>
  <Placemark>
	<name>Victoria Park</name>
	<Style><LineStyle><color>ff0000ff</color></LineStyle><PolyStyle><fill>0</fill></PolyStyle></Style>
	<ExtendedData><SchemaData schemaUrl="#Navability_routes">
		<SimpleData name="OBJECTID">530</SimpleData>
		<SimpleData name="Effort">Easy</SimpleData>
		<SimpleData name="TravelDirection">Both</SimpleData>
		<SimpleData name="Shape__Length">157.188420018292</SimpleData>
	</SchemaData></ExtendedData>
      <LineString><coordinates>151.191480522247,-33.8885549513856 151.191493700529,-33.8885556697194 151.191603175572,-33.888492311683 151.191672843693,-33.8884519693028 151.191690974142,-33.8884414705859 151.19182647876,-33.8883712581032 151.192006036569,-33.888277995464 151.1921029262,-33.8882275977222 151.192197112224,-33.8881787030867 151.192292457485,-33.8881290796558 151.192372434941,-33.8880874445073 151.192397536107,-33.8880743806582 151.192458701657,-33.8880364982994 151.192603476934,-33.8879453194479 151.192685618348,-33.8878929932907 151.192767061974,-33.8878308937295 151.192859244487,-33.8877605907843 151.192871786804,-33.8877506546299</coordinates></LineString>
  </Placemark>
  <Placemark>
	<name>Victoria Park</name>
	<Style><LineStyle><color>ff0000ff</color></LineStyle><PolyStyle><fill>0</fill></PolyStyle></Style>
	<ExtendedData><SchemaData schemaUrl="#Navability_routes">
		<SimpleData name="OBJECTID">531</SimpleData>
		<SimpleData name="Effort">Moderate</SimpleData>
		<SimpleData name="TravelDirection">Both</SimpleData>
		<SimpleData name="Shape__Length">41.97490158717</SimpleData>
	</SchemaData></ExtendedData>
      <LineString><coordinates>151.192152066432,-33.8878527664069 151.192162144086,-33.8878369680248 151.192251098026,-33.8877649968292 151.192285055318,-33.8877375504413 151.192319013689,-33.8877101031576 151.192384926233,-33.8876567734148 151.192452842806,-33.8876018796783 151.192472394258,-33.8875858740473</coordinates></LineString>
  </Placemark>
  <Placemark>
	<name>Victoria Park</name>
	<Style><LineStyle><color>ff0000ff</color></LineStyle><PolyStyle><fill>0</fill></PolyStyle></Style>
	<ExtendedData><SchemaData schemaUrl="#Navability_routes">
		<SimpleData name="OBJECTID">532</SimpleData>
		<SimpleData name="Effort">Easy</SimpleData>
		<SimpleData name="TravelDirection">Both</SimpleData>
		<SimpleData name="Shape__Length">64.6871791933347</SimpleData>
	</SchemaData></ExtendedData>
      <LineString><coordinates>151.192152066432,-33.8878527664069 151.192169482452,-33.8878553079659 151.192240773671,-33.8878390997128 151.192270425777,-33.887832437392 151.192300077859,-33.8878257759654 151.192371367971,-33.8878095667175 151.192415846071,-33.8877995745375 151.19246032418,-33.8877895814396 151.192534960866,-33.8877727999162 151.192579438931,-33.8877628076756 151.192641042359,-33.8877492496892 151.192685521501,-33.8877392565239 151.192723927405,-33.8877332545794 151.192789129792,-33.8877231001865 151.192829879293,-33.887715483322</coordinates></LineString>
  </Placemark>
  <Placemark>
	<name>Victoria Park</name>
	<Style><LineStyle><color>ff0000ff</color></LineStyle><PolyStyle><fill>0</fill></PolyStyle></Style>
	<ExtendedData><SchemaData schemaUrl="#Navability_routes">
		<SimpleData name="OBJECTID">533</SimpleData>
		<SimpleData name="Effort">Easy</SimpleData>
		<SimpleData name="TravelDirection">Both</SimpleData>
		<SimpleData name="Shape__Length">168.449440386714</SimpleData>
	</SchemaData></ExtendedData>
      <LineString><coordinates>151.192871786804,-33.8877506546299 151.192875248412,-33.8877479127442 151.192952188059,-33.8876833176844 151.19311315575,-33.8875481762443 151.19319009504,-33.8874835810213 151.193351252977,-33.887285103115 151.193509923097,-33.8870894037087 151.193601341979,-33.8869255905289 151.193690823986,-33.8867650086433 151.19375181425,-33.8866307759956 151.193817519557,-33.8864856220839 151.193821526625,-33.8864764425494</coordinates></LineString>
  </Placemark>
  <Placemark>
	<name>Victoria Park</name>
	<Style><LineStyle><color>ff0000ff</color></LineStyle><PolyStyle><fill>0</fill></PolyStyle></Style>
	<ExtendedData><SchemaData schemaUrl="#Navability_routes">
		<SimpleData name="OBJECTID">534</SimpleData>
		<SimpleData name="Effort">Easy</SimpleData>
		<SimpleData name="TravelDirection">Both</SimpleData>
		<SimpleData name="Shape__Length">5.49953062471555</SimpleData>
	</SchemaData></ExtendedData>
      <LineString><coordinates>151.192829879293,-33.887715483322 151.192871786804,-33.8877506546299</coordinates></LineString>
  </Placemark>
  <Placemark>
	<name>Victoria Park</name>
	<Style><LineStyle><color>ff0000ff</color></LineStyle><PolyStyle><fill>0</fill></PolyStyle></Style>
	<ExtendedData><SchemaData schemaUrl="#Navability_routes">
		<SimpleData name="OBJECTID">535</SimpleData>
		<SimpleData name="Effort">Easy</SimpleData>
		<SimpleData name="TravelDirection">Both</SimpleData>
		<SimpleData name="Shape__Length">36.0824880916776</SimpleData>
	</SchemaData></ExtendedData>
      <LineString><coordinates>151.192472394258,-33.8875858740473 151.192496900655,-33.8875916603728 151.192531744054,-33.8876042451064 151.19259094074,-33.8876266960539 151.192652234118,-33.8876488332796 151.192711430868,-33.8876712841713 151.19275508742,-33.8876870514559 151.192787888255,-33.8876994907224 151.192829732677,-33.8877153603378 151.192829879293,-33.887715483322</coordinates></LineString>
  </Placemark>
  <Placemark>
	<name>Victoria Park</name>
	<Style><LineStyle><color>ff0000ff</color></LineStyle><PolyStyle><fill>0</fill></PolyStyle></Style>
	<ExtendedData><SchemaData schemaUrl="#Navability_routes">
		<SimpleData name="OBJECTID">536</SimpleData>
		<SimpleData name="Effort">Easy</SimpleData>
		<SimpleData name="TravelDirection">Both</SimpleData>
		<SimpleData name="Shape__Length">23.644770987241</SimpleData>
	</SchemaData></ExtendedData>
      <LineString><coordinates>151.192472394258,-33.8875858740473 151.192447887847,-33.8875800886184 151.192338537141,-33.8875631027063 151.192234314192,-33.887546914258 151.192222046458,-33.8875435835142</coordinates></LineString>
  </Placemark>
  <Placemark>
	<name>Victoria Park</name>
	<Style><LineStyle><color>ff0000ff</color></LineStyle><PolyStyle><fill>0</fill></PolyStyle></Style>
	<ExtendedData><SchemaData schemaUrl="#Navability_routes">
		<SimpleData name="OBJECTID">537</SimpleData>
		<SimpleData name="Effort">Steep</SimpleData>
		<SimpleData name="TravelDirection">Both</SimpleData>
		<SimpleData name="Shape__Length">107.203373156186</SimpleData>
	</SchemaData></ExtendedData>
      <LineString><coordinates>151.192067929625,-33.8875017376233 151.191945561523,-33.887467260446 151.191823040793,-33.8874325401442 151.191691846691,-33.8873871573788 151.191542924909,-33.8873356736101 151.191403938104,-33.8872877044525 151.19127768747,-33.8872441323988 151.191151438071,-33.8872005602344 151.191012452314,-33.8871525906127 151.190991167731,-33.8871452453198</coordinates></LineString>
  </Placemark>
  <Placemark>
	<name>Victoria Park</name>
	<Style><LineStyle><color>ff0000ff</color></LineStyle><PolyStyle><fill>0</fill></PolyStyle></Style>
	<ExtendedData><SchemaData schemaUrl="#Navability_routes">
		<SimpleData name="OBJECTID">538</SimpleData>
		<SimpleData name="Effort">Difficult descent</SimpleData>
		<SimpleData name="TravelDirection">Both</SimpleData>
		<SimpleData name="Shape__Length">119.206576629245</SimpleData>
	</SchemaData></ExtendedData>
      <LineString><coordinates>151.192222046458,-33.8875435835142 151.192230110698,-33.8875250233072 151.192377334363,-33.887186196018 151.19252363098,-33.8868493297108 151.192565336156,-33.8867002371765 151.192609680567,-33.886541711506 151.192615258807,-33.886521771196</coordinates></LineString>
  </Placemark>
  <Placemark>
	<name>Victoria Park</name>
	<Style><LineStyle><color>ff0000ff</color></LineStyle><PolyStyle><fill>0</fill></PolyStyle></Style>
	<ExtendedData><SchemaData schemaUrl="#Navability_routes">
		<SimpleData name="OBJECTID">539</SimpleData>
		<SimpleData name="Effort">Moderate</SimpleData>
		<SimpleData name="TravelDirection">Both</SimpleData>
		<SimpleData name="Shape__Length">46.5211996558549</SimpleData>
	</SchemaData></ExtendedData>
      <LineString><coordinates>151.192828658263,-33.8872898247446 151.192810403418,-33.8873050072397 151.192641459668,-33.8874455174052 151.192491946784,-33.8875698684286 151.192472394258,-33.8875858740473</coordinates></LineString>
  </Placemark>
  <Placemark>
	<name>Victoria Park</name>
	<Style><LineStyle><color>ff0000ff</color></LineStyle><PolyStyle><fill>0</fill></PolyStyle></Style>
	<ExtendedData><SchemaData schemaUrl="#Navability_routes">
		<SimpleData name="OBJECTID">540</SimpleData>
		<SimpleData name="Effort">Moderate</SimpleData>
		<SimpleData name="TravelDirection">Both</SimpleData>
		<SimpleData name="Shape__Length">47.7618121468612</SimpleData>
	</SchemaData></ExtendedData>
      <LineString><coordinates>151.192828658263,-33.8872898247446 151.192831684771,-33.8873079589039 151.192838530331,-33.8873606766179 151.192843461437,-33.8873974893535 151.192846164879,-33.8874179191031 151.192851945977,-33.8874633856576 151.192854571143,-33.8874858855484 151.192858013979,-33.8875432703171 151.192861398398,-33.8875996830572 151.192860386097,-33.8876148633751 151.192858663861,-33.8876360695039 151.192847714763,-33.8876664263292 151.192834696865,-33.8877022326523 151.192829879293,-33.887715483322</coordinates></LineString>
  </Placemark>
  <Placemark>
	<name>Victoria Park</name>
	<Style><LineStyle><color>ff0000ff</color></LineStyle><PolyStyle><fill>0</fill></PolyStyle></Style>
	<ExtendedData><SchemaData schemaUrl="#Navability_routes">
		<SimpleData name="OBJECTID">541</SimpleData>
		<SimpleData name="Effort">Moderate</SimpleData>
		<SimpleData name="TravelDirection">Both</SimpleData>
		<SimpleData name="Shape__Length">52.3379137196098</SimpleData>
	</SchemaData></ExtendedData>
      <LineString><coordinates>151.192828658263,-33.8872898247446 151.192827978814,-33.8872850283538 151.192807988117,-33.8872089701558 151.192789828123,-33.8871405404625 151.192783089598,-33.8870998156165 151.192776128348,-33.8870577583411 151.192767416598,-33.8870068356485 151.192747500148,-33.8868884230324 151.192738950527,-33.8868365820427 151.192737128727,-33.8868244855566</coordinates></LineString>
  </Placemark>
  <Placemark>
	<name>Victoria Park</name>
	<Style><LineStyle><color>ff0000ff</color></LineStyle><PolyStyle><fill>0</fill></PolyStyle></Style>
	<ExtendedData><SchemaData schemaUrl="#Navability_routes">
		<SimpleData name="OBJECTID">542</SimpleData>
		<SimpleData name="Effort">Moderate</SimpleData>
		<SimpleData name="TravelDirection">Both</SimpleData>
		<SimpleData name="Shape__Length">189.662357725305</SimpleData>
	</SchemaData></ExtendedData>
      <LineString><coordinates>151.190991167731,-33.8871452453198 151.190992029553,-33.8871589607712 151.191008432071,-33.887265428102 151.19102448351,-33.8873677864688 151.19106035333,-33.887596521276 151.191105717108,-33.8878820056463 151.191124590564,-33.8879788967354 151.191195267139,-33.8883359368419 151.191251889487,-33.8886266091616 151.191264702198,-33.8886341933841 151.191303411109,-33.8886219563267 151.191395831174,-33.8885928286079 151.19146780729,-33.8885696703727 151.191480522247,-33.8885549513856</coordinates></LineString>
  </Placemark>
  <Placemark>
	<name>Victoria Park</name>
	<Style><LineStyle><color>ff0000ff</color></LineStyle><PolyStyle><fill>0</fill></PolyStyle></Style>
	<ExtendedData><SchemaData schemaUrl="#Navability_routes">
		<SimpleData name="OBJECTID">543</SimpleData>
		<SimpleData name="Effort">Moderate</SimpleData>
		<SimpleData name="TravelDirection">Both</SimpleData>
		<SimpleData name="Shape__Length">179.34195741137</SimpleData>
	</SchemaData></ExtendedData>
      <LineString><coordinates>151.190991167731,-33.8871452453198 151.190989989395,-33.887137096149 151.190990326565,-33.8871270196845 151.190997377004,-33.8870128236016 151.191009498952,-33.8868539605352 151.191016549345,-33.8867397635435 151.191019435839,-33.8866513203096 151.191057656,-33.8863892084626 151.191096104807,-33.8861255237122 151.191165293166,-33.8859507291743 151.191237716989,-33.8857679241596 151.191287232892,-33.8857278125901 151.191379955378,-33.8856524671091 151.191419477411,-33.8856203973952 151.191421908559,-33.8856163761811</coordinates></LineString>
  </Placemark>
  <Placemark>
	<name>Victoria Park</name>
	<Style><LineStyle><color>ff0000ff</color></LineStyle><PolyStyle><fill>0</fill></PolyStyle></Style>
	<ExtendedData><SchemaData schemaUrl="#Navability_routes">
		<SimpleData name="OBJECTID">544</SimpleData>
		<SimpleData name="Effort">Easy</SimpleData>
		<SimpleData name="TravelDirection">Both</SimpleData>
		<SimpleData name="Shape__Length">33.0242229418213</SimpleData>
	</SchemaData></ExtendedData>
      <LineString><coordinates>151.193027284974,-33.8869180087666 151.193017309001,-33.886887130291 151.193005257404,-33.8868498298469 151.192996451466,-33.8868429294987 151.192871515537,-33.886834043848 151.192757780612,-33.8868259545556 151.192737128727,-33.8868244855566</coordinates></LineString>
  </Placemark>
  <Placemark>
	<name>Victoria Park</name>
	<Style><LineStyle><color>ff0000ff</color></LineStyle><PolyStyle><fill>0</fill></PolyStyle></Style>
	<ExtendedData><SchemaData schemaUrl="#Navability_routes">
		<SimpleData name="OBJECTID">545</SimpleData>
		<SimpleData name="Effort">Moderate</SimpleData>
		<SimpleData name="TravelDirection">Both</SimpleData>
		<SimpleData name="Shape__Length">35.1492678746487</SimpleData>
	</SchemaData></ExtendedData>
      <LineString><coordinates>151.192737128727,-33.8868244855566 151.192735899859,-33.8868163149177 151.19272178014,-33.8866675591393 151.192708758514,-33.8865275365648 151.192706871385,-33.8865085958354</coordinates></LineString>
  </Placemark>
  <Placemark>
	<name>Victoria Park</name>
	<Style><LineStyle><color>ff0000ff</color></LineStyle><PolyStyle><fill>0</fill></PolyStyle></Style>
	<ExtendedData><SchemaData schemaUrl="#Navability_routes">
		<SimpleData name="OBJECTID">546</SimpleData>
		<SimpleData name="Effort">Easy</SimpleData>
		<SimpleData name="TravelDirection">Both</SimpleData>
		<SimpleData name="Shape__Length">3.72833976045385</SimpleData>
	</SchemaData></ExtendedData>
      <LineString><coordinates>151.192575539376,-33.8865274833206 151.192615258807,-33.886521771196</coordinates></LineString>
  </Placemark>
  <Placemark>
	<name>Victoria Park</name>
	<Style><LineStyle><color>ff0000ff</color></LineStyle><PolyStyle><fill>0</fill></PolyStyle></Style>
	<ExtendedData><SchemaData schemaUrl="#Navability_routes">
		<SimpleData name="OBJECTID">547</SimpleData>
		<SimpleData name="Effort">Easy</SimpleData>
		<SimpleData name="TravelDirection">Both</SimpleData>
		<SimpleData name="Shape__Length">17.9991624644041</SimpleData>
	</SchemaData></ExtendedData>
      <LineString><coordinates>151.192575539376,-33.8865274833206 151.19269605891,-33.8864000781087</coordinates></LineString>
  </Placemark>
  <Placemark>
	<name>Victoria Park</name>
	<Style><LineStyle><color>ff0000ff</color></LineStyle><PolyStyle><fill>0</fill></PolyStyle></Style>
	<ExtendedData><SchemaData schemaUrl="#Navability_routes">
		<SimpleData name="OBJECTID">548</SimpleData>
		<SimpleData name="Effort">Easy</SimpleData>
		<SimpleData name="TravelDirection">Both</SimpleData>
		<SimpleData name="Shape__Length">8.59939656789645</SimpleData>
	</SchemaData></ExtendedData>
      <LineString><coordinates>151.192615258807,-33.886521771196 151.192706871385,-33.8865085958354</coordinates></LineString>
  </Placemark>
  <Placemark>
	<name>Victoria Park</name>
	<Style><LineStyle><color>ff0000ff</color></LineStyle><PolyStyle><fill>0</fill></PolyStyle></Style>
	<ExtendedData><SchemaData schemaUrl="#Navability_routes">
		<SimpleData name="OBJECTID">549</SimpleData>
		<SimpleData name="Effort">Easy</SimpleData>
		<SimpleData name="TravelDirection">Both</SimpleData>
		<SimpleData name="Shape__Length">55.3452759159932</SimpleData>
	</SchemaData></ExtendedData>
      <LineString><coordinates>151.192706871385,-33.8865085958354 151.192727145374,-33.8865056804567 151.192864372726,-33.8865015253292 151.193008768006,-33.8864971424765 151.193077382227,-33.8864950643318 151.193221777478,-33.8864906821299 151.193290391675,-33.8864886047676 151.193304512018,-33.8864883204633</coordinates></LineString>
  </Placemark>
  <Placemark>
	<name>Victoria Park</name>
	<Style><LineStyle><color>ff0000ff</color></LineStyle><PolyStyle><fill>0</fill></PolyStyle></Style>
	<ExtendedData><SchemaData schemaUrl="#Navability_routes">
		<SimpleData name="OBJECTID">550</SimpleData>
		<SimpleData name="Effort">Easy</SimpleData>
		<SimpleData name="TravelDirection">Both</SimpleData>
		<SimpleData name="Shape__Length">12.077646216004</SimpleData>
	</SchemaData></ExtendedData>
      <LineString><coordinates>151.192706871385,-33.8865085958354 151.19269605891,-33.8864000781087</coordinates></LineString>
  </Placemark>
  <Placemark>
	<name>Victoria Park</name>
	<Style><LineStyle><color>ff0000ff</color></LineStyle><PolyStyle><fill>0</fill></PolyStyle></Style>
	<ExtendedData><SchemaData schemaUrl="#Navability_routes">
		<SimpleData name="OBJECTID">551</SimpleData>
		<SimpleData name="Effort">Easy</SimpleData>
		<SimpleData name="TravelDirection">Both</SimpleData>
		<SimpleData name="Shape__Length">51.4917944080301</SimpleData>
	</SchemaData></ExtendedData>
      <LineString><coordinates>151.193304512018,-33.8864883204633 151.193311965929,-33.8864881701096 151.193480655931,-33.8864885751348 151.193662483588,-33.886488637887 151.193667268741,-33.8864855276421 151.193685688681,-33.8864638855823 151.193705638646,-33.88644044445 151.193716733604,-33.8864375502834 151.193763575526,-33.8864549347484 151.193802801427,-33.8864694932722 151.193821526625,-33.8864764425494</coordinates></LineString>
  </Placemark>
  <Placemark>
	<name>Victoria Park</name>
	<Style><LineStyle><color>ff0000ff</color></LineStyle><PolyStyle><fill>0</fill></PolyStyle></Style>
	<ExtendedData><SchemaData schemaUrl="#Navability_routes">
		<SimpleData name="OBJECTID">552</SimpleData>
		<SimpleData name="Effort">Easy</SimpleData>
		<SimpleData name="TravelDirection">Both</SimpleData>
		<SimpleData name="Shape__Length">138.016401322695</SimpleData>
	</SchemaData></ExtendedData>
      <LineString><coordinates>151.193821526625,-33.8864764425494 151.193825533693,-33.8864672630147 151.19388883304,-33.8863220052397 151.194042144702,-33.8859616530573 151.194131357554,-33.8857569267877 151.194213746933,-33.8855692532461 151.194302960014,-33.8853645268269 151.194324741608,-33.8853238811296 151.194332383211,-33.8853074372595</coordinates></LineString>
  </Placemark>
  <Placemark>
	<name>Victoria Park</name>
	<Style><LineStyle><color>ff0000ff</color></LineStyle><PolyStyle><fill>0</fill></PolyStyle></Style>
	<ExtendedData><SchemaData schemaUrl="#Navability_routes">
		<SimpleData name="OBJECTID">553</SimpleData>
		<SimpleData name="Effort">Easy</SimpleData>
		<SimpleData name="TravelDirection">Both</SimpleData>
		<SimpleData name="Shape__Length">7.5961257856573</SimpleData>
	</SchemaData></ExtendedData>
      <LineString><coordinates>151.19269605891,-33.8864000781087 151.192690609842,-33.88634538984 151.192689105289,-33.8863318380956</coordinates></LineString>
  </Placemark>
  <Placemark>
	<name>Victoria Park</name>
	<Style><LineStyle><color>ff0000ff</color></LineStyle><PolyStyle><fill>0</fill></PolyStyle></Style>
	<ExtendedData><SchemaData schemaUrl="#Navability_routes">
		<SimpleData name="OBJECTID">554</SimpleData>
		<SimpleData name="Effort">Moderate</SimpleData>
		<SimpleData name="TravelDirection">Both</SimpleData>
		<SimpleData name="Shape__Length">41.5002754326209</SimpleData>
	</SchemaData></ExtendedData>
      <LineString><coordinates>151.192689105289,-33.8863318380956 151.192678381974,-33.8862352372299 151.192671658011,-33.886177532876 151.192668354159,-33.8861491797617 151.192654099209,-33.8860452193873 151.192643605818,-33.8859681102364 151.19264192729,-33.8859597806036</coordinates></LineString>
  </Placemark>
  <Placemark>
	<name>Victoria Park</name>
	<Style><LineStyle><color>ff0000ff</color></LineStyle><PolyStyle><fill>0</fill></PolyStyle></Style>
	<ExtendedData><SchemaData schemaUrl="#Navability_routes">
		<SimpleData name="OBJECTID">555</SimpleData>
		<SimpleData name="Effort">Easy</SimpleData>
		<SimpleData name="TravelDirection">Both</SimpleData>
		<SimpleData name="Shape__Length">36.8404208103949</SimpleData>
	</SchemaData></ExtendedData>
      <LineString><coordinates>151.192689105289,-33.8863318380956 151.192708169393,-33.8863210805902 151.192726989467,-33.8863104610735 151.19273509232,-33.8863060983435 151.192786332507,-33.8862546576946 151.192837476522,-33.8862033139009 151.192888716586,-33.8861518732042 151.192939860478,-33.8861005293629 151.192953429555,-33.8860856288643</coordinates></LineString>
  </Placemark>
  <Placemark>
	<name>Victoria Park</name>
	<Style><LineStyle><color>ff0000ff</color></LineStyle><PolyStyle><fill>0</fill></PolyStyle></Style>
	<ExtendedData><SchemaData schemaUrl="#Navability_routes">
		<SimpleData name="OBJECTID">556</SimpleData>
		<SimpleData name="Effort">Moderate</SimpleData>
		<SimpleData name="TravelDirection">Both</SimpleData>
		<SimpleData name="Shape__Length">55.5490552243379</SimpleData>
	</SchemaData></ExtendedData>
      <LineString><coordinates>151.192953429555,-33.8860856288643 151.192966731689,-33.8861007541041 151.193022985394,-33.8861580074852 151.193083286259,-33.8862192554013 151.193149156633,-33.8862860883022 151.193209457676,-33.8863473361617 151.193246562166,-33.8863922847494 151.193280937115,-33.8864333131085 151.193286626563,-33.8864465871861 151.193296086606,-33.8864686607246 151.193304512018,-33.8864883204633</coordinates></LineString>
  </Placemark>
  <Placemark>
	<name>Victoria Park</name>
	<Style><LineStyle><color>ff0000ff</color></LineStyle><PolyStyle><fill>0</fill></PolyStyle></Style>
	<ExtendedData><SchemaData schemaUrl="#Navability_routes">
		<SimpleData name="OBJECTID">557</SimpleData>
		<SimpleData name="Effort">Easy</SimpleData>
		<SimpleData name="TravelDirection">Both</SimpleData>
		<SimpleData name="Shape__Length">16.5954316991582</SimpleData>
	</SchemaData></ExtendedData>
      <LineString><coordinates>151.19264192729,-33.8859597806036 151.192660739398,-33.8859535830978 151.192700155717,-33.8859405993908 151.192738543113,-33.8859279549551 151.192749600723,-33.8859269828307 151.192783440474,-33.8859250492123 151.192813903268,-33.8859240011342</coordinates></LineString>
  </Placemark>
  <Placemark>
	<name>Victoria Park</name>
	<Style><LineStyle><color>ff0000ff</color></LineStyle><PolyStyle><fill>0</fill></PolyStyle></Style>
	<ExtendedData><SchemaData schemaUrl="#Navability_routes">
		<SimpleData name="OBJECTID">558</SimpleData>
		<SimpleData name="Effort">Moderate</SimpleData>
		<SimpleData name="TravelDirection">Both</SimpleData>
		<SimpleData name="Shape__Length">22.1380052702489</SimpleData>
	</SchemaData></ExtendedData>
      <LineString><coordinates>151.192813903268,-33.8859240011342 151.192837076949,-33.8859432235527 151.192894730758,-33.8860142571441 151.192940128487,-33.8860705045405 151.192953429555,-33.8860856288643</coordinates></LineString>
  </Placemark>
  <Placemark>
	<name>Victoria Park</name>
	<Style><LineStyle><color>ff0000ff</color></LineStyle><PolyStyle><fill>0</fill></PolyStyle></Style>
	<ExtendedData><SchemaData schemaUrl="#Navability_routes">
		<SimpleData name="OBJECTID">559</SimpleData>
		<SimpleData name="Effort">Easy</SimpleData>
		<SimpleData name="TravelDirection">Both</SimpleData>
		<SimpleData name="Shape__Length">24.025788638138</SimpleData>
	</SchemaData></ExtendedData>
      <LineString><coordinates>151.193097422578,-33.8859064445126 151.193092957137,-33.8859208464734 151.193056485648,-33.8859642449296 151.193043231245,-33.885980016627 151.193029977938,-33.8859957874372 151.192993506365,-33.8860391867734 151.192966998608,-33.8860707292654 151.192953429555,-33.8860856288643</coordinates></LineString>
  </Placemark>
  <Placemark>
	<name>Victoria Park</name>
	<Style><LineStyle><color>ff0000ff</color></LineStyle><PolyStyle><fill>0</fill></PolyStyle></Style>
	<ExtendedData><SchemaData schemaUrl="#Navability_routes">
		<SimpleData name="OBJECTID">560</SimpleData>
		<SimpleData name="Effort">Easy</SimpleData>
		<SimpleData name="TravelDirection">Both</SimpleData>
		<SimpleData name="Shape__Length">26.5553766506796</SimpleData>
	</SchemaData></ExtendedData>
      <LineString><coordinates>151.193097422578,-33.8859064445126 151.193083050151,-33.8859034608074 151.193043341884,-33.8859125024681 151.193014415416,-33.8859190899733 151.192998545785,-33.8859227039453 151.192938674287,-33.8859227037829 151.192869189784,-33.8859229538928 151.192844367124,-33.8859229539658 151.192813903268,-33.8859240011342</coordinates></LineString>
  </Placemark>
  <Placemark>
	<name>Victoria Park</name>
	<Style><LineStyle><color>ff0000ff</color></LineStyle><PolyStyle><fill>0</fill></PolyStyle></Style>
	<ExtendedData><SchemaData schemaUrl="#Navability_routes">
		<SimpleData name="OBJECTID">561</SimpleData>
		<SimpleData name="Effort">Moderate</SimpleData>
		<SimpleData name="TravelDirection">Both</SimpleData>
		<SimpleData name="Shape__Length">16.7357957809411</SimpleData>
	</SchemaData></ExtendedData>
      <LineString><coordinates>151.192607714903,-33.8858116172485 151.192610936004,-33.8858250859767 151.192628047216,-33.8858985707787 151.19263962626,-33.8859483633045 151.19264192729,-33.8859597806036</coordinates></LineString>
  </Placemark>
  <Placemark>
	<name>Victoria Park</name>
	<Style><LineStyle><color>ff0000ff</color></LineStyle><PolyStyle><fill>0</fill></PolyStyle></Style>
	<ExtendedData><SchemaData schemaUrl="#Navability_routes">
		<SimpleData name="OBJECTID">562</SimpleData>
		<SimpleData name="Effort">Moderate</SimpleData>
		<SimpleData name="TravelDirection">Both</SimpleData>
		<SimpleData name="Shape__Length">23.5060314039561</SimpleData>
	</SchemaData></ExtendedData>
      <LineString><coordinates>151.192607714903,-33.8858116172485 151.19262867962,-33.8858136724758 151.192650944521,-33.8858158549881 151.192663552476,-33.8858170914335 151.192668576797,-33.8858190434831 151.192695465107,-33.8858375665861 151.192719673676,-33.8858550368074 151.192743881174,-33.8858725070083 151.192790729597,-33.8859047787115 151.192813903268,-33.8859240011342</coordinates></LineString>
  </Placemark>
  <Placemark>
	<name>Victoria Park</name>
	<Style><LineStyle><color>ff0000ff</color></LineStyle><PolyStyle><fill>0</fill></PolyStyle></Style>
	<ExtendedData><SchemaData schemaUrl="#Navability_routes">
		<SimpleData name="OBJECTID">563</SimpleData>
		<SimpleData name="Effort">Moderate</SimpleData>
		<SimpleData name="TravelDirection">Both</SimpleData>
		<SimpleData name="Shape__Length">32.5545597994064</SimpleData>
	</SchemaData></ExtendedData>
      <LineString><coordinates>151.192607714903,-33.8858116172485 151.192606014968,-33.8858045073516 151.192572026845,-33.8856696497056 151.192540342824,-33.8855439153762 151.192535933847,-33.885524281168</coordinates></LineString>
  </Placemark>
  <Placemark>
	<name>Victoria Park</name>
	<Style><LineStyle><color>ff0000ff</color></LineStyle><PolyStyle><fill>0</fill></PolyStyle></Style>
	<ExtendedData><SchemaData schemaUrl="#Navability_routes">
		<SimpleData name="OBJECTID">564</SimpleData>
		<SimpleData name="Effort">Easy</SimpleData>
		<SimpleData name="TravelDirection">Both</SimpleData>
		<SimpleData name="Shape__Length">81.7868612927274</SimpleData>
	</SchemaData></ExtendedData>
      <LineString><coordinates>151.191421908559,-33.8856163761811 151.191430530733,-33.8856021146793 151.191455927021,-33.8855501075116 151.191476988806,-33.8855061342874 151.191486457845,-33.8854546308503 151.191495493102,-33.8854054926106 151.191492212451,-33.885260124992 151.191487446156,-33.8850938161549 151.191480862785,-33.8849833549715 151.191475340666,-33.8848918133881 151.191477055126,-33.8848902929861</coordinates></LineString>
  </Placemark>
  <Placemark>
	<name>Victoria Park</name>
	<Style><LineStyle><color>ff0000ff</color></LineStyle><PolyStyle><fill>0</fill></PolyStyle></Style>
	<ExtendedData><SchemaData schemaUrl="#Navability_routes">
		<SimpleData name="OBJECTID">565</SimpleData>
		<SimpleData name="Effort">Difficult descent</SimpleData>
		<SimpleData name="TravelDirection">Both</SimpleData>
		<SimpleData name="Shape__Length">34.0269020460308</SimpleData>
	</SchemaData></ExtendedData>
      <LineString><coordinates>151.191421908559,-33.8856163761811 151.191443233819,-33.8856173286686 151.191519678267,-33.8856213602088 151.191584877964,-33.8856236557638 151.19167615788,-33.8856106295631 151.191767033415,-33.8855974999694 151.191786653682,-33.885595273088</coordinates></LineString>
  </Placemark>
  <Placemark>
	<name>Victoria Park</name>
	<Style><LineStyle><color>ff0000ff</color></LineStyle><PolyStyle><fill>0</fill></PolyStyle></Style>
	<ExtendedData><SchemaData schemaUrl="#Navability_routes">
		<SimpleData name="OBJECTID">566</SimpleData>
		<SimpleData name="Effort">Easy</SimpleData>
		<SimpleData name="TravelDirection">Both</SimpleData>
		<SimpleData name="Shape__Length">160.694206655885</SimpleData>
	</SchemaData></ExtendedData>
      <LineString><coordinates>151.191786653682,-33.885595273088 151.191787715168,-33.8856151575488 151.191786001706,-33.8856690752094 151.191781677326,-33.8858117386715 151.191779174777,-33.8858969386294 151.19176898831,-33.8859780770636 151.191758878735,-33.886062947111 151.191772042669,-33.8861220463602 151.191786486413,-33.8861858750725 151.191807948299,-33.88623265398 151.191831501416,-33.8862833708133 151.191880705232,-33.8863471119939 151.191931203619,-33.8864125304556 151.19196923147,-33.8864457703888 151.192012921339,-33.886483639087 151.192063311688,-33.8865063424288 151.19211553247,-33.8865298706575 151.192179779648,-33.8865511001309 151.192249309564,-33.8865737723432 151.192307134205,-33.886577076529 151.192369603399,-33.8865804001638 151.192430076205,-33.8865701170099 151.19248651157,-33.8865607105741 151.192534129157,-33.8865433791848 151.192575539376,-33.8865274833206</coordinates></LineString>
  </Placemark>
  <Placemark>
	<name>Victoria Park</name>
	<Style><LineStyle><color>ff0000ff</color></LineStyle><PolyStyle><fill>0</fill></PolyStyle></Style>
	<ExtendedData><SchemaData schemaUrl="#Navability_routes">
		<SimpleData name="OBJECTID">567</SimpleData>
		<SimpleData name="Effort">Difficult descent</SimpleData>
		<SimpleData name="TravelDirection">Both</SimpleData>
		<SimpleData name="Shape__Length">69.7576062539158</SimpleData>
	</SchemaData></ExtendedData>
      <LineString><coordinates>151.191786653682,-33.885595273088 151.191821035473,-33.8855913710823 151.191905698187,-33.8855834713221 151.192083822565,-33.8855668494573 151.192168485239,-33.8855589495147 151.192346608452,-33.8855423272502 151.192515933707,-33.8855265269415 151.192535933847,-33.885524281168</coordinates></LineString>
  </Placemark>
  <Placemark>
	<name>Victoria Park</name>
	<Style><LineStyle><color>ff0000ff</color></LineStyle><PolyStyle><fill>0</fill></PolyStyle></Style>
	<ExtendedData><SchemaData schemaUrl="#Navability_routes">
		<SimpleData name="OBJECTID">568</SimpleData>
		<SimpleData name="Effort">Easy</SimpleData>
		<SimpleData name="TravelDirection">Both</SimpleData>
		<SimpleData name="Shape__Length">71.0227078480488</SimpleData>
	</SchemaData></ExtendedData>
      <LineString><coordinates>151.191786653682,-33.885595273088 151.191784830964,-33.88556110205 151.191777519202,-33.8854917322689 151.191761715507,-33.8853435973099 151.191755099306,-33.8852808195179 151.191739781398,-33.8851354888743 151.191723977803,-33.884987353907 151.191720912021,-33.8849573171148</coordinates></LineString>
  </Placemark>
  <Placemark>
	<name>Victoria Park</name>
	<Style><LineStyle><color>ff0000ff</color></LineStyle><PolyStyle><fill>0</fill></PolyStyle></Style>
	<ExtendedData><SchemaData schemaUrl="#Navability_routes">
		<SimpleData name="OBJECTID">569</SimpleData>
		<SimpleData name="Effort">Easy</SimpleData>
		<SimpleData name="TravelDirection">Both</SimpleData>
		<SimpleData name="Shape__Length">29.6119556372283</SimpleData>
	</SchemaData></ExtendedData>
      <LineString><coordinates>151.192535933847,-33.885524281168 151.192555935066,-33.8855220354071 151.192693333467,-33.8855041143203 151.192832448101,-33.8854859693822 151.192852317898,-33.8854836486036</coordinates></LineString>
  </Placemark>
  <Placemark>
	<name>Victoria Park</name>
	<Style><LineStyle><color>ff0000ff</color></LineStyle><PolyStyle><fill>0</fill></PolyStyle></Style>
	<ExtendedData><SchemaData schemaUrl="#Navability_routes">
		<SimpleData name="OBJECTID">570</SimpleData>
		<SimpleData name="Effort">Easy</SimpleData>
		<SimpleData name="TravelDirection">Both</SimpleData>
		<SimpleData name="Shape__Length">32.8811405974427</SimpleData>
	</SchemaData></ExtendedData>
      <LineString><coordinates>151.192852317898,-33.8854836486036 151.192872186614,-33.8854813278059 151.193026574296,-33.8854653923732 151.193184984179,-33.8854490405376 151.193204995769,-33.8854466604636</coordinates></LineString>
  </Placemark>
  <Placemark>
	<name>Victoria Park</name>
	<Style><LineStyle><color>ff0000ff</color></LineStyle><PolyStyle><fill>0</fill></PolyStyle></Style>
	<ExtendedData><SchemaData schemaUrl="#Navability_routes">
		<SimpleData name="OBJECTID">571</SimpleData>
		<SimpleData name="Effort">Easy</SimpleData>
		<SimpleData name="TravelDirection">Both</SimpleData>
		<SimpleData name="Shape__Length">105.983116324122</SimpleData>
	</SchemaData></ExtendedData>
      <LineString><coordinates>151.193204995769,-33.8854466604636 151.193204448378,-33.8854668693873 151.193194246487,-33.8855239980856 151.193185221633,-33.8855745334127 151.193158142626,-33.8856585883672 151.193130273557,-33.8857453937443 151.19311841516,-33.8857680797145 151.193102039284,-33.8857979989709 151.193082933217,-33.8858136749033 151.193056726296,-33.8858339861837 151.193031684127,-33.8858404972253 151.193002991215,-33.8858479565281 151.192960300155,-33.8858459667291 151.192923571729,-33.8858438371654 151.192891202929,-33.8858336036224 151.192864682995,-33.8858249329383 151.192836883978,-33.8858003765099 151.192815691037,-33.8857806971197 151.192798666708,-33.8857486439371 151.192786290817,-33.8857243670132 151.192785534745,-33.8857172583441 151.192793903057,-33.8856857581114 151.192803658542,-33.8856490319248 151.19282672321,-33.8856123847048 151.192850299321,-33.8855742490021 151.192852896049,-33.8855351138291 151.192855057997,-33.8855034666157 151.192852317898,-33.8854836486036</coordinates></LineString>
  </Placemark>
  <Placemark>
	<name>Victoria Park</name>
	<Style><LineStyle><color>ff0000ff</color></LineStyle><PolyStyle><fill>0</fill></PolyStyle></Style>
	<ExtendedData><SchemaData schemaUrl="#Navability_routes">
		<SimpleData name="OBJECTID">572</SimpleData>
		<SimpleData name="Effort">Easy</SimpleData>
		<SimpleData name="TravelDirection">Both</SimpleData>
		<SimpleData name="Shape__Length">32.4148509756124</SimpleData>
	</SchemaData></ExtendedData>
      <LineString><coordinates>151.193204995769,-33.8854466604636 151.193225591606,-33.8854442105063 151.193295784984,-33.8854343247001 151.193361304623,-33.8854250366785 151.193431497993,-33.8854151498923 151.193522755015,-33.8854022130508 151.193550676431,-33.8853988226688</coordinates></LineString>
  </Placemark>
  <Placemark>
	<name>Victoria Park</name>
	<Style><LineStyle><color>ff0000ff</color></LineStyle><PolyStyle><fill>0</fill></PolyStyle></Style>
	<ExtendedData><SchemaData schemaUrl="#Navability_routes">
		<SimpleData name="OBJECTID">573</SimpleData>
		<SimpleData name="Effort">Easy</SimpleData>
		<SimpleData name="TravelDirection">Both</SimpleData>
		<SimpleData name="Shape__Length">132.89145252069</SimpleData>
	</SchemaData></ExtendedData>
      <LineString><coordinates>151.193204995769,-33.8854466604636 151.193205884242,-33.885413870092 151.19320941303,-33.8853970719938 151.193216405833,-33.8853785915738 151.193286910222,-33.8853187441574 151.193355477779,-33.8852607042242 151.193388762057,-33.8852216828377 151.193420957637,-33.8851839376618 151.193438741481,-33.8851538424294 151.193456083418,-33.8851241933843 151.19347471403,-33.8851103391376 151.193499759899,-33.8850907222004 151.193532030977,-33.8850853811386 151.19355601272,-33.8850823838365 151.193630664144,-33.8850862633191 151.193704547183,-33.885090228875 151.193737482235,-33.8850811904536 151.193763195875,-33.8850738441814 151.193787871278,-33.8850617936418 151.193810725543,-33.8850506325549 151.193831006737,-33.8850344876983 151.19384795531,-33.8850207169345 151.19386763076,-33.8849994052488 151.193882628187,-33.8849834083319 151.193889600847,-33.8849561834232 151.193894057527,-33.8849388037614 151.193887990096,-33.8849144841915 151.193883362395,-33.8848969027786 151.193863850359,-33.8848695482777 151.193846626583,-33.884844789168 151.193827113489,-33.8848174346461 151.193798856904,-33.8847804818464 151.193784364194,-33.8847633157351 151.193770099421,-33.8847564138381 151.193749407596,-33.8847469144586 151.193732958342,-33.8847444946192 151.193710368125,-33.8847416510714 151.19367853832,-33.8847468895447 151.193634740228,-33.884754095906 151.19361439349,-33.884757918427</coordinates></LineString>
  </Placemark>
  <Placemark>
	<name>Victoria Park</name>
	<Style><LineStyle><color>ff0000ff</color></LineStyle><PolyStyle><fill>0</fill></PolyStyle></Style>
	<ExtendedData><SchemaData schemaUrl="#Navability_routes">
		<SimpleData name="OBJECTID">574</SimpleData>
		<SimpleData name="Effort">Easy</SimpleData>
		<SimpleData name="TravelDirection">Both</SimpleData>
		<SimpleData name="Shape__Length">71.225975415372</SimpleData>
	</SchemaData></ExtendedData>
      <LineString><coordinates>151.193550676431,-33.8853988226688 151.193533467953,-33.8854210659092 151.193480514293,-33.8854939169642 151.193404718529,-33.8855977926568 151.193387067985,-33.8856220754323 151.193329268543,-33.8857035661166 151.193277904891,-33.88577575598 151.193247383492,-33.8858077761919 151.193214343498,-33.8858425836887 151.193167024886,-33.8858676016409 151.193116261506,-33.8858950271719 151.193097422578,-33.8859064445126</coordinates></LineString>
  </Placemark>
  <Placemark>
	<name>Victoria Park</name>
	<Style><LineStyle><color>ff0000ff</color></LineStyle><PolyStyle><fill>0</fill></PolyStyle></Style>
	<ExtendedData><SchemaData schemaUrl="#Navability_routes">
		<SimpleData name="OBJECTID">575</SimpleData>
		<SimpleData name="Effort">Easy</SimpleData>
		<SimpleData name="TravelDirection">Both</SimpleData>
		<SimpleData name="Shape__Length">42.0298792579355</SimpleData>
	</SchemaData></ExtendedData>
      <LineString><coordinates>151.193550676431,-33.8853988226688 151.193578598925,-33.8853954322962 151.193626462704,-33.8853908411176 151.193753113916,-33.8853786910367 151.193824910099,-33.8853718041669 151.193910196842,-33.8853636227129 151.193981994104,-33.8853567348649 151.194002038021,-33.8853555887116</coordinates></LineString>
  </Placemark>
  <Placemark>
	<name>Victoria Park</name>
	<Style><LineStyle><color>ff0000ff</color></LineStyle><PolyStyle><fill>0</fill></PolyStyle></Style>
	<ExtendedData><SchemaData schemaUrl="#Navability_routes">
		<SimpleData name="OBJECTID">576</SimpleData>
		<SimpleData name="Effort">Easy</SimpleData>
		<SimpleData name="TravelDirection">Both</SimpleData>
		<SimpleData name="Shape__Length">59.8630743191724</SimpleData>
	</SchemaData></ExtendedData>
      <LineString><coordinates>151.194002038021,-33.8853555887116 151.194004915405,-33.8853754718385 151.194015853896,-33.8854455773221 151.19402671227,-33.8855151757546 151.194023899077,-33.8855343992258 151.19401969991,-33.885563563869 151.193955619758,-33.8856404657971 151.193893402366,-33.8857147556198 151.193867145782,-33.8857536863285 151.193827528528,-33.885820715814 151.193815745241,-33.8858452316801</coordinates></LineString>
  </Placemark>
  <Placemark>
	<name>Victoria Park</name>
	<Style><LineStyle><color>ff0000ff</color></LineStyle><PolyStyle><fill>0</fill></PolyStyle></Style>
	<ExtendedData><SchemaData schemaUrl="#Navability_routes">
		<SimpleData name="OBJECTID">577</SimpleData>
		<SimpleData name="Effort">Easy</SimpleData>
		<SimpleData name="TravelDirection">Both</SimpleData>
		<SimpleData name="Shape__Length">35.9364172132411</SimpleData>
	</SchemaData></ExtendedData>
      <LineString><coordinates>151.194002038021,-33.8853555887116 151.193999159538,-33.8853357064702 151.193993654603,-33.8852941936064 151.193984794036,-33.8852273792741 151.193979289112,-33.8851858664096 151.193974858827,-33.8851524596936 151.193971357714,-33.8851260586766 151.193966928515,-33.8850926519761 151.193962090463,-33.8850561760769 151.193959093122,-33.885033573352</coordinates></LineString>
  </Placemark>
  <Placemark>
	<name>Victoria Park</name>
	<Style><LineStyle><color>ff0000ff</color></LineStyle><PolyStyle><fill>0</fill></PolyStyle></Style>
	<ExtendedData><SchemaData schemaUrl="#Navability_routes">
		<SimpleData name="OBJECTID">578</SimpleData>
		<SimpleData name="Effort">Easy</SimpleData>
		<SimpleData name="TravelDirection">Both</SimpleData>
		<SimpleData name="Shape__Length">17.5068539436284</SimpleData>
	</SchemaData></ExtendedData>
      <LineString><coordinates>151.194002038021,-33.8853555887116 151.194022081938,-33.885354442555 151.19409677832,-33.8853529715079 151.19418101494,-33.88535126247 151.194190805132,-33.8853489127121</coordinates></LineString>
  </Placemark>
  <Placemark>
	<name>Victoria Park</name>
	<Style><LineStyle><color>ff0000ff</color></LineStyle><PolyStyle><fill>0</fill></PolyStyle></Style>
	<ExtendedData><SchemaData schemaUrl="#Navability_routes">
		<SimpleData name="OBJECTID">579</SimpleData>
		<SimpleData name="Effort">Easy</SimpleData>
		<SimpleData name="TravelDirection">Both</SimpleData>
		<SimpleData name="Shape__Length">22.0589913633016</SimpleData>
	</SchemaData></ExtendedData>
      <LineString><coordinates>151.192496900947,-33.8853280953494 151.192497498245,-33.8853330943297 151.192515088428,-33.8854217371686 151.192531524871,-33.8855046469596 151.192535933847,-33.885524281168</coordinates></LineString>
  </Placemark>
  <Placemark>
	<name>Victoria Park</name>
	<Style><LineStyle><color>ff0000ff</color></LineStyle><PolyStyle><fill>0</fill></PolyStyle></Style>
	<ExtendedData><SchemaData schemaUrl="#Navability_routes">
		<SimpleData name="OBJECTID">580</SimpleData>
		<SimpleData name="Effort">Easy</SimpleData>
		<SimpleData name="TravelDirection">Both</SimpleData>
		<SimpleData name="Shape__Length">29.5156461166921</SimpleData>
	</SchemaData></ExtendedData>
      <LineString><coordinates>151.192496900947,-33.8853280953494 151.192475803134,-33.8853167773062 151.192397026933,-33.8852745154507 151.192273621998,-33.8852083120379 151.192247363683,-33.8851942247223 151.192228068747,-33.8851847816619</coordinates></LineString>
  </Placemark>
  <Placemark>
	<name>Victoria Park</name>
	<Style><LineStyle><color>ff0000ff</color></LineStyle><PolyStyle><fill>0</fill></PolyStyle></Style>
	<ExtendedData><SchemaData schemaUrl="#Navability_routes">
		<SimpleData name="OBJECTID">581</SimpleData>
		<SimpleData name="Effort">Easy</SimpleData>
		<SimpleData name="TravelDirection">Both</SimpleData>
		<SimpleData name="Shape__Length">13.9063142966827</SimpleData>
	</SchemaData></ExtendedData>
      <LineString><coordinates>151.194190805132,-33.8853489127121 151.194266646748,-33.8853307112806 151.194332383211,-33.8853074372595</coordinates></LineString>
  </Placemark>
  <Placemark>
	<name>Victoria Park</name>
	<Style><LineStyle><color>ff0000ff</color></LineStyle><PolyStyle><fill>0</fill></PolyStyle></Style>
	<ExtendedData><SchemaData schemaUrl="#Navability_routes">
		<SimpleData name="OBJECTID">582</SimpleData>
		<SimpleData name="Effort">Easy</SimpleData>
		<SimpleData name="TravelDirection">Both</SimpleData>
		<SimpleData name="Shape__Length">79.7462911974336</SimpleData>
	</SchemaData></ExtendedData>
      <LineString><coordinates>151.194332383211,-33.8853074372595 151.194337476454,-33.8852964782691 151.19442549599,-33.8851066435749 151.19451138523,-33.8849233701805 151.194515402717,-33.8848476226812 151.194519204868,-33.8847759352547 151.194509382749,-33.8847477445152 151.194501298265,-33.8847265235311 151.194461491722,-33.8846627056106 151.194434318954,-33.884635004439</coordinates></LineString>
  </Placemark>
  <Placemark>
	<name>Victoria Park</name>
	<Style><LineStyle><color>ff0000ff</color></LineStyle><PolyStyle><fill>0</fill></PolyStyle></Style>
	<ExtendedData><SchemaData schemaUrl="#Navability_routes">
		<SimpleData name="OBJECTID">583</SimpleData>
		<SimpleData name="Effort">Easy</SimpleData>
		<SimpleData name="TravelDirection">Both</SimpleData>
		<SimpleData name="Shape__Length">61.2213312567146</SimpleData>
	</SchemaData></ExtendedData>
      <LineString><coordinates>151.192228068747,-33.8851847816619 151.192212232611,-33.88519931336 151.19214117049,-33.8852635794914 151.192045198746,-33.8853485652377 151.19199210643,-33.8853965806514 151.191947736583,-33.8854358708355 151.191894644159,-33.8854838862028 151.191850274204,-33.8855231772496 151.191832848152,-33.8855402888686 151.191818750391,-33.8855574367253 151.191786653682,-33.885595273088</coordinates></LineString>
  </Placemark>
  <Placemark>
	<name>Victoria Park</name>
	<Style><LineStyle><color>ff0000ff</color></LineStyle><PolyStyle><fill>0</fill></PolyStyle></Style>
	<ExtendedData><SchemaData schemaUrl="#Navability_routes">
		<SimpleData name="OBJECTID">584</SimpleData>
		<SimpleData name="Effort">Easy</SimpleData>
		<SimpleData name="TravelDirection">Both</SimpleData>
		<SimpleData name="Shape__Length">53.2687944112587</SimpleData>
	</SchemaData></ExtendedData>
      <LineString><coordinates>151.192228068747,-33.8851847816619 151.192208772734,-33.8851753385828 151.192088928636,-33.8851217818212 151.19197696804,-33.8850717474404 151.191865008658,-33.8850217129779 151.191742320157,-33.8849668841579 151.191720912021,-33.8849573171148</coordinates></LineString>
  </Placemark>
  <Placemark>
	<name>Victoria Park</name>
	<Style><LineStyle><color>ff0000ff</color></LineStyle><PolyStyle><fill>0</fill></PolyStyle></Style>
	<ExtendedData><SchemaData schemaUrl="#Navability_routes">
		<SimpleData name="OBJECTID">585</SimpleData>
		<SimpleData name="Effort">Easy</SimpleData>
		<SimpleData name="TravelDirection">Both</SimpleData>
		<SimpleData name="Shape__Length">51.7400823554638</SimpleData>
	</SchemaData></ExtendedData>
      <LineString><coordinates>151.192228068747,-33.8851847816619 151.192243903796,-33.8851702499457 151.192293117839,-33.8851232956464 151.192347655869,-33.8850712615297 151.192400986042,-33.8850256354401 151.192459578345,-33.8849755544222 151.192481121865,-33.8849571397094 151.192532716212,-33.8849133745186 151.192554260781,-33.8848949598076 151.192560984639,-33.884891381198 151.192596564563,-33.8848724438491 151.192624098674,-33.8848582460779</coordinates></LineString>
  </Placemark>
  <Placemark>
	<name>Victoria Park</name>
	<Style><LineStyle><color>ff0000ff</color></LineStyle><PolyStyle><fill>0</fill></PolyStyle></Style>
	<ExtendedData><SchemaData schemaUrl="#Navability_routes">
		<SimpleData name="OBJECTID">586</SimpleData>
		<SimpleData name="Effort">Easy</SimpleData>
		<SimpleData name="TravelDirection">Both</SimpleData>
		<SimpleData name="Shape__Length">55.590644750588</SimpleData>
	</SchemaData></ExtendedData>
      <LineString><coordinates>151.193959093122,-33.885033573352 151.193933990693,-33.8850519812275 151.193924608873,-33.8850588600703 151.193883800101,-33.885092579961 151.193847209031,-33.8851229702547 151.193793684768,-33.8851674245849 151.193738161548,-33.8852133022732 151.193726396262,-33.8852230731846 151.19367087297,-33.8852689508396 151.193626591539,-33.8853057279975 151.19360471072,-33.8853322481937 151.19356788598,-33.8853765794415 151.193550676431,-33.8853988226688</coordinates></LineString>
  </Placemark>
  <Placemark>
	<name>Victoria Park</name>
	<Style><LineStyle><color>ff0000ff</color></LineStyle><PolyStyle><fill>0</fill></PolyStyle></Style>
	<ExtendedData><SchemaData schemaUrl="#Navability_routes">
		<SimpleData name="OBJECTID">587</SimpleData>
		<SimpleData name="Effort">Easy</SimpleData>
		<SimpleData name="TravelDirection">Both</SimpleData>
		<SimpleData name="Shape__Length">5.4234710365124</SimpleData>
	</SchemaData></ExtendedData>
      <LineString><coordinates>151.193959093122,-33.885033573352 151.193980522078,-33.8850178601003 151.193994352707,-33.8850077163721 151.194003253195,-33.8850014102829</coordinates></LineString>
  </Placemark>
  <Placemark>
	<name>Victoria Park</name>
	<Style><LineStyle><color>ff0000ff</color></LineStyle><PolyStyle><fill>0</fill></PolyStyle></Style>
	<ExtendedData><SchemaData schemaUrl="#Navability_routes">
		<SimpleData name="OBJECTID">588</SimpleData>
		<SimpleData name="Effort">Easy</SimpleData>
		<SimpleData name="TravelDirection">Both</SimpleData>
		<SimpleData name="Shape__Length">35.7050444200815</SimpleData>
	</SchemaData></ExtendedData>
      <LineString><coordinates>151.194154278331,-33.8850286570186 151.194152975941,-33.8850376607101 151.194162315958,-33.8851138430037 151.194171322751,-33.8851885487742 151.194175738199,-33.8852245603873 151.19417967153,-33.885257182513 151.194184086984,-33.8852931941256 151.194188400357,-33.8853289706912 151.194190805132,-33.8853489127121</coordinates></LineString>
  </Placemark>
  <Placemark>
	<name>Victoria Park</name>
	<Style><LineStyle><color>ff0000ff</color></LineStyle><PolyStyle><fill>0</fill></PolyStyle></Style>
	<ExtendedData><SchemaData schemaUrl="#Navability_routes">
		<SimpleData name="OBJECTID">589</SimpleData>
		<SimpleData name="Effort">Easy</SimpleData>
		<SimpleData name="TravelDirection">Both</SimpleData>
		<SimpleData name="Shape__Length">14.2936208361408</SimpleData>
	</SchemaData></ExtendedData>
      <LineString><coordinates>151.194003253195,-33.8850014102829 151.19403064941,-33.8850065127687 151.194093608604,-33.8850179817767 151.19413692342,-33.8850255485513 151.194154278331,-33.8850286570186</coordinates></LineString>
  </Placemark>
  <Placemark>
	<name>Victoria Park</name>
	<Style><LineStyle><color>ff0000ff</color></LineStyle><PolyStyle><fill>0</fill></PolyStyle></Style>
	<ExtendedData><SchemaData schemaUrl="#Navability_routes">
		<SimpleData name="OBJECTID">590</SimpleData>
		<SimpleData name="Effort">Easy</SimpleData>
		<SimpleData name="TravelDirection">Both</SimpleData>
		<SimpleData name="Shape__Length">55.593065862343</SimpleData>
	</SchemaData></ExtendedData>
      <LineString><coordinates>151.194003253195,-33.8850014102829 151.193997956143,-33.8849806521559 151.193989497916,-33.8849490610874 151.19398187754,-33.8849206023169 151.193973420385,-33.8848890121647 151.193965800038,-33.8848605524919 151.193952493988,-33.88483340894 151.193937467525,-33.8848023275184 151.193908753267,-33.8847703618549 151.193876799068,-33.8847342232224 151.193854149091,-33.8847184208537 151.193825439623,-33.8846984853245 151.193794111932,-33.8846871428251 151.193759359822,-33.8846746842427 151.193742672778,-33.884671389839 151.193719887142,-33.8846668932473 151.193650325415,-33.884653164851</coordinates></LineString>
  </Placemark>
  <Placemark>
	<name>Victoria Park</name>
	<Style><LineStyle><color>ff0000ff</color></LineStyle><PolyStyle><fill>0</fill></PolyStyle></Style>
	<ExtendedData><SchemaData schemaUrl="#Navability_routes">
		<SimpleData name="OBJECTID">591</SimpleData>
		<SimpleData name="Effort">Easy</SimpleData>
		<SimpleData name="TravelDirection">Both</SimpleData>
		<SimpleData name="Shape__Length">14.3347142472614</SimpleData>
	</SchemaData></ExtendedData>
      <LineString><coordinates>151.191720912021,-33.8849573171148 151.191714946764,-33.8848972531855 151.191709841778,-33.884848167011 151.19170786136,-33.8848285350683</coordinates></LineString>
  </Placemark>
  <Placemark>
	<name>Victoria Park</name>
	<Style><LineStyle><color>ff0000ff</color></LineStyle><PolyStyle><fill>0</fill></PolyStyle></Style>
	<ExtendedData><SchemaData schemaUrl="#Navability_routes">
		<SimpleData name="OBJECTID">592</SimpleData>
		<SimpleData name="Effort">Easy</SimpleData>
		<SimpleData name="TravelDirection">Both</SimpleData>
		<SimpleData name="Shape__Length">54.3448571333138</SimpleData>
	</SchemaData></ExtendedData>
      <LineString><coordinates>151.192624098674,-33.8848582460779 151.19260840703,-33.8848893015837 151.192582569676,-33.8849404260511 151.192571577327,-33.8849621886767 151.192554328279,-33.884996338625 151.192541410113,-33.8850219008602 151.192528490858,-33.8850474630779 151.19251705276,-33.8850701091709 151.19250684035,-33.8851092723392 151.192498129212,-33.8851430290799 151.1924952599,-33.8851740166541 151.192492499776,-33.885203826358 151.192491940982,-33.8852384529869 151.192491371737,-33.8852759316574 151.192492119519,-33.8852835343585 151.192494602009,-33.885308843784 151.192496900947,-33.8853280953494</coordinates></LineString>
  </Placemark>
  <Placemark>
	<name>Victoria Park</name>
	<Style><LineStyle><color>ff0000ff</color></LineStyle><PolyStyle><fill>0</fill></PolyStyle></Style>
	<ExtendedData><SchemaData schemaUrl="#Navability_routes">
		<SimpleData name="OBJECTID">593</SimpleData>
		<SimpleData name="Effort">Easy</SimpleData>
		<SimpleData name="TravelDirection">Both</SimpleData>
		<SimpleData name="Shape__Length">19.8057422316258</SimpleData>
	</SchemaData></ExtendedData>
      <LineString><coordinates>151.192624098674,-33.8848582460779 151.192626898116,-33.8848568019978 151.192656445099,-33.884843285714 151.192694062861,-33.8848294306753 151.192734252503,-33.8848173320761 151.192771870222,-33.8848034779141 151.192823556458,-33.884797726687</coordinates></LineString>
  </Placemark>
  <Placemark>
	<name>Victoria Park</name>
	<Style><LineStyle><color>ff0000ff</color></LineStyle><PolyStyle><fill>0</fill></PolyStyle></Style>
	<ExtendedData><SchemaData schemaUrl="#Navability_routes">
		<SimpleData name="OBJECTID">594</SimpleData>
		<SimpleData name="Effort">Moderate</SimpleData>
		<SimpleData name="TravelDirection">Both</SimpleData>
		<SimpleData name="Shape__Length">107.094923560937</SimpleData>
	</SchemaData></ExtendedData>
      <LineString><coordinates>151.19170786136,-33.8848285350683 151.191721180717,-33.8848268973948 151.191838254206,-33.8848148394944 151.192404677759,-33.8847565309362 151.192755899802,-33.8847203558608 151.19284129301,-33.8847115599095 151.192856853025,-33.8847101064814</coordinates></LineString>
  </Placemark>
  <Placemark>
	<name>Victoria Park</name>
	<Style><LineStyle><color>ff0000ff</color></LineStyle><PolyStyle><fill>0</fill></PolyStyle></Style>
	<ExtendedData><SchemaData schemaUrl="#Navability_routes">
		<SimpleData name="OBJECTID">595</SimpleData>
		<SimpleData name="Effort">Easy</SimpleData>
		<SimpleData name="TravelDirection">Both</SimpleData>
		<SimpleData name="Shape__Length">28.3956567713939</SimpleData>
	</SchemaData></ExtendedData>
      <LineString><coordinates>151.194238075721,-33.8848365206301 151.19420640385,-33.8848587304566 151.194140843283,-33.8849047028346 151.194107018206,-33.8849284221325 151.19407319311,-33.8849521414204 151.194034251792,-33.8849794467323 151.194003253195,-33.8850014102829</coordinates></LineString>
  </Placemark>
  <Placemark>
	<name>Victoria Park</name>
	<Style><LineStyle><color>ff0000ff</color></LineStyle><PolyStyle><fill>0</fill></PolyStyle></Style>
	<ExtendedData><SchemaData schemaUrl="#Navability_routes">
		<SimpleData name="OBJECTID">596</SimpleData>
		<SimpleData name="Effort">Easy</SimpleData>
		<SimpleData name="TravelDirection">Both</SimpleData>
		<SimpleData name="Shape__Length">22.7112843140804</SimpleData>
	</SchemaData></ExtendedData>
      <LineString><coordinates>151.194238075721,-33.8848365206301 151.194220803411,-33.8848720627688 151.194180174406,-33.8849628581841 151.194155839021,-33.8850178635581 151.194154278331,-33.8850286570186</coordinates></LineString>
  </Placemark>
  <Placemark>
	<name>Victoria Park</name>
	<Style><LineStyle><color>ff0000ff</color></LineStyle><PolyStyle><fill>0</fill></PolyStyle></Style>
	<ExtendedData><SchemaData schemaUrl="#Navability_routes">
		<SimpleData name="OBJECTID">597</SimpleData>
		<SimpleData name="Effort">Easy</SimpleData>
		<SimpleData name="TravelDirection">Both</SimpleData>
		<SimpleData name="Shape__Length">29.0202152584996</SimpleData>
	</SchemaData></ExtendedData>
      <LineString><coordinates>151.194238075721,-33.8848365206301 151.194238750027,-33.8848350507649 151.194283162436,-33.8847773171044 151.194326886282,-33.8847197266265 151.194365793611,-33.8846887921254 151.194411061248,-33.8846532600154 151.194434318954,-33.884635004439</coordinates></LineString>
  </Placemark>
  <Placemark>
	<name>Victoria Park</name>
	<Style><LineStyle><color>ff0000ff</color></LineStyle><PolyStyle><fill>0</fill></PolyStyle></Style>
	<ExtendedData><SchemaData schemaUrl="#Navability_routes">
		<SimpleData name="OBJECTID">598</SimpleData>
		<SimpleData name="Effort">Easy</SimpleData>
		<SimpleData name="TravelDirection">Both</SimpleData>
		<SimpleData name="Shape__Length">10.386951254923</SimpleData>
	</SchemaData></ExtendedData>
      <LineString><coordinates>151.192823556458,-33.884797726687 151.19284041639,-33.8847666900975 151.192848243558,-33.8847526846387 151.192857014178,-33.8847361374987 151.192856853025,-33.8847101064814</coordinates></LineString>
  </Placemark>
  <Placemark>
	<name>Victoria Park</name>
	<Style><LineStyle><color>ff0000ff</color></LineStyle><PolyStyle><fill>0</fill></PolyStyle></Style>
	<ExtendedData><SchemaData schemaUrl="#Navability_routes">
		<SimpleData name="OBJECTID">599</SimpleData>
		<SimpleData name="Effort">Easy</SimpleData>
		<SimpleData name="TravelDirection">Both</SimpleData>
		<SimpleData name="Shape__Length">75.1216420416558</SimpleData>
	</SchemaData></ExtendedData>
      <LineString><coordinates>151.192823556458,-33.884797726687 151.192859462198,-33.8847937313221 151.192902391287,-33.8847892312265 151.192968853792,-33.8847822765068 151.193011782871,-33.8847777763727 151.193073523038,-33.8847713158973 151.193159381194,-33.8847623146387 151.19322371657,-33.8847555819626 151.193301679239,-33.884747424226 151.193455627635,-33.8847312843 151.193511515245,-33.8847254357023 151.193557381742,-33.8847206358013 151.193608697853,-33.8847152557398 151.193629285185,-33.884713097749</coordinates></LineString>
  </Placemark>
  <Placemark>
	<name>Victoria Park</name>
	<Style><LineStyle><color>ff0000ff</color></LineStyle><PolyStyle><fill>0</fill></PolyStyle></Style>
	<ExtendedData><SchemaData schemaUrl="#Navability_routes">
		<SimpleData name="OBJECTID">600</SimpleData>
		<SimpleData name="Effort">Easy</SimpleData>
		<SimpleData name="TravelDirection">Both</SimpleData>
		<SimpleData name="Shape__Length">147.231644500732</SimpleData>
	</SchemaData></ExtendedData>
      <LineString><coordinates>151.19361439349,-33.884757918427 151.193613953855,-33.8847580012509 151.193571146881,-33.8847689661406 151.193479722375,-33.8847922858887 151.193436915387,-33.8848032498289 151.193375982965,-33.8848134997142 151.193314520041,-33.8848238851631 151.193278039941,-33.8848368111599 151.193206851952,-33.8848621949668 151.193170372921,-33.8848751200449 151.193115627943,-33.8848851756227 151.193057837787,-33.8848959205135 151.193000213215,-33.884898303289 151.192942965172,-33.8849005707293 151.192900003714,-33.8849173646517 151.192862779076,-33.8849324699191 151.192813546608,-33.884962381348 151.192767560454,-33.8849904214947 151.192732555309,-33.8850162448782 151.192698579262,-33.8850413087601 151.19268125369,-33.8850590513931 151.192667343763,-33.8850734581228 151.1926583211,-33.885100716894 151.192653466204,-33.8851152817496 151.192655763871,-33.8851318280823 151.192659744604,-33.8851558736147 151.192673330594,-33.8851809546236 151.192689354787,-33.8852101319338 151.192743455421,-33.88527531077 151.192796964361,-33.8853396350715 151.192819918862,-33.8853763615071 151.192841378732,-33.8854106989468 151.19284636484,-33.8854404942754 151.192849576719,-33.8854638305756 151.192852317898,-33.8854836486036</coordinates></LineString>
  </Placemark>
  <Placemark>
	<name>Victoria Park</name>
	<Style><LineStyle><color>ff0000ff</color></LineStyle><PolyStyle><fill>0</fill></PolyStyle></Style>
	<ExtendedData><SchemaData schemaUrl="#Navability_routes">
		<SimpleData name="OBJECTID">601</SimpleData>
		<SimpleData name="Effort">Easy</SimpleData>
		<SimpleData name="TravelDirection">Both</SimpleData>
		<SimpleData name="Shape__Length">5.15857251937188</SimpleData>
	</SchemaData></ExtendedData>
      <LineString><coordinates>151.19361439349,-33.884757918427 151.19362918478,-33.8847133983586 151.193629285185,-33.884713097749</coordinates></LineString>
  </Placemark>
  <Placemark>
	<name>Victoria Park</name>
	<Style><LineStyle><color>ff0000ff</color></LineStyle><PolyStyle><fill>0</fill></PolyStyle></Style>
	<ExtendedData><SchemaData schemaUrl="#Navability_routes">
		<SimpleData name="OBJECTID">602</SimpleData>
		<SimpleData name="Effort">Easy</SimpleData>
		<SimpleData name="TravelDirection">Both</SimpleData>
		<SimpleData name="Shape__Length">6.9280533540486</SimpleData>
	</SchemaData></ExtendedData>
      <LineString><coordinates>151.193629285185,-33.884713097749 151.193638483001,-33.8846854122398 151.193645844885,-33.8846666495492 151.193650325415,-33.884653164851</coordinates></LineString>
  </Placemark>
  <Placemark>
	<name>Victoria Park</name>
	<Style><LineStyle><color>ff0000ff</color></LineStyle><PolyStyle><fill>0</fill></PolyStyle></Style>
	<ExtendedData><SchemaData schemaUrl="#Navability_routes">
		<SimpleData name="OBJECTID">603</SimpleData>
		<SimpleData name="Effort">Easy</SimpleData>
		<SimpleData name="TravelDirection">Both</SimpleData>
		<SimpleData name="Shape__Length">2.03978552752502</SimpleData>
	</SchemaData></ExtendedData>
      <LineString><coordinates>151.193650325415,-33.884653164851 151.193656213309,-33.8846354418866</coordinates></LineString>
  </Placemark>
  <Placemark>
	<name>Victoria Park</name>
	<Style><LineStyle><color>ff0000ff</color></LineStyle><PolyStyle><fill>0</fill></PolyStyle></Style>
	<ExtendedData><SchemaData schemaUrl="#Navability_routes">
		<SimpleData name="OBJECTID">604</SimpleData>
		<SimpleData name="Effort">Moderate</SimpleData>
		<SimpleData name="TravelDirection">Both</SimpleData>
		<SimpleData name="Shape__Length">74.4060688192387</SimpleData>
	</SchemaData></ExtendedData>
      <LineString><coordinates>151.193656213309,-33.8846354418866 151.192856853025,-33.8847101064814</coordinates></LineString>
  </Placemark>
  <Placemark>
	<name>Victoria Park</name>
	<Style><LineStyle><color>ff0000ff</color></LineStyle><PolyStyle><fill>0</fill></PolyStyle></Style>
	<ExtendedData><SchemaData schemaUrl="#Navability_routes">
		<SimpleData name="OBJECTID">605</SimpleData>
		<SimpleData name="Effort">Moderate</SimpleData>
		<SimpleData name="TravelDirection">Both</SimpleData>
		<SimpleData name="Shape__Length">72.9756276305816</SimpleData>
	</SchemaData></ExtendedData>
      <LineString><coordinates>151.194434318954,-33.884635004439 151.19443416123,-33.8846348443226 151.194417574535,-33.884631507296 151.194314225671,-33.8846063133982 151.194238829684,-33.8845880217669 151.193984721587,-33.8846082910898 151.19369274782,-33.8846320290032 151.193656213309,-33.8846354418866</coordinates></LineString>
  </Placemark>
  <Placemark>
	<name>Victoria Park</name>
	<Style><LineStyle><color>ff0000ff</color></LineStyle><PolyStyle><fill>0</fill></PolyStyle></Style>
	<ExtendedData><SchemaData schemaUrl="#Navability_routes">
		<SimpleData name="OBJECTID">606</SimpleData>
		<SimpleData name="Effort">Moderate</SimpleData>
		<SimpleData name="TravelDirection">Both</SimpleData>
		<SimpleData name="Shape__Length">23.2336469598585</SimpleData>
	</SchemaData></ExtendedData>
      <LineString><coordinates>151.191477055126,-33.8848902929861 151.191504620954,-33.8848658449869 151.191520695119,-33.8848542781805 151.191601804636,-33.8848429304973 151.191701326893,-33.884829338159 151.19170786136,-33.8848285350683</coordinates></LineString>
  </Placemark>
  <Placemark>
	<name>Victoria Park</name>
	<Style><LineStyle><color>ff0000ff</color></LineStyle><PolyStyle><fill>0</fill></PolyStyle></Style>
	<ExtendedData><SchemaData schemaUrl="#Navability_routes">
		<SimpleData name="OBJECTID">607</SimpleData>
		<SimpleData name="Effort">Easy</SimpleData>
		<SimpleData name="TravelDirection">Both</SimpleData>
		<SimpleData name="Shape__Length">14.9924367351569</SimpleData>
	</SchemaData></ExtendedData>
      <LineString><coordinates>151.192222046458,-33.8875435835142 151.192067929625,-33.8875017376233</coordinates></LineString>
  </Placemark>
</Folder>
</Document></kml>
