<?xml version="1.0" encoding="utf-8" ?>
<kml xmlns="http://www.opengis.net/kml/2.2">
<Document id="root_doc">
<Schema name="Stairs" id="Stairs">
	<SimpleField name="OBJECTID" type="int"></SimpleField>
	<SimpleField name="ID" type="string"></SimpleField>
	<SimpleField name="Address" type="string"></SimpleField>
	<SimpleField name="Suburb" type="string"></SimpleField>
	<SimpleField name="No_Steps" type="int"></SimpleField>
	<SimpleField name="HandRails" type="string"></SimpleField>
	<SimpleField name="TGSI" type="string"></SimpleField>
	<SimpleField name="StairNosingConstrastStrip" type="string"></SimpleField>
	<SimpleField name="ClosestAlternateRoutes" type="string"></SimpleField>
	<SimpleField name="Photo" type="string"></SimpleField>
</Schema>
<Folder><name>Stairs</name>
  <Placemark>
	<name>Billyard Avenue Stairs East </name>
	<ExtendedData><SchemaData schemaUrl="#Stairs">
		<SimpleData name="OBJECTID">1</SimpleData>
		<SimpleData name="ID">ST160</SimpleData>
		<SimpleData name="Address">between Macleay Street and Billyard Avenue</SimpleData>
		<SimpleData name="Suburb">Elizabeth Bay</SimpleData>
		<SimpleData name="No_Steps">15</SimpleData>
		<SimpleData name="HandRails">Yes</SimpleData>
		<SimpleData name="TGSI">No</SimpleData>
		<SimpleData name="StairNosingConstrastStrip">No</SimpleData>
		<SimpleData name="ClosestAlternateRoutes">Billyard Avenue </SimpleData>
		<SimpleData name="Photo">ST160.JPG</SimpleData>
	</SchemaData></ExtendedData>
      <Point><coordinates>151.226556499929,-33.8691898490496,0</coordinates></Point>
  </Placemark>
  <Placemark>
	<name>Barney and Bligh Reserve Steps</name>
	<ExtendedData><SchemaData schemaUrl="#Stairs">
		<SimpleData name="OBJECTID">2</SimpleData>
		<SimpleData name="ID">ST-62</SimpleData>
		<SimpleData name="Address">Circular Quay</SimpleData>
		<SimpleData name="Suburb">The Rocks</SimpleData>
		<SimpleData name="No_Steps">23</SimpleData>
		<SimpleData name="HandRails">Yes</SimpleData>
		<SimpleData name="TGSI">No</SimpleData>
		<SimpleData name="StairNosingConstrastStrip">No</SimpleData>
		<SimpleData name="ClosestAlternateRoutes">George Street </SimpleData>
		<SimpleData name="Photo">ST-62-1.jpg</SimpleData>
	</SchemaData></ExtendedData>
      <Point><coordinates>151.209137541716,-33.8587782128443,0</coordinates></Point>
  </Placemark>
  <Placemark>
	<name>Billyard Avenue Stairs West</name>
	<ExtendedData><SchemaData schemaUrl="#Stairs">
		<SimpleData name="OBJECTID">3</SimpleData>
		<SimpleData name="ID">ST-64</SimpleData>
		<SimpleData name="Address">between Macleay Street and Billyard Avenue</SimpleData>
		<SimpleData name="Suburb">Elizabeth Bay</SimpleData>
		<SimpleData name="No_Steps">30</SimpleData>
		<SimpleData name="HandRails">Yes</SimpleData>
		<SimpleData name="TGSI">No</SimpleData>
		<SimpleData name="StairNosingConstrastStrip">No</SimpleData>
		<SimpleData name="ClosestAlternateRoutes">Macleay and Billyard </SimpleData>
		<SimpleData name="Photo">ST-64-2.jpg</SimpleData>
	</SchemaData></ExtendedData>
      <Point><coordinates>151.226270249911,-33.869149649608,0</coordinates></Point>
  </Placemark>
  <Placemark>
	<name>Lincoln Crescent Stairs 3a</name>
	<ExtendedData><SchemaData schemaUrl="#Stairs">
		<SimpleData name="OBJECTID">4</SimpleData>
		<SimpleData name="ID">ST-65</SimpleData>
		<SimpleData name="Address">corner of Cowper Wharf Roadway and Lincoln Crescent</SimpleData>
		<SimpleData name="Suburb">Woolloomooloo</SimpleData>
		<SimpleData name="No_Steps">47</SimpleData>
		<SimpleData name="HandRails">Yes</SimpleData>
		<SimpleData name="TGSI">Yes</SimpleData>
		<SimpleData name="StairNosingConstrastStrip">Yes</SimpleData>
		<SimpleData name="ClosestAlternateRoutes">Cowper Wharf Road</SimpleData>
		<SimpleData name="Photo">ST-65-1.jpg</SimpleData>
	</SchemaData></ExtendedData>
      <Point><coordinates>151.219240438063,-33.8684191838832,0</coordinates></Point>
  </Placemark>
  <Placemark>
	<name>Fish Market Light Rail Stairs</name>
	<ExtendedData><SchemaData schemaUrl="#Stairs">
		<SimpleData name="OBJECTID">5</SimpleData>
		<SimpleData name="ID">ST-66</SimpleData>
		<SimpleData name="Address">Miller Street Civic Space</SimpleData>
		<SimpleData name="Suburb">Pyrmont</SimpleData>
		<SimpleData name="No_Steps">47</SimpleData>
		<SimpleData name="HandRails">Yes</SimpleData>
		<SimpleData name="TGSI">Yes</SimpleData>
		<SimpleData name="StairNosingConstrastStrip">Yes</SimpleData>
		<SimpleData name="ClosestAlternateRoutes">adjacent lift</SimpleData>
		<SimpleData name="Photo">ST-66-2.jpg</SimpleData>
	</SchemaData></ExtendedData>
      <Point><coordinates>151.192429445079,-33.8707515522752,0</coordinates></Point>
  </Placemark>
  <Placemark>
	<name>Lincoln Crescent Pedestrian Stairs</name>
	<ExtendedData><SchemaData schemaUrl="#Stairs">
		<SimpleData name="OBJECTID">6</SimpleData>
		<SimpleData name="ID">ST-67</SimpleData>
		<SimpleData name="Address">Lincoln Crescent</SimpleData>
		<SimpleData name="Suburb">Woolloomooloo</SimpleData>
		<SimpleData name="No_Steps">45</SimpleData>
		<SimpleData name="HandRails">Yes</SimpleData>
		<SimpleData name="TGSI">Yes</SimpleData>
		<SimpleData name="StairNosingConstrastStrip">Yes</SimpleData>
		<SimpleData name="ClosestAlternateRoutes">Lincoln Crescent</SimpleData>
		<SimpleData name="Photo">ST-67-1.jpg</SimpleData>
	</SchemaData></ExtendedData>
      <Point><coordinates>151.219437499322,-33.8674459992256,0</coordinates></Point>
  </Placemark>
  <Placemark>
	<name>Wynyard Station </name>
	<ExtendedData><SchemaData schemaUrl="#Stairs">
		<SimpleData name="OBJECTID">7</SimpleData>
		<SimpleData name="ID">ST-68</SimpleData>
		<SimpleData name="Address">Clarence Street</SimpleData>
		<SimpleData name="Suburb">Sydney</SimpleData>
		<SimpleData name="No_Steps">33</SimpleData>
		<SimpleData name="HandRails">Yes</SimpleData>
		<SimpleData name="TGSI">Yes</SimpleData>
		<SimpleData name="StairNosingConstrastStrip">Yes</SimpleData>
		<SimpleData name="ClosestAlternateRoutes">Clarence Street</SimpleData>
		<SimpleData name="Photo">ST-68-1.jpg</SimpleData>
	</SchemaData></ExtendedData>
      <Point><coordinates>151.204817299373,-33.8655100485966,0</coordinates></Point>
  </Placemark>
  <Placemark>
	<name>Sussex Lane</name>
	<ExtendedData><SchemaData schemaUrl="#Stairs">
		<SimpleData name="OBJECTID">8</SimpleData>
		<SimpleData name="ID">ST-69</SimpleData>
		<SimpleData name="Address">Kent Street </SimpleData>
		<SimpleData name="Suburb">Sydney</SimpleData>
		<SimpleData name="No_Steps">29</SimpleData>
		<SimpleData name="HandRails">Yes</SimpleData>
		<SimpleData name="TGSI">Yes</SimpleData>
		<SimpleData name="StairNosingConstrastStrip">Yes</SimpleData>
		<SimpleData name="ClosestAlternateRoutes">Kent Street </SimpleData>
		<SimpleData name="Photo">ST-69-1.jpg</SimpleData>
	</SchemaData></ExtendedData>
      <Point><coordinates>151.204272119926,-33.8665599853212,0</coordinates></Point>
  </Placemark>
  <Placemark>
	<name>The Cliff Top Walk 4a</name>
	<ExtendedData><SchemaData schemaUrl="#Stairs">
		<SimpleData name="OBJECTID">9</SimpleData>
		<SimpleData name="ID">ST-70</SimpleData>
		<SimpleData name="Address">Lower Fort Street</SimpleData>
		<SimpleData name="Suburb">Dawes Point</SimpleData>
		<SimpleData name="No_Steps">17</SimpleData>
		<SimpleData name="HandRails">Yes</SimpleData>
		<SimpleData name="TGSI">No</SimpleData>
		<SimpleData name="StairNosingConstrastStrip">No</SimpleData>
		<SimpleData name="ClosestAlternateRoutes">Lower Fort Street</SimpleData>
		<SimpleData name="Photo">ST-70-1.jpg</SimpleData>
	</SchemaData></ExtendedData>
      <Point><coordinates>151.206876600422,-33.8565793991126,0</coordinates></Point>
  </Placemark>
  <Placemark>
	<name>Walsh Bay Wharves Precinct</name>
	<ExtendedData><SchemaData schemaUrl="#Stairs">
		<SimpleData name="OBJECTID">10</SimpleData>
		<SimpleData name="ID">ST-71</SimpleData>
		<SimpleData name="Address">Hickson Road</SimpleData>
		<SimpleData name="Suburb">Dawes Point</SimpleData>
		<SimpleData name="No_Steps">35</SimpleData>
		<SimpleData name="HandRails">Yes</SimpleData>
		<SimpleData name="TGSI">Yes</SimpleData>
		<SimpleData name="StairNosingConstrastStrip">Yes</SimpleData>
		<SimpleData name="ClosestAlternateRoutes">Hickson Road </SimpleData>
		<SimpleData name="Photo">ST-71-1.jpg</SimpleData>
	</SchemaData></ExtendedData>
      <Point><coordinates>151.20688915035,-33.8555838991135,0</coordinates></Point>
  </Placemark>
  <Placemark>
	<name>High Lane Stairs</name>
	<ExtendedData><SchemaData schemaUrl="#Stairs">
		<SimpleData name="OBJECTID">11</SimpleData>
		<SimpleData name="ID">ST-72</SimpleData>
		<SimpleData name="Address">High Street</SimpleData>
		<SimpleData name="Suburb">Millers Point</SimpleData>
		<SimpleData name="No_Steps">7</SimpleData>
		<SimpleData name="HandRails">Yes</SimpleData>
		<SimpleData name="TGSI">No</SimpleData>
		<SimpleData name="StairNosingConstrastStrip">No</SimpleData>
		<SimpleData name="ClosestAlternateRoutes">High Street</SimpleData>
		<SimpleData name="Photo">ST-72-1.jpg</SimpleData>
	</SchemaData></ExtendedData>
      <Point><coordinates>151.203295799941,-33.8609810986166,0</coordinates></Point>
  </Placemark>
  <Placemark>
	<name>Hosking Place Stairs</name>
	<ExtendedData><SchemaData schemaUrl="#Stairs">
		<SimpleData name="OBJECTID">12</SimpleData>
		<SimpleData name="ID">ST-73</SimpleData>
		<SimpleData name="Address">Hosking Place</SimpleData>
		<SimpleData name="Suburb">Sydney</SimpleData>
		<SimpleData name="No_Steps">8</SimpleData>
		<SimpleData name="HandRails">Yes</SimpleData>
		<SimpleData name="TGSI">Yes</SimpleData>
		<SimpleData name="StairNosingConstrastStrip">Yes</SimpleData>
		<SimpleData name="ClosestAlternateRoutes">Hosking Place</SimpleData>
		<SimpleData name="Photo">No photo</SimpleData>
	</SchemaData></ExtendedData>
      <Point><coordinates>151.209212700175,-33.8670314993191,0</coordinates></Point>
  </Placemark>
  <Placemark>
	<name>Martin Place Stairs</name>
	<ExtendedData><SchemaData schemaUrl="#Stairs">
		<SimpleData name="OBJECTID">13</SimpleData>
		<SimpleData name="ID">ST-74</SimpleData>
		<SimpleData name="Address">Angel Place</SimpleData>
		<SimpleData name="Suburb">Sydney</SimpleData>
		<SimpleData name="No_Steps">13</SimpleData>
		<SimpleData name="HandRails">Yes</SimpleData>
		<SimpleData name="TGSI">No</SimpleData>
		<SimpleData name="StairNosingConstrastStrip">Yes</SimpleData>
		<SimpleData name="ClosestAlternateRoutes">Angel place </SimpleData>
		<SimpleData name="Photo">ST-74-1.jpg</SimpleData>
	</SchemaData></ExtendedData>
      <Point><coordinates>151.207603749462,-33.8673596492709,0</coordinates></Point>
  </Placemark>
  <Placemark>
	<name>George Street Stairs 2a</name>
	<ExtendedData><SchemaData schemaUrl="#Stairs">
		<SimpleData name="OBJECTID">14</SimpleData>
		<SimpleData name="ID">ST-75</SimpleData>
		<SimpleData name="Address">George Street </SimpleData>
		<SimpleData name="Suburb">Sydney</SimpleData>
		<SimpleData name="No_Steps">18</SimpleData>
		<SimpleData name="HandRails">Yes</SimpleData>
		<SimpleData name="TGSI">Yes</SimpleData>
		<SimpleData name="StairNosingConstrastStrip">Yes</SimpleData>
		<SimpleData name="ClosestAlternateRoutes">George Street </SimpleData>
		<SimpleData name="Photo">ST-75-1.jpg</SimpleData>
	</SchemaData></ExtendedData>
      <Point><coordinates>151.207804599885,-33.8626294989446,0</coordinates></Point>
  </Placemark>
  <Placemark>
	<name>Gloucester Walk Steps 3a</name>
	<ExtendedData><SchemaData schemaUrl="#Stairs">
		<SimpleData name="OBJECTID">15</SimpleData>
		<SimpleData name="ID">ST-76</SimpleData>
		<SimpleData name="Address">Cumberland Street</SimpleData>
		<SimpleData name="Suburb">The Rocks</SimpleData>
		<SimpleData name="No_Steps">19</SimpleData>
		<SimpleData name="HandRails">Yes</SimpleData>
		<SimpleData name="TGSI">No</SimpleData>
		<SimpleData name="StairNosingConstrastStrip">No</SimpleData>
		<SimpleData name="ClosestAlternateRoutes">Cumberland Street</SimpleData>
		<SimpleData name="Photo">ST-76-1.jpg</SimpleData>
	</SchemaData></ExtendedData>
      <Point><coordinates>151.207271207987,-33.8588625710681,0</coordinates></Point>
  </Placemark>
  <Placemark>
	<name>Lincoln Crescent Stairs 4a</name>
	<ExtendedData><SchemaData schemaUrl="#Stairs">
		<SimpleData name="OBJECTID">16</SimpleData>
		<SimpleData name="ID">ST-77</SimpleData>
		<SimpleData name="Address">Mrs Macquaries Road</SimpleData>
		<SimpleData name="Suburb">Sydney</SimpleData>
		<SimpleData name="No_Steps">46</SimpleData>
		<SimpleData name="HandRails">Yes</SimpleData>
		<SimpleData name="TGSI">No</SimpleData>
		<SimpleData name="StairNosingConstrastStrip">Yes</SimpleData>
		<SimpleData name="ClosestAlternateRoutes">Lincoln Cresent</SimpleData>
		<SimpleData name="Photo">ST-77-1.jpg</SimpleData>
	</SchemaData></ExtendedData>
      <Point><coordinates>151.219106089087,-33.8666185798304,0</coordinates></Point>
  </Placemark>
  <Placemark>
	<name>State Library of NSW</name>
	<ExtendedData><SchemaData schemaUrl="#Stairs">
		<SimpleData name="OBJECTID">17</SimpleData>
		<SimpleData name="ID">ST-78</SimpleData>
		<SimpleData name="Address">Hospital Road</SimpleData>
		<SimpleData name="Suburb">Sydney</SimpleData>
		<SimpleData name="No_Steps">25</SimpleData>
		<SimpleData name="HandRails">Yes</SimpleData>
		<SimpleData name="TGSI">No</SimpleData>
		<SimpleData name="StairNosingConstrastStrip">No</SimpleData>
		<SimpleData name="ClosestAlternateRoutes">Hospital Road</SimpleData>
		<SimpleData name="Photo">ST-78-2.jpg</SimpleData>
	</SchemaData></ExtendedData>
      <Point><coordinates>151.21352980007,-33.8667508485617,0</coordinates></Point>
  </Placemark>
  <Placemark>
	<name>State Library of NSW</name>
	<ExtendedData><SchemaData schemaUrl="#Stairs">
		<SimpleData name="OBJECTID">18</SimpleData>
		<SimpleData name="ID">ST-79</SimpleData>
		<SimpleData name="Address">Hospital Road</SimpleData>
		<SimpleData name="Suburb">Sydney</SimpleData>
		<SimpleData name="No_Steps">5</SimpleData>
		<SimpleData name="HandRails">Yes</SimpleData>
		<SimpleData name="TGSI">No</SimpleData>
		<SimpleData name="StairNosingConstrastStrip">No</SimpleData>
		<SimpleData name="ClosestAlternateRoutes">Macquarie Street</SimpleData>
		<SimpleData name="Photo">ST-79-2.jpg</SimpleData>
	</SchemaData></ExtendedData>
      <Point><coordinates>151.213319500048,-33.8668001995579,0</coordinates></Point>
  </Placemark>
  <Placemark>
	<name>The Domain Car Park Stairs Western Entry</name>
	<ExtendedData><SchemaData schemaUrl="#Stairs">
		<SimpleData name="OBJECTID">19</SimpleData>
		<SimpleData name="ID">ST035</SimpleData>
		<SimpleData name="Address">Hyde Park North</SimpleData>
		<SimpleData name="Suburb">Sydney</SimpleData>
		<SimpleData name="No_Steps">27</SimpleData>
		<SimpleData name="HandRails">Yes</SimpleData>
		<SimpleData name="TGSI">No</SimpleData>
		<SimpleData name="StairNosingConstrastStrip">No</SimpleData>
		<SimpleData name="ClosestAlternateRoutes">College Street</SimpleData>
		<SimpleData name="Photo">ST035_001.JPG</SimpleData>
	</SchemaData></ExtendedData>
      <Point><coordinates>151.212747417709,-33.8704836134602,0</coordinates></Point>
  </Placemark>
  <Placemark>
	<name>Circular Quay Forecourt</name>
	<ExtendedData><SchemaData schemaUrl="#Stairs">
		<SimpleData name="OBJECTID">20</SimpleData>
		<SimpleData name="ID">ST-81</SimpleData>
		<SimpleData name="Address">Circular Quay</SimpleData>
		<SimpleData name="Suburb">Sydney</SimpleData>
		<SimpleData name="No_Steps">5</SimpleData>
		<SimpleData name="HandRails">No</SimpleData>
		<SimpleData name="TGSI">No</SimpleData>
		<SimpleData name="StairNosingConstrastStrip">Yes</SimpleData>
		<SimpleData name="ClosestAlternateRoutes">Macquarie Street</SimpleData>
		<SimpleData name="Photo">ST-81-1.jpg</SimpleData>
	</SchemaData></ExtendedData>
      <Point><coordinates>151.21302709999,-33.8589329990906,0</coordinates></Point>
  </Placemark>
  <Placemark>
	<name>Holdsworth Avenue Stairs</name>
	<ExtendedData><SchemaData schemaUrl="#Stairs">
		<SimpleData name="OBJECTID">21</SimpleData>
		<SimpleData name="ID">ST140</SimpleData>
		<SimpleData name="Address">between Holdworth Avenue and Rushcutters Bay Park</SimpleData>
		<SimpleData name="Suburb">Rushcutters Bay</SimpleData>
		<SimpleData name="No_Steps">46</SimpleData>
		<SimpleData name="HandRails">Yes</SimpleData>
		<SimpleData name="TGSI">No</SimpleData>
		<SimpleData name="StairNosingConstrastStrip">No</SimpleData>
		<SimpleData name="ClosestAlternateRoutes">Elizabeth Bay Road</SimpleData>
		<SimpleData name="Photo">ST140_001.JPG</SimpleData>
	</SchemaData></ExtendedData>
      <Point><coordinates>151.228963478497,-33.8730773803765,0</coordinates></Point>
  </Placemark>
  <Placemark>
	<name>Australian Rockery Lawn Stairs</name>
	<ExtendedData><SchemaData schemaUrl="#Stairs">
		<SimpleData name="OBJECTID">22</SimpleData>
		<SimpleData name="ID">ST-83</SimpleData>
		<SimpleData name="Address">The Royal Botanic Garden Sydney</SimpleData>
		<SimpleData name="Suburb">Sydney</SimpleData>
		<SimpleData name="No_Steps">18</SimpleData>
		<SimpleData name="HandRails">No</SimpleData>
		<SimpleData name="TGSI">No</SimpleData>
		<SimpleData name="StairNosingConstrastStrip">No</SimpleData>
		<SimpleData name="ClosestAlternateRoutes">not applicable</SimpleData>
		<SimpleData name="Photo">ST-83-1.jpg</SimpleData>
	</SchemaData></ExtendedData>
      <Point><coordinates>151.216502732738,-33.8592906060307,0</coordinates></Point>
  </Placemark>
  <Placemark>
	<name>Sydney Opera House</name>
	<ExtendedData><SchemaData schemaUrl="#Stairs">
		<SimpleData name="OBJECTID">23</SimpleData>
		<SimpleData name="ID">ST-84</SimpleData>
		<SimpleData name="Address">Sydney Opera House Forecourt</SimpleData>
		<SimpleData name="Suburb">Sydney</SimpleData>
		<SimpleData name="No_Steps">8</SimpleData>
		<SimpleData name="HandRails">No</SimpleData>
		<SimpleData name="TGSI">No</SimpleData>
		<SimpleData name="StairNosingConstrastStrip">No</SimpleData>
		<SimpleData name="ClosestAlternateRoutes">internal lift at main entrance </SimpleData>
		<SimpleData name="Photo">No photo</SimpleData>
	</SchemaData></ExtendedData>
      <Point><coordinates>151.214922200013,-33.8575614498618,0</coordinates></Point>
  </Placemark>
  <Placemark>
	<name>Sydney Opera House</name>
	<ExtendedData><SchemaData schemaUrl="#Stairs">
		<SimpleData name="OBJECTID">24</SimpleData>
		<SimpleData name="ID">ST-85</SimpleData>
		<SimpleData name="Address">Sydney Opera House Forecourt</SimpleData>
		<SimpleData name="Suburb">Sydney</SimpleData>
		<SimpleData name="No_Steps">30</SimpleData>
		<SimpleData name="HandRails">Yes</SimpleData>
		<SimpleData name="TGSI">No</SimpleData>
		<SimpleData name="StairNosingConstrastStrip">No</SimpleData>
		<SimpleData name="ClosestAlternateRoutes">lift located at main entrance to Sydney Opera House</SimpleData>
		<SimpleData name="Photo">No photo</SimpleData>
	</SchemaData></ExtendedData>
      <Point><coordinates>151.215331349999,-33.857553198868,0</coordinates></Point>
  </Placemark>
  <Placemark>
	<name>Point Street Stairs</name>
	<ExtendedData><SchemaData schemaUrl="#Stairs">
		<SimpleData name="OBJECTID">25</SimpleData>
		<SimpleData name="ID">ST-86</SimpleData>
		<SimpleData name="Address">Point Street</SimpleData>
		<SimpleData name="Suburb">Pyrmont</SimpleData>
		<SimpleData name="No_Steps">44</SimpleData>
		<SimpleData name="HandRails">Yes</SimpleData>
		<SimpleData name="TGSI">No</SimpleData>
		<SimpleData name="StairNosingConstrastStrip">No</SimpleData>
		<SimpleData name="ClosestAlternateRoutes">John Street</SimpleData>
		<SimpleData name="Photo">ST-86-3.jpg</SimpleData>
	</SchemaData></ExtendedData>
      <Point><coordinates>151.19326989998,-33.8665441494931,0</coordinates></Point>
  </Placemark>
  <Placemark>
	<name>Bowman Street Reserve Stairs 5a</name>
	<ExtendedData><SchemaData schemaUrl="#Stairs">
		<SimpleData name="OBJECTID">26</SimpleData>
		<SimpleData name="ID">ST-87</SimpleData>
		<SimpleData name="Address">Bowman Street</SimpleData>
		<SimpleData name="Suburb">Pyrmont</SimpleData>
		<SimpleData name="No_Steps">8</SimpleData>
		<SimpleData name="HandRails">Yes</SimpleData>
		<SimpleData name="TGSI">Yes</SimpleData>
		<SimpleData name="StairNosingConstrastStrip">No</SimpleData>
		<SimpleData name="ClosestAlternateRoutes">Tambua Street</SimpleData>
		<SimpleData name="Photo">ST-87-2.jpg</SimpleData>
	</SchemaData></ExtendedData>
      <Point><coordinates>151.189603100248,-33.8673267988126,0</coordinates></Point>
  </Placemark>
  <Placemark>
	<name>Bowman Street Reserve Stairs 1a</name>
	<ExtendedData><SchemaData schemaUrl="#Stairs">
		<SimpleData name="OBJECTID">27</SimpleData>
		<SimpleData name="ID">ST-88</SimpleData>
		<SimpleData name="Address">Refinery Drive</SimpleData>
		<SimpleData name="Suburb">Pyrmont</SimpleData>
		<SimpleData name="No_Steps">49</SimpleData>
		<SimpleData name="HandRails">Yes</SimpleData>
		<SimpleData name="TGSI">No</SimpleData>
		<SimpleData name="StairNosingConstrastStrip">Yes</SimpleData>
		<SimpleData name="ClosestAlternateRoutes">Tambua Street</SimpleData>
		<SimpleData name="Photo">ST-88-1.jpg</SimpleData>
	</SchemaData></ExtendedData>
      <Point><coordinates>151.189305550018,-33.8668300486337,0</coordinates></Point>
  </Placemark>
  <Placemark>
	<name>Gilba Park</name>
	<ExtendedData><SchemaData schemaUrl="#Stairs">
		<SimpleData name="OBJECTID">28</SimpleData>
		<SimpleData name="ID">ST-89</SimpleData>
		<SimpleData name="Address">Herbert Street</SimpleData>
		<SimpleData name="Suburb">Pyrmont</SimpleData>
		<SimpleData name="No_Steps">12</SimpleData>
		<SimpleData name="HandRails">Yes</SimpleData>
		<SimpleData name="TGSI">No</SimpleData>
		<SimpleData name="StairNosingConstrastStrip">No</SimpleData>
		<SimpleData name="ClosestAlternateRoutes">adjacent ramp</SimpleData>
		<SimpleData name="Photo">ST-89-1.jpg</SimpleData>
	</SchemaData></ExtendedData>
      <Point><coordinates>151.192310199364,-33.8639770486585,0</coordinates></Point>
  </Placemark>
  <Placemark>
	<name>Waterfront Park</name>
	<ExtendedData><SchemaData schemaUrl="#Stairs">
		<SimpleData name="OBJECTID">29</SimpleData>
		<SimpleData name="ID">ST-90</SimpleData>
		<SimpleData name="Address">Tambua Street</SimpleData>
		<SimpleData name="Suburb">Pyrmont</SimpleData>
		<SimpleData name="No_Steps">35</SimpleData>
		<SimpleData name="HandRails">Yes</SimpleData>
		<SimpleData name="TGSI">Yes</SimpleData>
		<SimpleData name="StairNosingConstrastStrip">Yes</SimpleData>
		<SimpleData name="ClosestAlternateRoutes">Tambua Street</SimpleData>
		<SimpleData name="Photo">ST-90-1.jpg</SimpleData>
	</SchemaData></ExtendedData>
      <Point><coordinates>151.188855721174,-33.8669044386193,0</coordinates></Point>
  </Placemark>
  <Placemark>
	<name>Gilba Park</name>
	<ExtendedData><SchemaData schemaUrl="#Stairs">
		<SimpleData name="OBJECTID">30</SimpleData>
		<SimpleData name="ID">ST055</SimpleData>
		<SimpleData name="Address">Pirrama Road</SimpleData>
		<SimpleData name="Suburb">Pyrmont</SimpleData>
		<SimpleData name="No_Steps">80</SimpleData>
		<SimpleData name="HandRails">Yes</SimpleData>
		<SimpleData name="TGSI">No</SimpleData>
		<SimpleData name="StairNosingConstrastStrip">No</SimpleData>
		<SimpleData name="ClosestAlternateRoutes">Mills Street and Pirrama Road</SimpleData>
		<SimpleData name="Photo">ST055_001.JPG</SimpleData>
	</SchemaData></ExtendedData>
      <Point><coordinates>151.193273076391,-33.8645158147165,0</coordinates></Point>
  </Placemark>
  <Placemark>
	<name>Refinery Drive Stairs</name>
	<ExtendedData><SchemaData schemaUrl="#Stairs">
		<SimpleData name="OBJECTID">31</SimpleData>
		<SimpleData name="ID">ST-92</SimpleData>
		<SimpleData name="Address">Refinery Drive</SimpleData>
		<SimpleData name="Suburb">Pyrmont</SimpleData>
		<SimpleData name="No_Steps">28</SimpleData>
		<SimpleData name="HandRails">Yes</SimpleData>
		<SimpleData name="TGSI">No</SimpleData>
		<SimpleData name="StairNosingConstrastStrip">No</SimpleData>
		<SimpleData name="ClosestAlternateRoutes">adjacent ramp</SimpleData>
		<SimpleData name="Photo">ST-92-1.jpg</SimpleData>
	</SchemaData></ExtendedData>
      <Point><coordinates>151.190759850285,-33.8660086994239,0</coordinates></Point>
  </Placemark>
  <Placemark>
	<name>Herbert Street Stairs</name>
	<ExtendedData><SchemaData schemaUrl="#Stairs">
		<SimpleData name="OBJECTID">32</SimpleData>
		<SimpleData name="ID">ST191</SimpleData>
		<SimpleData name="Address">Herbert Street </SimpleData>
		<SimpleData name="Suburb">Pyrmont</SimpleData>
		<SimpleData name="No_Steps">41</SimpleData>
		<SimpleData name="HandRails">Yes</SimpleData>
		<SimpleData name="TGSI">Yes</SimpleData>
		<SimpleData name="StairNosingConstrastStrip">Yes</SimpleData>
		<SimpleData name="ClosestAlternateRoutes">Bowman st</SimpleData>
		<SimpleData name="Photo">ST191_001.JPG</SimpleData>
	</SchemaData></ExtendedData>
      <Point><coordinates>151.192485122373,-33.8655029357574,0</coordinates></Point>
  </Placemark>
  <Placemark>
	<name>Springfield Mall Stairs</name>
	<ExtendedData><SchemaData schemaUrl="#Stairs">
		<SimpleData name="OBJECTID">33</SimpleData>
		<SimpleData name="ID">ST-94</SimpleData>
		<SimpleData name="Address">Springfield Lane</SimpleData>
		<SimpleData name="Suburb">Potts Point</SimpleData>
		<SimpleData name="No_Steps">7</SimpleData>
		<SimpleData name="HandRails">Yes</SimpleData>
		<SimpleData name="TGSI">No</SimpleData>
		<SimpleData name="StairNosingConstrastStrip">No</SimpleData>
		<SimpleData name="ClosestAlternateRoutes">Springfield Lane</SimpleData>
		<SimpleData name="Photo">ST-94-1.jpg</SimpleData>
	</SchemaData></ExtendedData>
      <Point><coordinates>151.224303700003,-33.8725457489485,0</coordinates></Point>
  </Placemark>
  <Placemark>
	<name>Billyard Avenue Stairs</name>
	<ExtendedData><SchemaData schemaUrl="#Stairs">
		<SimpleData name="OBJECTID">34</SimpleData>
		<SimpleData name="ID">A</SimpleData>
		<SimpleData name="Address">Billyard Avenue</SimpleData>
		<SimpleData name="Suburb">Elizabeth Bay</SimpleData>
		<SimpleData name="No_Steps">28</SimpleData>
		<SimpleData name="HandRails">Yes</SimpleData>
		<SimpleData name="TGSI">No</SimpleData>
		<SimpleData name="StairNosingConstrastStrip">No</SimpleData>
		<SimpleData name="ClosestAlternateRoutes">Billyard Avenue</SimpleData>
		<SimpleData name="Photo">A.JPG</SimpleData>
	</SchemaData></ExtendedData>
      <Point><coordinates>151.226834300694,-33.869642399402,0</coordinates></Point>
  </Placemark>
  <Placemark>
	<name>Morshead Fountain Gate Stairs 1a</name>
	<ExtendedData><SchemaData schemaUrl="#Stairs">
		<SimpleData name="OBJECTID">35</SimpleData>
		<SimpleData name="ID">ST-96</SimpleData>
		<SimpleData name="Address">The Royal Botanic Garden Sydney</SimpleData>
		<SimpleData name="Suburb">Sydney</SimpleData>
		<SimpleData name="No_Steps">7</SimpleData>
		<SimpleData name="HandRails">Yes</SimpleData>
		<SimpleData name="TGSI">No</SimpleData>
		<SimpleData name="StairNosingConstrastStrip">No</SimpleData>
		<SimpleData name="ClosestAlternateRoutes">Moreshead Fountain Gate</SimpleData>
		<SimpleData name="Photo">No photo</SimpleData>
	</SchemaData></ExtendedData>
      <Point><coordinates>151.21362948727,-33.8654124002429,0</coordinates></Point>
  </Placemark>
  <Placemark>
	<name>Morshead Fountain Gate Stairs 2a</name>
	<ExtendedData><SchemaData schemaUrl="#Stairs">
		<SimpleData name="OBJECTID">36</SimpleData>
		<SimpleData name="ID">ST-97</SimpleData>
		<SimpleData name="Address">The Royal Botanic Garden Sydney</SimpleData>
		<SimpleData name="Suburb">Sydney</SimpleData>
		<SimpleData name="No_Steps">7</SimpleData>
		<SimpleData name="HandRails">Yes</SimpleData>
		<SimpleData name="TGSI">No</SimpleData>
		<SimpleData name="StairNosingConstrastStrip">No</SimpleData>
		<SimpleData name="ClosestAlternateRoutes">Shakespeare Road or adjacent footpaths</SimpleData>
		<SimpleData name="Photo">ST-97-1.jpg</SimpleData>
	</SchemaData></ExtendedData>
      <Point><coordinates>151.213642562805,-33.8653638748778,0</coordinates></Point>
  </Placemark>
  <Placemark>
	<name>Morshead Fountain Gate Stairs 3a</name>
	<ExtendedData><SchemaData schemaUrl="#Stairs">
		<SimpleData name="OBJECTID">37</SimpleData>
		<SimpleData name="ID">ST-98</SimpleData>
		<SimpleData name="Address">The Royal Botanic Garden Sydney</SimpleData>
		<SimpleData name="Suburb">Sydney</SimpleData>
		<SimpleData name="No_Steps">8</SimpleData>
		<SimpleData name="HandRails">No</SimpleData>
		<SimpleData name="TGSI">No</SimpleData>
		<SimpleData name="StairNosingConstrastStrip">No</SimpleData>
		<SimpleData name="ClosestAlternateRoutes">adjacent footpath</SimpleData>
		<SimpleData name="Photo">ST-98-1.jpg</SimpleData>
	</SchemaData></ExtendedData>
      <Point><coordinates>151.213684898114,-33.8654166139781,0</coordinates></Point>
  </Placemark>
  <Placemark>
	<name>Pirrama Road Stairs 3a</name>
	<ExtendedData><SchemaData schemaUrl="#Stairs">
		<SimpleData name="OBJECTID">38</SimpleData>
		<SimpleData name="ID">ST-99</SimpleData>
		<SimpleData name="Address">Pirrama Road</SimpleData>
		<SimpleData name="Suburb">Pyrmont</SimpleData>
		<SimpleData name="No_Steps">57</SimpleData>
		<SimpleData name="HandRails">Yes</SimpleData>
		<SimpleData name="TGSI">No</SimpleData>
		<SimpleData name="StairNosingConstrastStrip">Yes</SimpleData>
		<SimpleData name="ClosestAlternateRoutes">Pirrama Road</SimpleData>
		<SimpleData name="Photo">ST-99-1.jpg</SimpleData>
	</SchemaData></ExtendedData>
      <Point><coordinates>151.194031249554,-33.8650219988203,0</coordinates></Point>
  </Placemark>
  <Placemark>
	<name>Western Escarpment Park</name>
	<ExtendedData><SchemaData schemaUrl="#Stairs">
		<SimpleData name="OBJECTID">39</SimpleData>
		<SimpleData name="ID">ST-100</SimpleData>
		<SimpleData name="Address">Distillery Drive</SimpleData>
		<SimpleData name="Suburb">Pyrmont</SimpleData>
		<SimpleData name="No_Steps">91</SimpleData>
		<SimpleData name="HandRails">Yes</SimpleData>
		<SimpleData name="TGSI">Yes</SimpleData>
		<SimpleData name="StairNosingConstrastStrip">Yes</SimpleData>
		<SimpleData name="ClosestAlternateRoutes">Tambua Street</SimpleData>
		<SimpleData name="Photo">ST-100-6.jpg</SimpleData>
	</SchemaData></ExtendedData>
      <Point><coordinates>151.18809563449,-33.8684657937126,0</coordinates></Point>
  </Placemark>
  <Placemark>
	<name>Western Escarpment Park</name>
	<ExtendedData><SchemaData schemaUrl="#Stairs">
		<SimpleData name="OBJECTID">40</SimpleData>
		<SimpleData name="ID">ST-101</SimpleData>
		<SimpleData name="Address">Bank Street</SimpleData>
		<SimpleData name="Suburb">Pyrmont</SimpleData>
		<SimpleData name="No_Steps">72</SimpleData>
		<SimpleData name="HandRails">Yes</SimpleData>
		<SimpleData name="TGSI">Yes</SimpleData>
		<SimpleData name="StairNosingConstrastStrip">Yes</SimpleData>
		<SimpleData name="ClosestAlternateRoutes">Jones and John Street Reserve lift or adjacent ramp - steep slope</SimpleData>
		<SimpleData name="Photo">ST-101-6.jpg</SimpleData>
	</SchemaData></ExtendedData>
      <Point><coordinates>151.188515716679,-33.8691836900212,0</coordinates></Point>
  </Placemark>
  <Placemark>
	<name>James Watkinson Reserve</name>
	<ExtendedData><SchemaData schemaUrl="#Stairs">
		<SimpleData name="OBJECTID">41</SimpleData>
		<SimpleData name="ID">ST-102</SimpleData>
		<SimpleData name="Address">Pirrama Road</SimpleData>
		<SimpleData name="Suburb">Pyrmont</SimpleData>
		<SimpleData name="No_Steps">36</SimpleData>
		<SimpleData name="HandRails">Yes</SimpleData>
		<SimpleData name="TGSI">No</SimpleData>
		<SimpleData name="StairNosingConstrastStrip">No</SimpleData>
		<SimpleData name="ClosestAlternateRoutes">adjacent footpath</SimpleData>
		<SimpleData name="Photo">ST-102-3.jpg</SimpleData>
	</SchemaData></ExtendedData>
      <Point><coordinates>151.193904199947,-33.8659677487205,0</coordinates></Point>
  </Placemark>
  <Placemark>
	<name>Mount Street Steps</name>
	<ExtendedData><SchemaData schemaUrl="#Stairs">
		<SimpleData name="OBJECTID">42</SimpleData>
		<SimpleData name="ID">ST190</SimpleData>
		<SimpleData name="Address">Mount Street</SimpleData>
		<SimpleData name="Suburb">Pyrmont</SimpleData>
		<SimpleData name="No_Steps">61</SimpleData>
		<SimpleData name="HandRails">Yes</SimpleData>
		<SimpleData name="TGSI">No</SimpleData>
		<SimpleData name="StairNosingConstrastStrip">Yes</SimpleData>
		<SimpleData name="ClosestAlternateRoutes">Miller Street or Harris Street</SimpleData>
		<SimpleData name="Photo">ST190_001.JPG</SimpleData>
	</SchemaData></ExtendedData>
      <Point><coordinates>151.192781692672,-33.8693872033177,0</coordinates></Point>
  </Placemark>
  <Placemark>
	<name>Saunders Street Open Space and Cliff Face</name>
	<ExtendedData><SchemaData schemaUrl="#Stairs">
		<SimpleData name="OBJECTID">43</SimpleData>
		<SimpleData name="ID">ST165</SimpleData>
		<SimpleData name="Address">Quarry Master Drve</SimpleData>
		<SimpleData name="Suburb">Pyrmont</SimpleData>
		<SimpleData name="No_Steps">58</SimpleData>
		<SimpleData name="HandRails">Yes</SimpleData>
		<SimpleData name="TGSI">No</SimpleData>
		<SimpleData name="StairNosingConstrastStrip">Yes</SimpleData>
		<SimpleData name="ClosestAlternateRoutes">adjacent ramp</SimpleData>
		<SimpleData name="Photo">ST165_001.JPG</SimpleData>
	</SchemaData></ExtendedData>
      <Point><coordinates>151.190747271306,-33.8685815786533,0</coordinates></Point>
  </Placemark>
  <Placemark>
	<name>Gilba Park</name>
	<ExtendedData><SchemaData schemaUrl="#Stairs">
		<SimpleData name="OBJECTID">44</SimpleData>
		<SimpleData name="ID">ST-105</SimpleData>
		<SimpleData name="Address">Herbert Street</SimpleData>
		<SimpleData name="Suburb">Pyrmont</SimpleData>
		<SimpleData name="No_Steps">94</SimpleData>
		<SimpleData name="HandRails">Yes</SimpleData>
		<SimpleData name="TGSI">No</SimpleData>
		<SimpleData name="StairNosingConstrastStrip">No</SimpleData>
		<SimpleData name="ClosestAlternateRoutes">Pirrama Street</SimpleData>
		<SimpleData name="Photo">ST-105-4.jpg</SimpleData>
	</SchemaData></ExtendedData>
      <Point><coordinates>151.192137184836,-33.8642090872141,0</coordinates></Point>
  </Placemark>
  <Placemark>
	<name>Woolloomooloo Gate</name>
	<ExtendedData><SchemaData schemaUrl="#Stairs">
		<SimpleData name="OBJECTID">45</SimpleData>
		<SimpleData name="ID">ST-106</SimpleData>
		<SimpleData name="Address">Mrs Macquaries Road</SimpleData>
		<SimpleData name="Suburb">Sydney</SimpleData>
		<SimpleData name="No_Steps">7</SimpleData>
		<SimpleData name="HandRails">No</SimpleData>
		<SimpleData name="TGSI">No</SimpleData>
		<SimpleData name="StairNosingConstrastStrip">No</SimpleData>
		<SimpleData name="ClosestAlternateRoutes">not applicable</SimpleData>
		<SimpleData name="Photo">ST-106-1.jpg</SimpleData>
	</SchemaData></ExtendedData>
      <Point><coordinates>151.217739136052,-33.8670740043301,0</coordinates></Point>
  </Placemark>
  <Placemark>
	<name>Palace Garden Gate Stairs 1a</name>
	<ExtendedData><SchemaData schemaUrl="#Stairs">
		<SimpleData name="OBJECTID">46</SimpleData>
		<SimpleData name="ID">ST-107</SimpleData>
		<SimpleData name="Address">The Royal Botanic Garden Sydney</SimpleData>
		<SimpleData name="Suburb">Sydney</SimpleData>
		<SimpleData name="No_Steps">12</SimpleData>
		<SimpleData name="HandRails">No</SimpleData>
		<SimpleData name="TGSI">No</SimpleData>
		<SimpleData name="StairNosingConstrastStrip">No</SimpleData>
		<SimpleData name="ClosestAlternateRoutes">Conservatorium Gate entrance</SimpleData>
		<SimpleData name="Photo">ST-107-1.jpg</SimpleData>
	</SchemaData></ExtendedData>
      <Point><coordinates>151.21291160059,-33.8645895492616,0</coordinates></Point>
  </Placemark>
  <Placemark>
	<name>Pirrama Road Stairs 2a</name>
	<ExtendedData><SchemaData schemaUrl="#Stairs">
		<SimpleData name="OBJECTID">47</SimpleData>
		<SimpleData name="ID">ST-108</SimpleData>
		<SimpleData name="Address">corner of Pirrama Road and Edward Street</SimpleData>
		<SimpleData name="Suburb">Pyrmont</SimpleData>
		<SimpleData name="No_Steps">50</SimpleData>
		<SimpleData name="HandRails">Yes</SimpleData>
		<SimpleData name="TGSI">No</SimpleData>
		<SimpleData name="StairNosingConstrastStrip">No</SimpleData>
		<SimpleData name="ClosestAlternateRoutes">Edward Street or Pirrama Road</SimpleData>
		<SimpleData name="Photo">ST-108-2.jpg</SimpleData>
	</SchemaData></ExtendedData>
      <Point><coordinates>151.196477474043,-33.8686388137347,0</coordinates></Point>
  </Placemark>
  <Placemark>
	<name>Edward Street Stairs 2a</name>
	<ExtendedData><SchemaData schemaUrl="#Stairs">
		<SimpleData name="OBJECTID">48</SimpleData>
		<SimpleData name="ID">ST-109</SimpleData>
		<SimpleData name="Address">Edward Street</SimpleData>
		<SimpleData name="Suburb">Pyrmont</SimpleData>
		<SimpleData name="No_Steps">24</SimpleData>
		<SimpleData name="HandRails">Yes</SimpleData>
		<SimpleData name="TGSI">No</SimpleData>
		<SimpleData name="StairNosingConstrastStrip">No</SimpleData>
		<SimpleData name="ClosestAlternateRoutes">Edward Street and Pirrama Road</SimpleData>
		<SimpleData name="Photo">ST-109-1.jpg</SimpleData>
	</SchemaData></ExtendedData>
      <Point><coordinates>151.196367100105,-33.8690840492833,0</coordinates></Point>
  </Placemark>
  <Placemark>
	<name>Town Hall Square </name>
	<ExtendedData><SchemaData schemaUrl="#Stairs">
		<SimpleData name="OBJECTID">49</SimpleData>
		<SimpleData name="ID">ST-110</SimpleData>
		<SimpleData name="Address">Bathhurst Street</SimpleData>
		<SimpleData name="Suburb">Sydney</SimpleData>
		<SimpleData name="No_Steps">17</SimpleData>
		<SimpleData name="HandRails">Yes</SimpleData>
		<SimpleData name="TGSI">No</SimpleData>
		<SimpleData name="StairNosingConstrastStrip">Yes</SimpleData>
		<SimpleData name="ClosestAlternateRoutes">Bathhurst Street</SimpleData>
		<SimpleData name="Photo">ST-110-1.jpg</SimpleData>
	</SchemaData></ExtendedData>
      <Point><coordinates>151.205905749786,-33.8741148992711,0</coordinates></Point>
  </Placemark>
  <Placemark>
	<name>Sydney Opera House</name>
	<ExtendedData><SchemaData schemaUrl="#Stairs">
		<SimpleData name="OBJECTID">50</SimpleData>
		<SimpleData name="ID">ST-111</SimpleData>
		<SimpleData name="Address">Sydney Opera House Forecourt</SimpleData>
		<SimpleData name="Suburb">Sydney</SimpleData>
		<SimpleData name="No_Steps">42</SimpleData>
		<SimpleData name="HandRails">Yes</SimpleData>
		<SimpleData name="TGSI">No</SimpleData>
		<SimpleData name="StairNosingConstrastStrip">No</SimpleData>
		<SimpleData name="ClosestAlternateRoutes">internal lift at main entrance </SimpleData>
		<SimpleData name="Photo">No photo</SimpleData>
	</SchemaData></ExtendedData>
      <Point><coordinates>151.215221899746,-33.8579929487491,0</coordinates></Point>
  </Placemark>
  <Placemark>
	<name>Sydney Opera House</name>
	<ExtendedData><SchemaData schemaUrl="#Stairs">
		<SimpleData name="OBJECTID">51</SimpleData>
		<SimpleData name="ID">ST-112</SimpleData>
		<SimpleData name="Address">Sydney Opera House Forecourt</SimpleData>
		<SimpleData name="Suburb">Sydney</SimpleData>
		<SimpleData name="No_Steps">50</SimpleData>
		<SimpleData name="HandRails">Yes</SimpleData>
		<SimpleData name="TGSI">Yes</SimpleData>
		<SimpleData name="StairNosingConstrastStrip">No</SimpleData>
		<SimpleData name="ClosestAlternateRoutes">Macquarie Street</SimpleData>
		<SimpleData name="Photo">No photo</SimpleData>
	</SchemaData></ExtendedData>
      <Point><coordinates>151.214883050504,-33.8579273494374,0</coordinates></Point>
  </Placemark>
  <Placemark>
	<name>Sydney Opera House</name>
	<ExtendedData><SchemaData schemaUrl="#Stairs">
		<SimpleData name="OBJECTID">52</SimpleData>
		<SimpleData name="ID">ST-113</SimpleData>
		<SimpleData name="Address">Sydney Opera House Forecourt</SimpleData>
		<SimpleData name="Suburb">Sydney</SimpleData>
		<SimpleData name="No_Steps">48</SimpleData>
		<SimpleData name="HandRails">Yes</SimpleData>
		<SimpleData name="TGSI">No</SimpleData>
		<SimpleData name="StairNosingConstrastStrip">No</SimpleData>
		<SimpleData name="ClosestAlternateRoutes">lift located at main entrance to Sydney Opera House</SimpleData>
		<SimpleData name="Photo">No photo</SimpleData>
	</SchemaData></ExtendedData>
      <Point><coordinates>151.214455649176,-33.8578446991103,0</coordinates></Point>
  </Placemark>
  <Placemark>
	<name>Town Hall Station</name>
	<ExtendedData><SchemaData schemaUrl="#Stairs">
		<SimpleData name="OBJECTID">53</SimpleData>
		<SimpleData name="ID">ST-114</SimpleData>
		<SimpleData name="Address">George Street </SimpleData>
		<SimpleData name="Suburb">Sydney</SimpleData>
		<SimpleData name="No_Steps">34</SimpleData>
		<SimpleData name="HandRails">Yes</SimpleData>
		<SimpleData name="TGSI">Yes</SimpleData>
		<SimpleData name="StairNosingConstrastStrip">Yes</SimpleData>
		<SimpleData name="ClosestAlternateRoutes">station lift</SimpleData>
		<SimpleData name="Photo">ST-114-2.jpg</SimpleData>
	</SchemaData></ExtendedData>
      <Point><coordinates>151.206996403767,-33.8741762304021,0</coordinates></Point>
  </Placemark>
  <Placemark>
	<name>Girra Girra Steps</name>
	<ExtendedData><SchemaData schemaUrl="#Stairs">
		<SimpleData name="OBJECTID">54</SimpleData>
		<SimpleData name="ID">ST-115</SimpleData>
		<SimpleData name="Address">Barangaroo Reserve</SimpleData>
		<SimpleData name="Suburb">Barangaroo</SimpleData>
		<SimpleData name="No_Steps">36</SimpleData>
		<SimpleData name="HandRails">Yes</SimpleData>
		<SimpleData name="TGSI">No</SimpleData>
		<SimpleData name="StairNosingConstrastStrip">No</SimpleData>
		<SimpleData name="ClosestAlternateRoutes">adjacent path</SimpleData>
		<SimpleData name="Photo">ST-115-1.jpg</SimpleData>
	</SchemaData></ExtendedData>
      <Point><coordinates>151.201521879124,-33.8584540110353,0</coordinates></Point>
  </Placemark>
  <Placemark>
	<name>Barangaroo </name>
	<ExtendedData><SchemaData schemaUrl="#Stairs">
		<SimpleData name="OBJECTID">55</SimpleData>
		<SimpleData name="ID">ST-116</SimpleData>
		<SimpleData name="Address">Barangaroo Reserve</SimpleData>
		<SimpleData name="Suburb">Barangaroo</SimpleData>
		<SimpleData name="No_Steps">10</SimpleData>
		<SimpleData name="HandRails">Yes</SimpleData>
		<SimpleData name="TGSI">No</SimpleData>
		<SimpleData name="StairNosingConstrastStrip">No</SimpleData>
		<SimpleData name="ClosestAlternateRoutes">Towns Place </SimpleData>
		<SimpleData name="Photo">ST-116-1.jpg</SimpleData>
	</SchemaData></ExtendedData>
      <Point><coordinates>151.2015324574,-33.856576578478,0</coordinates></Point>
  </Placemark>
  <Placemark>
	<name>Leichhardt Street Stairs</name>
	<ExtendedData><SchemaData schemaUrl="#Stairs">
		<SimpleData name="OBJECTID">56</SimpleData>
		<SimpleData name="ID">ST046</SimpleData>
		<SimpleData name="Address">between Leichhardt Street and Stewart Street</SimpleData>
		<SimpleData name="Suburb">Glebe</SimpleData>
		<SimpleData name="No_Steps">11</SimpleData>
		<SimpleData name="HandRails">Yes</SimpleData>
		<SimpleData name="TGSI">No</SimpleData>
		<SimpleData name="StairNosingConstrastStrip">No</SimpleData>
		<SimpleData name="ClosestAlternateRoutes">Stewart Street </SimpleData>
		<SimpleData name="Photo">ST046_001.JPG</SimpleData>
	</SchemaData></ExtendedData>
      <Point><coordinates>151.183998123488,-33.8730450798475,0</coordinates></Point>
  </Placemark>
  <Placemark>
	<name>Circular Quay Station</name>
	<ExtendedData><SchemaData schemaUrl="#Stairs">
		<SimpleData name="OBJECTID">57</SimpleData>
		<SimpleData name="ID">ST-119</SimpleData>
		<SimpleData name="Address">Circular Quay </SimpleData>
		<SimpleData name="Suburb">Sydney</SimpleData>
		<SimpleData name="No_Steps">50</SimpleData>
		<SimpleData name="HandRails">Yes</SimpleData>
		<SimpleData name="TGSI">Yes</SimpleData>
		<SimpleData name="StairNosingConstrastStrip">Yes</SimpleData>
		<SimpleData name="ClosestAlternateRoutes">station lift</SimpleData>
		<SimpleData name="Photo">ST-119-3.jpg</SimpleData>
	</SchemaData></ExtendedData>
      <Point><coordinates>151.210749400265,-33.8613182496626,0</coordinates></Point>
  </Placemark>
  <Placemark>
	<name>Circular Quay Station</name>
	<ExtendedData><SchemaData schemaUrl="#Stairs">
		<SimpleData name="OBJECTID">58</SimpleData>
		<SimpleData name="ID">ST-120</SimpleData>
		<SimpleData name="Address">Circular Quay </SimpleData>
		<SimpleData name="Suburb">Sydney</SimpleData>
		<SimpleData name="No_Steps">50</SimpleData>
		<SimpleData name="HandRails">Yes</SimpleData>
		<SimpleData name="TGSI">Yes</SimpleData>
		<SimpleData name="StairNosingConstrastStrip">Yes</SimpleData>
		<SimpleData name="ClosestAlternateRoutes">station lift</SimpleData>
		<SimpleData name="Photo">ST-120-3.jpg</SimpleData>
	</SchemaData></ExtendedData>
      <Point><coordinates>151.210581850527,-33.861303249012,0</coordinates></Point>
  </Placemark>
  <Placemark>
	<name>Wynyard Station </name>
	<ExtendedData><SchemaData schemaUrl="#Stairs">
		<SimpleData name="OBJECTID">59</SimpleData>
		<SimpleData name="ID">ST-121</SimpleData>
		<SimpleData name="Address">Carrington Street</SimpleData>
		<SimpleData name="Suburb">Sydney</SimpleData>
		<SimpleData name="No_Steps">7</SimpleData>
		<SimpleData name="HandRails">Yes</SimpleData>
		<SimpleData name="TGSI">No</SimpleData>
		<SimpleData name="StairNosingConstrastStrip">Yes</SimpleData>
		<SimpleData name="ClosestAlternateRoutes">York Street</SimpleData>
		<SimpleData name="Photo">ST-121-1.jpg</SimpleData>
	</SchemaData></ExtendedData>
      <Point><coordinates>151.206238599766,-33.8656079491795,0</coordinates></Point>
  </Placemark>
  <Placemark>
	<name>Wynyard Park</name>
	<ExtendedData><SchemaData schemaUrl="#Stairs">
		<SimpleData name="OBJECTID">60</SimpleData>
		<SimpleData name="ID">ST-122</SimpleData>
		<SimpleData name="Address">York Street</SimpleData>
		<SimpleData name="Suburb">Sydney</SimpleData>
		<SimpleData name="No_Steps">18</SimpleData>
		<SimpleData name="HandRails">Yes</SimpleData>
		<SimpleData name="TGSI">No</SimpleData>
		<SimpleData name="StairNosingConstrastStrip">Yes</SimpleData>
		<SimpleData name="ClosestAlternateRoutes">York Street</SimpleData>
		<SimpleData name="Photo">ST-122-1.jpg</SimpleData>
	</SchemaData></ExtendedData>
      <Point><coordinates>151.205986952107,-33.8657738978229,0</coordinates></Point>
  </Placemark>
  <Placemark>
	<name>Wynyard Park</name>
	<ExtendedData><SchemaData schemaUrl="#Stairs">
		<SimpleData name="OBJECTID">61</SimpleData>
		<SimpleData name="ID">ST-123</SimpleData>
		<SimpleData name="Address">York Street</SimpleData>
		<SimpleData name="Suburb">Sydney</SimpleData>
		<SimpleData name="No_Steps">18</SimpleData>
		<SimpleData name="HandRails">Yes</SimpleData>
		<SimpleData name="TGSI">No</SimpleData>
		<SimpleData name="StairNosingConstrastStrip">Yes</SimpleData>
		<SimpleData name="ClosestAlternateRoutes">York Street</SimpleData>
		<SimpleData name="Photo">ST-123-1.jpg</SimpleData>
	</SchemaData></ExtendedData>
      <Point><coordinates>151.206000430671,-33.8656430816559,0</coordinates></Point>
  </Placemark>
  <Placemark>
	<name>Cumberland Street 2a</name>
	<ExtendedData><SchemaData schemaUrl="#Stairs">
		<SimpleData name="OBJECTID">62</SimpleData>
		<SimpleData name="ID">ST-124</SimpleData>
		<SimpleData name="Address">Cumberland Street</SimpleData>
		<SimpleData name="Suburb">The Rocks</SimpleData>
		<SimpleData name="No_Steps">5</SimpleData>
		<SimpleData name="HandRails">Yes</SimpleData>
		<SimpleData name="TGSI">Yes</SimpleData>
		<SimpleData name="StairNosingConstrastStrip">Yes</SimpleData>
		<SimpleData name="ClosestAlternateRoutes">Cumberland Street</SimpleData>
		<SimpleData name="Photo">ST-124-1.jpg</SimpleData>
	</SchemaData></ExtendedData>
      <Point><coordinates>151.206735800103,-33.8600939993446,0</coordinates></Point>
  </Placemark>
  <Placemark>
	<name>Gloucester Street Steps 1a</name>
	<ExtendedData><SchemaData schemaUrl="#Stairs">
		<SimpleData name="OBJECTID">63</SimpleData>
		<SimpleData name="ID">ST-125</SimpleData>
		<SimpleData name="Address">Gloucester Street</SimpleData>
		<SimpleData name="Suburb">The Rocks</SimpleData>
		<SimpleData name="No_Steps">11</SimpleData>
		<SimpleData name="HandRails">Yes</SimpleData>
		<SimpleData name="TGSI">No</SimpleData>
		<SimpleData name="StairNosingConstrastStrip">Yes</SimpleData>
		<SimpleData name="ClosestAlternateRoutes">Gloucester Street</SimpleData>
		<SimpleData name="Photo">ST-125-1.jpg</SimpleData>
	</SchemaData></ExtendedData>
      <Point><coordinates>151.207191299525,-33.8602364985201,0</coordinates></Point>
  </Placemark>
  <Placemark>
	<name>Cumberland Street 3a</name>
	<ExtendedData><SchemaData schemaUrl="#Stairs">
		<SimpleData name="OBJECTID">64</SimpleData>
		<SimpleData name="ID">ST-126</SimpleData>
		<SimpleData name="Address">Cumberland Street</SimpleData>
		<SimpleData name="Suburb">The Rocks</SimpleData>
		<SimpleData name="No_Steps">5</SimpleData>
		<SimpleData name="HandRails">Yes</SimpleData>
		<SimpleData name="TGSI">Yes</SimpleData>
		<SimpleData name="StairNosingConstrastStrip">Yes</SimpleData>
		<SimpleData name="ClosestAlternateRoutes">Cumberland Street</SimpleData>
		<SimpleData name="Photo">ST-126-1.jpg</SimpleData>
	</SchemaData></ExtendedData>
      <Point><coordinates>151.206751550796,-33.8600557484518,0</coordinates></Point>
  </Placemark>
  <Placemark>
	<name>Dawes Point Battery Stairs 1a</name>
	<ExtendedData><SchemaData schemaUrl="#Stairs">
		<SimpleData name="OBJECTID">65</SimpleData>
		<SimpleData name="ID">ST-127</SimpleData>
		<SimpleData name="Address">Dawes Point Park</SimpleData>
		<SimpleData name="Suburb">Dawes Point</SimpleData>
		<SimpleData name="No_Steps">18</SimpleData>
		<SimpleData name="HandRails">Yes</SimpleData>
		<SimpleData name="TGSI">No</SimpleData>
		<SimpleData name="StairNosingConstrastStrip">No</SimpleData>
		<SimpleData name="ClosestAlternateRoutes">Lower Fort Street</SimpleData>
		<SimpleData name="Photo">ST-127-1.jpg</SimpleData>
	</SchemaData></ExtendedData>
      <Point><coordinates>151.208462949668,-33.8550526489252,0</coordinates></Point>
  </Placemark>
  <Placemark>
	<name>Bathurst Street Stairs</name>
	<ExtendedData><SchemaData schemaUrl="#Stairs">
		<SimpleData name="OBJECTID">66</SimpleData>
		<SimpleData name="ID">ST-129</SimpleData>
		<SimpleData name="Address">Bathurst Street</SimpleData>
		<SimpleData name="Suburb">Sydney</SimpleData>
		<SimpleData name="No_Steps">35</SimpleData>
		<SimpleData name="HandRails">Yes</SimpleData>
		<SimpleData name="TGSI">Yes</SimpleData>
		<SimpleData name="StairNosingConstrastStrip">Yes</SimpleData>
		<SimpleData name="ClosestAlternateRoutes">Bathurst Street</SimpleData>
		<SimpleData name="Photo">ST-129-2.jpg</SimpleData>
	</SchemaData></ExtendedData>
      <Point><coordinates>151.203168149587,-33.8741260498439,0</coordinates></Point>
  </Placemark>
  <Placemark>
	<name>Circular Quay Station</name>
	<ExtendedData><SchemaData schemaUrl="#Stairs">
		<SimpleData name="OBJECTID">67</SimpleData>
		<SimpleData name="ID">ST-130</SimpleData>
		<SimpleData name="Address">Circular Quay </SimpleData>
		<SimpleData name="Suburb">Sydney</SimpleData>
		<SimpleData name="No_Steps">50</SimpleData>
		<SimpleData name="HandRails">Yes</SimpleData>
		<SimpleData name="TGSI">Yes</SimpleData>
		<SimpleData name="StairNosingConstrastStrip">Yes</SimpleData>
		<SimpleData name="ClosestAlternateRoutes">station lift</SimpleData>
		<SimpleData name="Photo">ST-130-3.jpg</SimpleData>
	</SchemaData></ExtendedData>
      <Point><coordinates>151.210738449757,-33.8613958489692,0</coordinates></Point>
  </Placemark>
  <Placemark>
	<name>Circular Quay Station</name>
	<ExtendedData><SchemaData schemaUrl="#Stairs">
		<SimpleData name="OBJECTID">68</SimpleData>
		<SimpleData name="ID">ST-131</SimpleData>
		<SimpleData name="Address">Circular Quay </SimpleData>
		<SimpleData name="Suburb">Sydney</SimpleData>
		<SimpleData name="No_Steps">50</SimpleData>
		<SimpleData name="HandRails">Yes</SimpleData>
		<SimpleData name="TGSI">Yes</SimpleData>
		<SimpleData name="StairNosingConstrastStrip">Yes</SimpleData>
		<SimpleData name="ClosestAlternateRoutes">station lift</SimpleData>
		<SimpleData name="Photo">ST-131-3.jpg</SimpleData>
	</SchemaData></ExtendedData>
      <Point><coordinates>151.210571000165,-33.8613805485728,0</coordinates></Point>
  </Placemark>
  <Placemark>
	<name>The Calyx</name>
	<ExtendedData><SchemaData schemaUrl="#Stairs">
		<SimpleData name="OBJECTID">69</SimpleData>
		<SimpleData name="ID">ST-132</SimpleData>
		<SimpleData name="Address">The Royal Botanic Garden Sydney</SimpleData>
		<SimpleData name="Suburb">Sydney</SimpleData>
		<SimpleData name="No_Steps">32</SimpleData>
		<SimpleData name="HandRails">Yes</SimpleData>
		<SimpleData name="TGSI">No</SimpleData>
		<SimpleData name="StairNosingConstrastStrip">No</SimpleData>
		<SimpleData name="ClosestAlternateRoutes">adjacent path</SimpleData>
		<SimpleData name="Photo">No photo</SimpleData>
	</SchemaData></ExtendedData>
      <Point><coordinates>151.214777300798,-33.8657488495971,0</coordinates></Point>
  </Placemark>
  <Placemark>
	<name>George Street Stairs 3a</name>
	<ExtendedData><SchemaData schemaUrl="#Stairs">
		<SimpleData name="OBJECTID">70</SimpleData>
		<SimpleData name="ID">ST-133</SimpleData>
		<SimpleData name="Address">George Street </SimpleData>
		<SimpleData name="Suburb">Sydney</SimpleData>
		<SimpleData name="No_Steps">18</SimpleData>
		<SimpleData name="HandRails">Yes</SimpleData>
		<SimpleData name="TGSI">No</SimpleData>
		<SimpleData name="StairNosingConstrastStrip">No</SimpleData>
		<SimpleData name="ClosestAlternateRoutes">George Street </SimpleData>
		<SimpleData name="Photo">ST-133-1.jpg</SimpleData>
	</SchemaData></ExtendedData>
      <Point><coordinates>151.206646753836,-33.8734908472517,0</coordinates></Point>
  </Placemark>
  <Placemark>
	<name>Abercrombie Lane Stairs</name>
	<ExtendedData><SchemaData schemaUrl="#Stairs">
		<SimpleData name="OBJECTID">71</SimpleData>
		<SimpleData name="ID">ST-134</SimpleData>
		<SimpleData name="Address">Abercrombie Lane </SimpleData>
		<SimpleData name="Suburb">Sydney</SimpleData>
		<SimpleData name="No_Steps">13</SimpleData>
		<SimpleData name="HandRails">Yes</SimpleData>
		<SimpleData name="TGSI">Yes</SimpleData>
		<SimpleData name="StairNosingConstrastStrip">Yes</SimpleData>
		<SimpleData name="ClosestAlternateRoutes">Pitt Street</SimpleData>
		<SimpleData name="Photo">ST-134-1.jpg</SimpleData>
	</SchemaData></ExtendedData>
      <Point><coordinates>151.208110499724,-33.8642601990429,0</coordinates></Point>
  </Placemark>
  <Placemark>
	<name>James Watkinson Reserve</name>
	<ExtendedData><SchemaData schemaUrl="#Stairs">
		<SimpleData name="OBJECTID">72</SimpleData>
		<SimpleData name="ID">ST-135</SimpleData>
		<SimpleData name="Address">Pirrama Road</SimpleData>
		<SimpleData name="Suburb">Pyrmont</SimpleData>
		<SimpleData name="No_Steps">26</SimpleData>
		<SimpleData name="HandRails">Yes</SimpleData>
		<SimpleData name="TGSI">No</SimpleData>
		<SimpleData name="StairNosingConstrastStrip">No</SimpleData>
		<SimpleData name="ClosestAlternateRoutes">Ways Terace and Mill Street</SimpleData>
		<SimpleData name="Photo">ST-135-5.jpg</SimpleData>
	</SchemaData></ExtendedData>
      <Point><coordinates>151.194082299767,-33.8660850489257,0</coordinates></Point>
  </Placemark>
  <Placemark>
	<name>Mission Stairs</name>
	<ExtendedData><SchemaData schemaUrl="#Stairs">
		<SimpleData name="OBJECTID">73</SimpleData>
		<SimpleData name="ID">ST-136</SimpleData>
		<SimpleData name="Address">Harrington Street</SimpleData>
		<SimpleData name="Suburb">The Rocks</SimpleData>
		<SimpleData name="No_Steps">39</SimpleData>
		<SimpleData name="HandRails">Yes</SimpleData>
		<SimpleData name="TGSI">No</SimpleData>
		<SimpleData name="StairNosingConstrastStrip">No</SimpleData>
		<SimpleData name="ClosestAlternateRoutes">Harrington Street</SimpleData>
		<SimpleData name="Photo">ST-136-1.jpg</SimpleData>
	</SchemaData></ExtendedData>
      <Point><coordinates>151.208072452246,-33.8599463800331,0</coordinates></Point>
  </Placemark>
  <Placemark>
	<name>Sydney Harbour Bridge Stairs</name>
	<ExtendedData><SchemaData schemaUrl="#Stairs">
		<SimpleData name="OBJECTID">74</SimpleData>
		<SimpleData name="ID">ST-137</SimpleData>
		<SimpleData name="Address">Upper Fort Street</SimpleData>
		<SimpleData name="Suburb">Millers Point</SimpleData>
		<SimpleData name="No_Steps">19</SimpleData>
		<SimpleData name="HandRails">Yes</SimpleData>
		<SimpleData name="TGSI">No</SimpleData>
		<SimpleData name="StairNosingConstrastStrip">No</SimpleData>
		<SimpleData name="ClosestAlternateRoutes">Upper Fort Street</SimpleData>
		<SimpleData name="Photo">ST-137-1.jpg</SimpleData>
	</SchemaData></ExtendedData>
      <Point><coordinates>151.206200750017,-33.8589002986924,0</coordinates></Point>
  </Placemark>
  <Placemark>
	<name>Distillery Drive Reserve Stairs</name>
	<ExtendedData><SchemaData schemaUrl="#Stairs">
		<SimpleData name="OBJECTID">75</SimpleData>
		<SimpleData name="ID">ST-138</SimpleData>
		<SimpleData name="Address">Distillery Drive</SimpleData>
		<SimpleData name="Suburb">Pyrmont</SimpleData>
		<SimpleData name="No_Steps">74</SimpleData>
		<SimpleData name="HandRails">Yes</SimpleData>
		<SimpleData name="TGSI">No</SimpleData>
		<SimpleData name="StairNosingConstrastStrip">Yes</SimpleData>
		<SimpleData name="ClosestAlternateRoutes">adjacent lift</SimpleData>
		<SimpleData name="Photo">ST-138-2.jpg</SimpleData>
	</SchemaData></ExtendedData>
      <Point><coordinates>151.189818400151,-33.8686213992081,0</coordinates></Point>
  </Placemark>
  <Placemark>
	<name>Martin Place Stairs 3a</name>
	<ExtendedData><SchemaData schemaUrl="#Stairs">
		<SimpleData name="OBJECTID">76</SimpleData>
		<SimpleData name="ID">ST-139</SimpleData>
		<SimpleData name="Address">between Phillip Street and Macquarie Street</SimpleData>
		<SimpleData name="Suburb">Sydney</SimpleData>
		<SimpleData name="No_Steps">10</SimpleData>
		<SimpleData name="HandRails">Yes</SimpleData>
		<SimpleData name="TGSI">No</SimpleData>
		<SimpleData name="StairNosingConstrastStrip">No</SimpleData>
		<SimpleData name="ClosestAlternateRoutes">adjacent ramp</SimpleData>
		<SimpleData name="Photo">No photo</SimpleData>
	</SchemaData></ExtendedData>
      <Point><coordinates>151.211692643788,-33.8679517431634,0</coordinates></Point>
  </Placemark>
  <Placemark>
	<name>Kent Street Stairs</name>
	<ExtendedData><SchemaData schemaUrl="#Stairs">
		<SimpleData name="OBJECTID">77</SimpleData>
		<SimpleData name="ID">ST-140</SimpleData>
		<SimpleData name="Address">Kent Street</SimpleData>
		<SimpleData name="Suburb">Sydney</SimpleData>
		<SimpleData name="No_Steps">14</SimpleData>
		<SimpleData name="HandRails">Yes</SimpleData>
		<SimpleData name="TGSI">Yes</SimpleData>
		<SimpleData name="StairNosingConstrastStrip">Yes</SimpleData>
		<SimpleData name="ClosestAlternateRoutes">Kent Street</SimpleData>
		<SimpleData name="Photo">ST-140-1.jpg</SimpleData>
	</SchemaData></ExtendedData>
      <Point><coordinates>151.203793674934,-33.8631301724635,0</coordinates></Point>
  </Placemark>
  <Placemark>
	<name>Western Distributor Gardens</name>
	<ExtendedData><SchemaData schemaUrl="#Stairs">
		<SimpleData name="OBJECTID">78</SimpleData>
		<SimpleData name="ID">ST-141</SimpleData>
		<SimpleData name="Address">Kent Street</SimpleData>
		<SimpleData name="Suburb">Sydney</SimpleData>
		<SimpleData name="No_Steps">14</SimpleData>
		<SimpleData name="HandRails">Yes</SimpleData>
		<SimpleData name="TGSI">Yes</SimpleData>
		<SimpleData name="StairNosingConstrastStrip">Yes</SimpleData>
		<SimpleData name="ClosestAlternateRoutes">Kent Street </SimpleData>
		<SimpleData name="Photo">ST-141-1.jpg</SimpleData>
	</SchemaData></ExtendedData>
      <Point><coordinates>151.204077399168,-33.8631020987693,0</coordinates></Point>
  </Placemark>
  <Placemark>
	<name>The Cliff Top Walk 2a</name>
	<ExtendedData><SchemaData schemaUrl="#Stairs">
		<SimpleData name="OBJECTID">79</SimpleData>
		<SimpleData name="ID">ST-142</SimpleData>
		<SimpleData name="Address">Potinger Street</SimpleData>
		<SimpleData name="Suburb">Dawes Point</SimpleData>
		<SimpleData name="No_Steps">2</SimpleData>
		<SimpleData name="HandRails">No</SimpleData>
		<SimpleData name="TGSI">No</SimpleData>
		<SimpleData name="StairNosingConstrastStrip">No</SimpleData>
		<SimpleData name="ClosestAlternateRoutes">Potinger Street</SimpleData>
		<SimpleData name="Photo">ST-142-1.jpg</SimpleData>
	</SchemaData></ExtendedData>
      <Point><coordinates>151.206779349848,-33.8565317993384,0</coordinates></Point>
  </Placemark>
  <Placemark>
	<name>The Cliff Top Walk 3a</name>
	<ExtendedData><SchemaData schemaUrl="#Stairs">
		<SimpleData name="OBJECTID">80</SimpleData>
		<SimpleData name="ID">ST-143</SimpleData>
		<SimpleData name="Address">Lower Fort Street</SimpleData>
		<SimpleData name="Suburb">Dawes Point</SimpleData>
		<SimpleData name="No_Steps">3</SimpleData>
		<SimpleData name="HandRails">No</SimpleData>
		<SimpleData name="TGSI">No</SimpleData>
		<SimpleData name="StairNosingConstrastStrip">No</SimpleData>
		<SimpleData name="ClosestAlternateRoutes">Lower Fort Street</SimpleData>
		<SimpleData name="Photo">ST-143-1.jpg</SimpleData>
	</SchemaData></ExtendedData>
      <Point><coordinates>151.20680370038,-33.8565198493819,0</coordinates></Point>
  </Placemark>
  <Placemark>
	<name>The Cliff Top Walk 1a</name>
	<ExtendedData><SchemaData schemaUrl="#Stairs">
		<SimpleData name="OBJECTID">81</SimpleData>
		<SimpleData name="ID">ST012</SimpleData>
		<SimpleData name="Address">Pottinger Street</SimpleData>
		<SimpleData name="Suburb">Dawes Point</SimpleData>
		<SimpleData name="No_Steps">45</SimpleData>
		<SimpleData name="HandRails">Yes</SimpleData>
		<SimpleData name="TGSI">No</SimpleData>
		<SimpleData name="StairNosingConstrastStrip">No</SimpleData>
		<SimpleData name="ClosestAlternateRoutes">Potinger Street</SimpleData>
		<SimpleData name="Photo">ST012_001.JPG</SimpleData>
	</SchemaData></ExtendedData>
      <Point><coordinates>151.206731291131,-33.8565131354365,0</coordinates></Point>
  </Placemark>
  <Placemark>
	<name>Burrawang Stairs</name>
	<ExtendedData><SchemaData schemaUrl="#Stairs">
		<SimpleData name="OBJECTID">82</SimpleData>
		<SimpleData name="ID">ST-147</SimpleData>
		<SimpleData name="Address">Barangaroo Reserve</SimpleData>
		<SimpleData name="Suburb">Barangaroo</SimpleData>
		<SimpleData name="No_Steps">82</SimpleData>
		<SimpleData name="HandRails">Yes</SimpleData>
		<SimpleData name="TGSI">No</SimpleData>
		<SimpleData name="StairNosingConstrastStrip">No</SimpleData>
		<SimpleData name="ClosestAlternateRoutes">Merriman Street. Alternative stairs throughout park. Lift at south-west corner of park</SimpleData>
		<SimpleData name="Photo">ST-147-2.jpg</SimpleData>
	</SchemaData></ExtendedData>
      <Point><coordinates>151.200481495572,-33.8578726873995,0</coordinates></Point>
  </Placemark>
  <Placemark>
	<name>Nawi Cove Steps</name>
	<ExtendedData><SchemaData schemaUrl="#Stairs">
		<SimpleData name="OBJECTID">83</SimpleData>
		<SimpleData name="ID">ST-148</SimpleData>
		<SimpleData name="Address">Nawi Cove </SimpleData>
		<SimpleData name="Suburb">Barangaroo</SimpleData>
		<SimpleData name="No_Steps">3</SimpleData>
		<SimpleData name="HandRails">Yes</SimpleData>
		<SimpleData name="TGSI">No</SimpleData>
		<SimpleData name="StairNosingConstrastStrip">No</SimpleData>
		<SimpleData name="ClosestAlternateRoutes">Merriman Street. Alternative stairs throughout park. Lift at south-west corner of park</SimpleData>
		<SimpleData name="Photo">ST-148-1.jpg</SimpleData>
	</SchemaData></ExtendedData>
      <Point><coordinates>151.200538850283,-33.85732489916,0</coordinates></Point>
  </Placemark>
  <Placemark>
	<name>Barangaroo </name>
	<ExtendedData><SchemaData schemaUrl="#Stairs">
		<SimpleData name="OBJECTID">84</SimpleData>
		<SimpleData name="ID">ST-149</SimpleData>
		<SimpleData name="Address">Barangaroo Reserve</SimpleData>
		<SimpleData name="Suburb">Barangaroo</SimpleData>
		<SimpleData name="No_Steps">3</SimpleData>
		<SimpleData name="HandRails">Yes</SimpleData>
		<SimpleData name="TGSI">No</SimpleData>
		<SimpleData name="StairNosingConstrastStrip">No</SimpleData>
		<SimpleData name="ClosestAlternateRoutes">Merriman Street. Alternative stairs throughout park. Lift at south-west corner of park</SimpleData>
		<SimpleData name="Photo">ST-149-1.jpg</SimpleData>
	</SchemaData></ExtendedData>
      <Point><coordinates>151.200492450141,-33.8562268490407,0</coordinates></Point>
  </Placemark>
  <Placemark>
	<name>Barangaroo </name>
	<ExtendedData><SchemaData schemaUrl="#Stairs">
		<SimpleData name="OBJECTID">85</SimpleData>
		<SimpleData name="ID">ST-150</SimpleData>
		<SimpleData name="Address">Barangaroo Reserve</SimpleData>
		<SimpleData name="Suburb">Barangaroo</SimpleData>
		<SimpleData name="No_Steps">3</SimpleData>
		<SimpleData name="HandRails">Yes</SimpleData>
		<SimpleData name="TGSI">No</SimpleData>
		<SimpleData name="StairNosingConstrastStrip">No</SimpleData>
		<SimpleData name="ClosestAlternateRoutes">Hickson Road</SimpleData>
		<SimpleData name="Photo">ST-150-1.jpg</SimpleData>
	</SchemaData></ExtendedData>
      <Point><coordinates>151.202117099447,-33.8560909993631,0</coordinates></Point>
  </Placemark>
  <Placemark>
	<name>Sydney Harbour Bridge Stairs</name>
	<ExtendedData><SchemaData schemaUrl="#Stairs">
		<SimpleData name="OBJECTID">86</SimpleData>
		<SimpleData name="ID">ST-151</SimpleData>
		<SimpleData name="Address">Upper Fort Street</SimpleData>
		<SimpleData name="Suburb">Millers Point</SimpleData>
		<SimpleData name="No_Steps">42</SimpleData>
		<SimpleData name="HandRails">Yes</SimpleData>
		<SimpleData name="TGSI">No</SimpleData>
		<SimpleData name="StairNosingConstrastStrip">No</SimpleData>
		<SimpleData name="ClosestAlternateRoutes">Upper Fort Street</SimpleData>
		<SimpleData name="Photo">ST-151-2.jpg</SimpleData>
	</SchemaData></ExtendedData>
      <Point><coordinates>151.20619575038,-33.8588886989213,0</coordinates></Point>
  </Placemark>
  <Placemark>
	<name>Hickson Road Stairs 2a</name>
	<ExtendedData><SchemaData schemaUrl="#Stairs">
		<SimpleData name="OBJECTID">87</SimpleData>
		<SimpleData name="ID">ST-152</SimpleData>
		<SimpleData name="Address">Hickson Road </SimpleData>
		<SimpleData name="Suburb">Sydney</SimpleData>
		<SimpleData name="No_Steps">33</SimpleData>
		<SimpleData name="HandRails">Yes</SimpleData>
		<SimpleData name="TGSI">Yes</SimpleData>
		<SimpleData name="StairNosingConstrastStrip">Yes</SimpleData>
		<SimpleData name="ClosestAlternateRoutes">Kent Street </SimpleData>
		<SimpleData name="Photo">ST-152-1.jpg</SimpleData>
	</SchemaData></ExtendedData>
      <Point><coordinates>151.203566299319,-33.8658513989084,0</coordinates></Point>
  </Placemark>
  <Placemark>
	<name>Napoleon Bridge Stairs</name>
	<ExtendedData><SchemaData schemaUrl="#Stairs">
		<SimpleData name="OBJECTID">88</SimpleData>
		<SimpleData name="ID">ST-153</SimpleData>
		<SimpleData name="Address">corner of Napoleon Street and Sussex Street</SimpleData>
		<SimpleData name="Suburb">Sydney</SimpleData>
		<SimpleData name="No_Steps">32</SimpleData>
		<SimpleData name="HandRails">Yes</SimpleData>
		<SimpleData name="TGSI">Yes</SimpleData>
		<SimpleData name="StairNosingConstrastStrip">Yes</SimpleData>
		<SimpleData name="ClosestAlternateRoutes">Napoleon Street</SimpleData>
		<SimpleData name="Photo">ST-153-1.jpg</SimpleData>
	</SchemaData></ExtendedData>
      <Point><coordinates>151.2033049136,-33.8644870251561,0</coordinates></Point>
  </Placemark>
  <Placemark>
	<name>Sussex Street Stairs</name>
	<ExtendedData><SchemaData schemaUrl="#Stairs">
		<SimpleData name="OBJECTID">89</SimpleData>
		<SimpleData name="ID">ST-154</SimpleData>
		<SimpleData name="Address">Sussex Street</SimpleData>
		<SimpleData name="Suburb">Barangaroo</SimpleData>
		<SimpleData name="No_Steps">34</SimpleData>
		<SimpleData name="HandRails">Yes</SimpleData>
		<SimpleData name="TGSI">Yes</SimpleData>
		<SimpleData name="StairNosingConstrastStrip">Yes</SimpleData>
		<SimpleData name="ClosestAlternateRoutes">adjacent lift and escalator</SimpleData>
		<SimpleData name="Photo">ST-154-1.jpg</SimpleData>
	</SchemaData></ExtendedData>
      <Point><coordinates>151.202786149823,-33.864398249568,0</coordinates></Point>
  </Placemark>
  <Placemark>
	<name>Herb Garden Steps</name>
	<ExtendedData><SchemaData schemaUrl="#Stairs">
		<SimpleData name="OBJECTID">90</SimpleData>
		<SimpleData name="ID">ST-155</SimpleData>
		<SimpleData name="Address">The Royal Botanic Garden Sydney</SimpleData>
		<SimpleData name="Suburb">Sydney</SimpleData>
		<SimpleData name="No_Steps">8</SimpleData>
		<SimpleData name="HandRails">No</SimpleData>
		<SimpleData name="TGSI">No</SimpleData>
		<SimpleData name="StairNosingConstrastStrip">No</SimpleData>
		<SimpleData name="ClosestAlternateRoutes">Conservatorium Road</SimpleData>
		<SimpleData name="Photo">ST-155-1.jpg</SimpleData>
	</SchemaData></ExtendedData>
      <Point><coordinates>151.215199800167,-33.8643431493293,0</coordinates></Point>
  </Placemark>
  <Placemark>
	<name>Western Distributor Footbridge</name>
	<ExtendedData><SchemaData schemaUrl="#Stairs">
		<SimpleData name="OBJECTID">91</SimpleData>
		<SimpleData name="ID">ST-156</SimpleData>
		<SimpleData name="Address">Murray Street</SimpleData>
		<SimpleData name="Suburb">Pyrmont</SimpleData>
		<SimpleData name="No_Steps">26</SimpleData>
		<SimpleData name="HandRails">Yes</SimpleData>
		<SimpleData name="TGSI">No</SimpleData>
		<SimpleData name="StairNosingConstrastStrip">No</SimpleData>
		<SimpleData name="ClosestAlternateRoutes">Murray Street</SimpleData>
		<SimpleData name="Photo">ST-156-1.jpg</SimpleData>
	</SchemaData></ExtendedData>
      <Point><coordinates>151.197107950286,-33.8729345592747,0</coordinates></Point>
  </Placemark>
  <Placemark>
	<name>Carpark Stairs</name>
	<ExtendedData><SchemaData schemaUrl="#Stairs">
		<SimpleData name="OBJECTID">92</SimpleData>
		<SimpleData name="ID">ST-157</SimpleData>
		<SimpleData name="Address">Pyrmont Street</SimpleData>
		<SimpleData name="Suburb">Sydney</SimpleData>
		<SimpleData name="No_Steps">28</SimpleData>
		<SimpleData name="HandRails">Yes</SimpleData>
		<SimpleData name="TGSI">No</SimpleData>
		<SimpleData name="StairNosingConstrastStrip">No</SimpleData>
		<SimpleData name="ClosestAlternateRoutes">Pyrmont Street</SimpleData>
		<SimpleData name="Photo">ST-157-3.jpg</SimpleData>
	</SchemaData></ExtendedData>
      <Point><coordinates>151.1974257147,-33.8734848177315,0</coordinates></Point>
  </Placemark>
  <Placemark>
	<name>York Lane Stairs and Ramp</name>
	<ExtendedData><SchemaData schemaUrl="#Stairs">
		<SimpleData name="OBJECTID">93</SimpleData>
		<SimpleData name="ID">ST-158</SimpleData>
		<SimpleData name="Address">York Lane </SimpleData>
		<SimpleData name="Suburb">Sydney</SimpleData>
		<SimpleData name="No_Steps">5</SimpleData>
		<SimpleData name="HandRails">Yes</SimpleData>
		<SimpleData name="TGSI">Yes</SimpleData>
		<SimpleData name="StairNosingConstrastStrip">Yes</SimpleData>
		<SimpleData name="ClosestAlternateRoutes">York Lane or Clarence Street</SimpleData>
		<SimpleData name="Photo">ST-158-2.jpg</SimpleData>
	</SchemaData></ExtendedData>
      <Point><coordinates>151.205061999421,-33.8655307484654,0</coordinates></Point>
  </Placemark>
  <Placemark>
	<name>York Lane Stairs</name>
	<ExtendedData><SchemaData schemaUrl="#Stairs">
		<SimpleData name="OBJECTID">94</SimpleData>
		<SimpleData name="ID">ST-159</SimpleData>
		<SimpleData name="Address">York Lane </SimpleData>
		<SimpleData name="Suburb">Sydney</SimpleData>
		<SimpleData name="No_Steps">5</SimpleData>
		<SimpleData name="HandRails">Yes</SimpleData>
		<SimpleData name="TGSI">Yes</SimpleData>
		<SimpleData name="StairNosingConstrastStrip">Yes</SimpleData>
		<SimpleData name="ClosestAlternateRoutes">York Lane or Clarence Street</SimpleData>
		<SimpleData name="Photo">ST-159-1.jpg</SimpleData>
	</SchemaData></ExtendedData>
      <Point><coordinates>151.205042902436,-33.8655069284683,0</coordinates></Point>
  </Placemark>
  <Placemark>
	<name>Glebe Light Rail Stop access steps from Bridge Road</name>
	<ExtendedData><SchemaData schemaUrl="#Stairs">
		<SimpleData name="OBJECTID">95</SimpleData>
		<SimpleData name="ID">ST-160</SimpleData>
		<SimpleData name="Address">Bridge Road</SimpleData>
		<SimpleData name="Suburb">Glebe</SimpleData>
		<SimpleData name="No_Steps">30</SimpleData>
		<SimpleData name="HandRails">Yes</SimpleData>
		<SimpleData name="TGSI">Yes</SimpleData>
		<SimpleData name="StairNosingConstrastStrip">Yes</SimpleData>
		<SimpleData name="ClosestAlternateRoutes">Bridge Road</SimpleData>
		<SimpleData name="Photo">ST-160-1.jpg</SimpleData>
	</SchemaData></ExtendedData>
      <Point><coordinates>151.187914855939,-33.8772872458844,0</coordinates></Point>
  </Placemark>
  <Placemark>
	<name>Ian Thorpe Aquatic Centre</name>
	<ExtendedData><SchemaData schemaUrl="#Stairs">
		<SimpleData name="OBJECTID">96</SimpleData>
		<SimpleData name="ID">ST-161</SimpleData>
		<SimpleData name="Address">Pyrmont Street</SimpleData>
		<SimpleData name="Suburb">Ultimo</SimpleData>
		<SimpleData name="No_Steps">46</SimpleData>
		<SimpleData name="HandRails">Yes</SimpleData>
		<SimpleData name="TGSI">Yes</SimpleData>
		<SimpleData name="StairNosingConstrastStrip">Yes</SimpleData>
		<SimpleData name="ClosestAlternateRoutes">Harris street</SimpleData>
		<SimpleData name="Photo">ST-161-1.jpg</SimpleData>
	</SchemaData></ExtendedData>
      <Point><coordinates>151.199066999874,-33.8768425495031,0</coordinates></Point>
  </Placemark>
  <Placemark>
	<name>Taragon Central Plaza</name>
	<ExtendedData><SchemaData schemaUrl="#Stairs">
		<SimpleData name="OBJECTID">97</SimpleData>
		<SimpleData name="ID">ST-162</SimpleData>
		<SimpleData name="Address">Harris Street</SimpleData>
		<SimpleData name="Suburb">Ultimo</SimpleData>
		<SimpleData name="No_Steps">18</SimpleData>
		<SimpleData name="HandRails">Yes</SimpleData>
		<SimpleData name="TGSI">Yes</SimpleData>
		<SimpleData name="StairNosingConstrastStrip">Yes</SimpleData>
		<SimpleData name="ClosestAlternateRoutes">adjacent lift</SimpleData>
		<SimpleData name="Photo">ST-162-1.jpg</SimpleData>
	</SchemaData></ExtendedData>
      <Point><coordinates>151.202013474023,-33.8833889779427,0</coordinates></Point>
  </Placemark>
  <Placemark>
	<name>Railway Square Underpass</name>
	<ExtendedData><SchemaData schemaUrl="#Stairs">
		<SimpleData name="OBJECTID">98</SimpleData>
		<SimpleData name="ID">ST-163</SimpleData>
		<SimpleData name="Address">Railway Square</SimpleData>
		<SimpleData name="Suburb">Haymarket</SimpleData>
		<SimpleData name="No_Steps">27</SimpleData>
		<SimpleData name="HandRails">Yes</SimpleData>
		<SimpleData name="TGSI">No</SimpleData>
		<SimpleData name="StairNosingConstrastStrip">No</SimpleData>
		<SimpleData name="ClosestAlternateRoutes">adjacent escalator or George Street</SimpleData>
		<SimpleData name="Photo">ST-163-2.jpg</SimpleData>
	</SchemaData></ExtendedData>
      <Point><coordinates>151.203338849484,-33.8833195993728,0</coordinates></Point>
  </Placemark>
  <Placemark>
	<name>Hollis Park</name>
	<ExtendedData><SchemaData schemaUrl="#Stairs">
		<SimpleData name="OBJECTID">99</SimpleData>
		<SimpleData name="ID">ST-164</SimpleData>
		<SimpleData name="Address">Wilson Street </SimpleData>
		<SimpleData name="Suburb">Newtown</SimpleData>
		<SimpleData name="No_Steps">6</SimpleData>
		<SimpleData name="HandRails">Yes</SimpleData>
		<SimpleData name="TGSI">No</SimpleData>
		<SimpleData name="StairNosingConstrastStrip">No</SimpleData>
		<SimpleData name="ClosestAlternateRoutes">Wilson Street</SimpleData>
		<SimpleData name="Photo">ST-164-1.jpg</SimpleData>
	</SchemaData></ExtendedData>
      <Point><coordinates>151.185845000797,-33.8950451990467,0</coordinates></Point>
  </Placemark>
  <Placemark>
	<name>Hollis Park</name>
	<ExtendedData><SchemaData schemaUrl="#Stairs">
		<SimpleData name="OBJECTID">100</SimpleData>
		<SimpleData name="ID">ST-165</SimpleData>
		<SimpleData name="Address">Wilson Street</SimpleData>
		<SimpleData name="Suburb">Newtown</SimpleData>
		<SimpleData name="No_Steps">4</SimpleData>
		<SimpleData name="HandRails">Yes</SimpleData>
		<SimpleData name="TGSI">No</SimpleData>
		<SimpleData name="StairNosingConstrastStrip">No</SimpleData>
		<SimpleData name="ClosestAlternateRoutes">Wilson Street</SimpleData>
		<SimpleData name="Photo">No photo</SimpleData>
	</SchemaData></ExtendedData>
      <Point><coordinates>151.185831349568,-33.8949977993419,0</coordinates></Point>
  </Placemark>
  <Placemark>
	<name>Hollis Park</name>
	<ExtendedData><SchemaData schemaUrl="#Stairs">
		<SimpleData name="OBJECTID">101</SimpleData>
		<SimpleData name="ID">ST-166</SimpleData>
		<SimpleData name="Address">Wilson Street </SimpleData>
		<SimpleData name="Suburb">Newtown</SimpleData>
		<SimpleData name="No_Steps">4</SimpleData>
		<SimpleData name="HandRails">No</SimpleData>
		<SimpleData name="TGSI">No</SimpleData>
		<SimpleData name="StairNosingConstrastStrip">No</SimpleData>
		<SimpleData name="ClosestAlternateRoutes">Wilson Street</SimpleData>
		<SimpleData name="Photo">ST-166-1.jpg</SimpleData>
	</SchemaData></ExtendedData>
      <Point><coordinates>151.185884099357,-33.894989199191,0</coordinates></Point>
  </Placemark>
  <Placemark>
	<name>Hollis Park</name>
	<ExtendedData><SchemaData schemaUrl="#Stairs">
		<SimpleData name="OBJECTID">102</SimpleData>
		<SimpleData name="ID">ST-167</SimpleData>
		<SimpleData name="Address">Wilson Street</SimpleData>
		<SimpleData name="Suburb">Newtown</SimpleData>
		<SimpleData name="No_Steps">1</SimpleData>
		<SimpleData name="HandRails">No</SimpleData>
		<SimpleData name="TGSI">No</SimpleData>
		<SimpleData name="StairNosingConstrastStrip">No</SimpleData>
		<SimpleData name="ClosestAlternateRoutes">Wilson Street</SimpleData>
		<SimpleData name="Photo">ST-167-1.jpg</SimpleData>
	</SchemaData></ExtendedData>
      <Point><coordinates>151.186009200024,-33.8947516987329,0</coordinates></Point>
  </Placemark>
  <Placemark>
	<name>Hollis Park</name>
	<ExtendedData><SchemaData schemaUrl="#Stairs">
		<SimpleData name="OBJECTID">103</SimpleData>
		<SimpleData name="ID">ST-168</SimpleData>
		<SimpleData name="Address">Wilson Street</SimpleData>
		<SimpleData name="Suburb">Newtown</SimpleData>
		<SimpleData name="No_Steps">10</SimpleData>
		<SimpleData name="HandRails">Yes</SimpleData>
		<SimpleData name="TGSI">No</SimpleData>
		<SimpleData name="StairNosingConstrastStrip">Yes</SimpleData>
		<SimpleData name="ClosestAlternateRoutes">Wilson Street</SimpleData>
		<SimpleData name="Photo">ST-168-1.jpg</SimpleData>
	</SchemaData></ExtendedData>
      <Point><coordinates>151.186201750171,-33.894890998667,0</coordinates></Point>
  </Placemark>
  <Placemark>
	<name>Hollis Park</name>
	<ExtendedData><SchemaData schemaUrl="#Stairs">
		<SimpleData name="OBJECTID">104</SimpleData>
		<SimpleData name="ID">ST-169</SimpleData>
		<SimpleData name="Address">Wilson Street</SimpleData>
		<SimpleData name="Suburb">Newtown</SimpleData>
		<SimpleData name="No_Steps">3</SimpleData>
		<SimpleData name="HandRails">No</SimpleData>
		<SimpleData name="TGSI">No</SimpleData>
		<SimpleData name="StairNosingConstrastStrip">Yes</SimpleData>
		<SimpleData name="ClosestAlternateRoutes">Wilson Street</SimpleData>
		<SimpleData name="Photo">ST-169-1.jpg</SimpleData>
	</SchemaData></ExtendedData>
      <Point><coordinates>151.186160050318,-33.8947810996435,0</coordinates></Point>
  </Placemark>
  <Placemark>
	<name>Hollis Park</name>
	<ExtendedData><SchemaData schemaUrl="#Stairs">
		<SimpleData name="OBJECTID">105</SimpleData>
		<SimpleData name="ID">ST-170</SimpleData>
		<SimpleData name="Address">Wilson Street</SimpleData>
		<SimpleData name="Suburb">Newtown</SimpleData>
		<SimpleData name="No_Steps">3</SimpleData>
		<SimpleData name="HandRails">No</SimpleData>
		<SimpleData name="TGSI">No</SimpleData>
		<SimpleData name="StairNosingConstrastStrip">No</SimpleData>
		<SimpleData name="ClosestAlternateRoutes">Wilson Street</SimpleData>
		<SimpleData name="Photo">ST-170-1.jpg</SimpleData>
	</SchemaData></ExtendedData>
      <Point><coordinates>151.186119450162,-33.894670899391,0</coordinates></Point>
  </Placemark>
  <Placemark>
	<name>Hollis Park</name>
	<ExtendedData><SchemaData schemaUrl="#Stairs">
		<SimpleData name="OBJECTID">106</SimpleData>
		<SimpleData name="ID">ST-171</SimpleData>
		<SimpleData name="Address">Wilson Street</SimpleData>
		<SimpleData name="Suburb">Newtown</SimpleData>
		<SimpleData name="No_Steps">2</SimpleData>
		<SimpleData name="HandRails">No</SimpleData>
		<SimpleData name="TGSI">No</SimpleData>
		<SimpleData name="StairNosingConstrastStrip">No</SimpleData>
		<SimpleData name="ClosestAlternateRoutes">Wilson Street</SimpleData>
		<SimpleData name="Photo">ST-171-1.jpg</SimpleData>
	</SchemaData></ExtendedData>
      <Point><coordinates>151.186058549387,-33.8946621492414,0</coordinates></Point>
  </Placemark>
  <Placemark>
	<name>Hollis Park</name>
	<ExtendedData><SchemaData schemaUrl="#Stairs">
		<SimpleData name="OBJECTID">107</SimpleData>
		<SimpleData name="ID">ST-172</SimpleData>
		<SimpleData name="Address">Wilson Street</SimpleData>
		<SimpleData name="Suburb">Newtown</SimpleData>
		<SimpleData name="No_Steps">2</SimpleData>
		<SimpleData name="HandRails">No</SimpleData>
		<SimpleData name="TGSI">No</SimpleData>
		<SimpleData name="StairNosingConstrastStrip">No</SimpleData>
		<SimpleData name="ClosestAlternateRoutes">Fitzroy Street </SimpleData>
		<SimpleData name="Photo">ST-172-1.jpg</SimpleData>
	</SchemaData></ExtendedData>
      <Point><coordinates>151.186162850136,-33.8946323491449,0</coordinates></Point>
  </Placemark>
  <Placemark>
	<name>Chapman Stairs</name>
	<ExtendedData><SchemaData schemaUrl="#Stairs">
		<SimpleData name="OBJECTID">108</SimpleData>
		<SimpleData name="ID">ST001</SimpleData>
		<SimpleData name="Address">Parramatta Road</SimpleData>
		<SimpleData name="Suburb">Forest Lodge</SimpleData>
		<SimpleData name="No_Steps">43</SimpleData>
		<SimpleData name="HandRails">Yes</SimpleData>
		<SimpleData name="TGSI">No</SimpleData>
		<SimpleData name="StairNosingConstrastStrip">No</SimpleData>
		<SimpleData name="ClosestAlternateRoutes">Arundel Street </SimpleData>
		<SimpleData name="Photo">ST001_001.JPG</SimpleData>
	</SchemaData></ExtendedData>
      <Point><coordinates>151.185274193304,-33.8848288480853,0</coordinates></Point>
  </Placemark>
  <Placemark>
	<name>Steps Pyrmont Bridge Stairs</name>
	<ExtendedData><SchemaData schemaUrl="#Stairs">
		<SimpleData name="OBJECTID">109</SimpleData>
		<SimpleData name="ID">ST-174</SimpleData>
		<SimpleData name="Address">Pyrmont Bridge Road</SimpleData>
		<SimpleData name="Suburb">Camperdown</SimpleData>
		<SimpleData name="No_Steps">15</SimpleData>
		<SimpleData name="HandRails">Yes</SimpleData>
		<SimpleData name="TGSI">No</SimpleData>
		<SimpleData name="StairNosingConstrastStrip">No</SimpleData>
		<SimpleData name="ClosestAlternateRoutes">Pyrmont Bridge Road</SimpleData>
		<SimpleData name="Photo">ST-174-1.jpg</SimpleData>
	</SchemaData></ExtendedData>
      <Point><coordinates>151.179910500143,-33.8838488485451,0</coordinates></Point>
  </Placemark>
  <Placemark>
	<name>Hegarty Street Stairs</name>
	<ExtendedData><SchemaData schemaUrl="#Stairs">
		<SimpleData name="OBJECTID">110</SimpleData>
		<SimpleData name="ID">ST080</SimpleData>
		<SimpleData name="Address">corner of Hegarty Street and John Lane</SimpleData>
		<SimpleData name="Suburb">Glebe</SimpleData>
		<SimpleData name="No_Steps">12</SimpleData>
		<SimpleData name="HandRails">Yes</SimpleData>
		<SimpleData name="TGSI">No</SimpleData>
		<SimpleData name="StairNosingConstrastStrip">No</SimpleData>
		<SimpleData name="ClosestAlternateRoutes">John Street </SimpleData>
		<SimpleData name="Photo">ST080_001.JPG</SimpleData>
	</SchemaData></ExtendedData>
      <Point><coordinates>151.183637132472,-33.8810553897474,0</coordinates></Point>
  </Placemark>
  <Placemark>
	<name>Parramatta Road Footbridge</name>
	<ExtendedData><SchemaData schemaUrl="#Stairs">
		<SimpleData name="OBJECTID">111</SimpleData>
		<SimpleData name="ID">ST003</SimpleData>
		<SimpleData name="Address">Parramatta Road</SimpleData>
		<SimpleData name="Suburb">Glebe</SimpleData>
		<SimpleData name="No_Steps">22</SimpleData>
		<SimpleData name="HandRails">Yes</SimpleData>
		<SimpleData name="TGSI">No</SimpleData>
		<SimpleData name="StairNosingConstrastStrip">No</SimpleData>
		<SimpleData name="ClosestAlternateRoutes">Arundel Street </SimpleData>
		<SimpleData name="Photo">ST003_001.JPG</SimpleData>
	</SchemaData></ExtendedData>
      <Point><coordinates>151.187491997347,-33.8846016211571,0</coordinates></Point>
  </Placemark>
  <Placemark>
	<name>Lyndhurst Street Stairs</name>
	<ExtendedData><SchemaData schemaUrl="#Stairs">
		<SimpleData name="OBJECTID">112</SimpleData>
		<SimpleData name="ID">ST172</SimpleData>
		<SimpleData name="Address">between Bellevue Street and Bellevue Lane</SimpleData>
		<SimpleData name="Suburb">Glebe</SimpleData>
		<SimpleData name="No_Steps">48</SimpleData>
		<SimpleData name="HandRails">Yes</SimpleData>
		<SimpleData name="TGSI">No</SimpleData>
		<SimpleData name="StairNosingConstrastStrip">No</SimpleData>
		<SimpleData name="ClosestAlternateRoutes">Wentworth Park Road</SimpleData>
		<SimpleData name="Photo">ST172_001.JPG</SimpleData>
	</SchemaData></ExtendedData>
      <Point><coordinates>151.191316008417,-33.8775054236756,0</coordinates></Point>
  </Placemark>
  <Placemark>
	<name>Victoria Park Stairs</name>
	<ExtendedData><SchemaData schemaUrl="#Stairs">
		<SimpleData name="OBJECTID">113</SimpleData>
		<SimpleData name="ID">ST-178</SimpleData>
		<SimpleData name="Address">University Avenue</SimpleData>
		<SimpleData name="Suburb">Camperdown</SimpleData>
		<SimpleData name="No_Steps">24</SimpleData>
		<SimpleData name="HandRails">Yes</SimpleData>
		<SimpleData name="TGSI">Yes</SimpleData>
		<SimpleData name="StairNosingConstrastStrip">No</SimpleData>
		<SimpleData name="ClosestAlternateRoutes">Parramatta Road entry at University Avenue</SimpleData>
		<SimpleData name="Photo">ST-178-1.jpg</SimpleData>
	</SchemaData></ExtendedData>
      <Point><coordinates>151.191668500183,-33.8856346487436,0</coordinates></Point>
  </Placemark>
  <Placemark>
	<name>Stirling Circuit Upper Stairs</name>
	<ExtendedData><SchemaData schemaUrl="#Stairs">
		<SimpleData name="OBJECTID">114</SimpleData>
		<SimpleData name="ID">ST-179</SimpleData>
		<SimpleData name="Address">Stirling Circuit</SimpleData>
		<SimpleData name="Suburb">Camperdown</SimpleData>
		<SimpleData name="No_Steps">45</SimpleData>
		<SimpleData name="HandRails">Yes</SimpleData>
		<SimpleData name="TGSI">Yes</SimpleData>
		<SimpleData name="StairNosingConstrastStrip">Yes</SimpleData>
		<SimpleData name="ClosestAlternateRoutes">Pyrmont Bridge Road</SimpleData>
		<SimpleData name="Photo">ST-179-2.jpg</SimpleData>
	</SchemaData></ExtendedData>
      <Point><coordinates>151.176517494093,-33.8841290225634,0</coordinates></Point>
  </Placemark>
  <Placemark>
	<name>Children’s Memorial Park Stairs </name>
	<ExtendedData><SchemaData schemaUrl="#Stairs">
		<SimpleData name="OBJECTID">115</SimpleData>
		<SimpleData name="ID">ST-180</SimpleData>
		<SimpleData name="Address">Orphan School Creek Reserve</SimpleData>
		<SimpleData name="Suburb">Camperdown</SimpleData>
		<SimpleData name="No_Steps">36</SimpleData>
		<SimpleData name="HandRails">Yes</SimpleData>
		<SimpleData name="TGSI">No</SimpleData>
		<SimpleData name="StairNosingConstrastStrip">No</SimpleData>
		<SimpleData name="ClosestAlternateRoutes">Wigram Road </SimpleData>
		<SimpleData name="Photo">ST-180-1.jpg</SimpleData>
	</SchemaData></ExtendedData>
      <Point><coordinates>151.176447750222,-33.8829508987137,0</coordinates></Point>
  </Placemark>
  <Placemark>
	<name>Orphan School Creek Stairs</name>
	<ExtendedData><SchemaData schemaUrl="#Stairs">
		<SimpleData name="OBJECTID">116</SimpleData>
		<SimpleData name="ID">ST-181</SimpleData>
		<SimpleData name="Address">Orphan School Creek Reserve</SimpleData>
		<SimpleData name="Suburb">Camperdown</SimpleData>
		<SimpleData name="No_Steps">12</SimpleData>
		<SimpleData name="HandRails">No</SimpleData>
		<SimpleData name="TGSI">No</SimpleData>
		<SimpleData name="StairNosingConstrastStrip">No</SimpleData>
		<SimpleData name="ClosestAlternateRoutes">Foss Street</SimpleData>
		<SimpleData name="Photo">ST-181-1.jpg</SimpleData>
	</SchemaData></ExtendedData>
      <Point><coordinates>151.179003600459,-33.8835668487459,0</coordinates></Point>
  </Placemark>
  <Placemark>
	<name>Ivy Lane Stairs</name>
	<ExtendedData><SchemaData schemaUrl="#Stairs">
		<SimpleData name="OBJECTID">117</SimpleData>
		<SimpleData name="ID">ST-182</SimpleData>
		<SimpleData name="Address">Ivy Lane</SimpleData>
		<SimpleData name="Suburb">Darlington</SimpleData>
		<SimpleData name="No_Steps">3</SimpleData>
		<SimpleData name="HandRails">Yes</SimpleData>
		<SimpleData name="TGSI">No</SimpleData>
		<SimpleData name="StairNosingConstrastStrip">No</SimpleData>
		<SimpleData name="ClosestAlternateRoutes">Abercrombie Street </SimpleData>
		<SimpleData name="Photo">ST-182-3.jpg</SimpleData>
	</SchemaData></ExtendedData>
      <Point><coordinates>151.196391616439,-33.8909509948717,0</coordinates></Point>
  </Placemark>
  <Placemark>
	<name>Minogue Crescent Stairs</name>
	<ExtendedData><SchemaData schemaUrl="#Stairs">
		<SimpleData name="OBJECTID">118</SimpleData>
		<SimpleData name="ID">ST-183</SimpleData>
		<SimpleData name="Address">Minogue Crescent </SimpleData>
		<SimpleData name="Suburb">Annandale</SimpleData>
		<SimpleData name="No_Steps">10</SimpleData>
		<SimpleData name="HandRails">No</SimpleData>
		<SimpleData name="TGSI">No</SimpleData>
		<SimpleData name="StairNosingConstrastStrip">No</SimpleData>
		<SimpleData name="ClosestAlternateRoutes">Rose Street or Nelson Street </SimpleData>
		<SimpleData name="Photo">ST-183-1.jpg</SimpleData>
	</SchemaData></ExtendedData>
      <Point><coordinates>151.176505499775,-33.8775316225904,0</coordinates></Point>
  </Placemark>
  <Placemark>
	<name>Fitzgerald Street Stairs</name>
	<ExtendedData><SchemaData schemaUrl="#Stairs">
		<SimpleData name="OBJECTID">119</SimpleData>
		<SimpleData name="ID">ST038</SimpleData>
		<SimpleData name="Address">corner of Fitzgerald Street and Rochester Street</SimpleData>
		<SimpleData name="Suburb">Newtown</SimpleData>
		<SimpleData name="No_Steps">7</SimpleData>
		<SimpleData name="HandRails">Yes</SimpleData>
		<SimpleData name="TGSI">No</SimpleData>
		<SimpleData name="StairNosingConstrastStrip">No</SimpleData>
		<SimpleData name="ClosestAlternateRoutes">Church Street and Rochester Street </SimpleData>
		<SimpleData name="Photo">ST038_001.JPG</SimpleData>
	</SchemaData></ExtendedData>
      <Point><coordinates>151.179894789372,-33.8912215916241,0</coordinates></Point>
  </Placemark>
  <Placemark>
	<name>Sydney University Village 3a</name>
	<ExtendedData><SchemaData schemaUrl="#Stairs">
		<SimpleData name="OBJECTID">120</SimpleData>
		<SimpleData name="ID">ST-185</SimpleData>
		<SimpleData name="Address">Carillon Avenue adjacent to Newtown North Primary School</SimpleData>
		<SimpleData name="Suburb">Newtown</SimpleData>
		<SimpleData name="No_Steps">9</SimpleData>
		<SimpleData name="HandRails">Yes</SimpleData>
		<SimpleData name="TGSI">Yes</SimpleData>
		<SimpleData name="StairNosingConstrastStrip">Yes</SimpleData>
		<SimpleData name="ClosestAlternateRoutes">Carillon Avenue</SimpleData>
		<SimpleData name="Photo">ST-185-1.jpg</SimpleData>
	</SchemaData></ExtendedData>
      <Point><coordinates>151.184777150156,-33.8918550993208,0</coordinates></Point>
  </Placemark>
  <Placemark>
	<name>Sydney University Village 1a</name>
	<ExtendedData><SchemaData schemaUrl="#Stairs">
		<SimpleData name="OBJECTID">121</SimpleData>
		<SimpleData name="ID">ST-186</SimpleData>
		<SimpleData name="Address">Campbell Street</SimpleData>
		<SimpleData name="Suburb">Newtown</SimpleData>
		<SimpleData name="No_Steps">18</SimpleData>
		<SimpleData name="HandRails">Yes</SimpleData>
		<SimpleData name="TGSI">Yes</SimpleData>
		<SimpleData name="StairNosingConstrastStrip">Yes</SimpleData>
		<SimpleData name="ClosestAlternateRoutes">Carillon Avenue</SimpleData>
		<SimpleData name="Photo">ST-186-1.jpg</SimpleData>
	</SchemaData></ExtendedData>
      <Point><coordinates>151.184210399545,-33.892377299266,0</coordinates></Point>
  </Placemark>
  <Placemark>
	<name>Sydney University Village 2a</name>
	<ExtendedData><SchemaData schemaUrl="#Stairs">
		<SimpleData name="OBJECTID">122</SimpleData>
		<SimpleData name="ID">ST-187</SimpleData>
		<SimpleData name="Address">Carillon Avenue</SimpleData>
		<SimpleData name="Suburb">Newtown</SimpleData>
		<SimpleData name="No_Steps">19</SimpleData>
		<SimpleData name="HandRails">Yes</SimpleData>
		<SimpleData name="TGSI">Yes</SimpleData>
		<SimpleData name="StairNosingConstrastStrip">Yes</SimpleData>
		<SimpleData name="ClosestAlternateRoutes">Carillon Avenue</SimpleData>
		<SimpleData name="Photo">ST-187-2.jpg</SimpleData>
	</SchemaData></ExtendedData>
      <Point><coordinates>151.184452600215,-33.8919391492577,0</coordinates></Point>
  </Placemark>
  <Placemark>
	<name>Sydney University</name>
	<ExtendedData><SchemaData schemaUrl="#Stairs">
		<SimpleData name="OBJECTID">123</SimpleData>
		<SimpleData name="ID">ST-188</SimpleData>
		<SimpleData name="Address">City Road</SimpleData>
		<SimpleData name="Suburb">Darlington</SimpleData>
		<SimpleData name="No_Steps">32</SimpleData>
		<SimpleData name="HandRails">Yes</SimpleData>
		<SimpleData name="TGSI">Yes</SimpleData>
		<SimpleData name="StairNosingConstrastStrip">No</SimpleData>
		<SimpleData name="ClosestAlternateRoutes">City Road</SimpleData>
		<SimpleData name="Photo">ST-188-1.jpg</SimpleData>
	</SchemaData></ExtendedData>
      <Point><coordinates>151.190908360158,-33.8891011914888,0</coordinates></Point>
  </Placemark>
  <Placemark>
	<name>Jane Foss Rusell Plaza Stairs 1a</name>
	<ExtendedData><SchemaData schemaUrl="#Stairs">
		<SimpleData name="OBJECTID">124</SimpleData>
		<SimpleData name="ID">ST-189</SimpleData>
		<SimpleData name="Address">City Road</SimpleData>
		<SimpleData name="Suburb">Darlington</SimpleData>
		<SimpleData name="No_Steps">18</SimpleData>
		<SimpleData name="HandRails">Yes</SimpleData>
		<SimpleData name="TGSI">Yes</SimpleData>
		<SimpleData name="StairNosingConstrastStrip">No</SimpleData>
		<SimpleData name="ClosestAlternateRoutes">City Road</SimpleData>
		<SimpleData name="Photo">ST-189-2.jpg</SimpleData>
	</SchemaData></ExtendedData>
      <Point><coordinates>151.19145057745,-33.8888675932024,0</coordinates></Point>
  </Placemark>
  <Placemark>
	<name>Arundel Street Stairs 3a</name>
	<ExtendedData><SchemaData schemaUrl="#Stairs">
		<SimpleData name="OBJECTID">125</SimpleData>
		<SimpleData name="ID">ST002</SimpleData>
		<SimpleData name="Address">Arundel Street</SimpleData>
		<SimpleData name="Suburb">Glebe</SimpleData>
		<SimpleData name="No_Steps">13</SimpleData>
		<SimpleData name="HandRails">Yes</SimpleData>
		<SimpleData name="TGSI">Yes</SimpleData>
		<SimpleData name="StairNosingConstrastStrip">Yes</SimpleData>
		<SimpleData name="ClosestAlternateRoutes">Parramatta Road</SimpleData>
		<SimpleData name="Photo">ST002.JPG</SimpleData>
	</SchemaData></ExtendedData>
      <Point><coordinates>151.187589529524,-33.8845807833397,0</coordinates></Point>
  </Placemark>
  <Placemark>
	<name>Darghan Street Stairs</name>
	<ExtendedData><SchemaData schemaUrl="#Stairs">
		<SimpleData name="OBJECTID">126</SimpleData>
		<SimpleData name="ID">ST171</SimpleData>
		<SimpleData name="Address">Darghan Street</SimpleData>
		<SimpleData name="Suburb">Glebe</SimpleData>
		<SimpleData name="No_Steps">38</SimpleData>
		<SimpleData name="HandRails">Yes</SimpleData>
		<SimpleData name="TGSI">No</SimpleData>
		<SimpleData name="StairNosingConstrastStrip">No</SimpleData>
		<SimpleData name="ClosestAlternateRoutes">Cardigan Street Glebe</SimpleData>
		<SimpleData name="Photo">ST171_001.JPG</SimpleData>
	</SchemaData></ExtendedData>
      <Point><coordinates>151.18943880599,-33.8767823379514,0</coordinates></Point>
  </Placemark>
  <Placemark>
	<name>Chippendale Green</name>
	<ExtendedData><SchemaData schemaUrl="#Stairs">
		<SimpleData name="OBJECTID">127</SimpleData>
		<SimpleData name="ID">ST-192</SimpleData>
		<SimpleData name="Address">O'Connor Street</SimpleData>
		<SimpleData name="Suburb">Chippendale</SimpleData>
		<SimpleData name="No_Steps">19</SimpleData>
		<SimpleData name="HandRails">Yes</SimpleData>
		<SimpleData name="TGSI">Yes</SimpleData>
		<SimpleData name="StairNosingConstrastStrip">No</SimpleData>
		<SimpleData name="ClosestAlternateRoutes">Park Lane</SimpleData>
		<SimpleData name="Photo">ST-192-1.jpg</SimpleData>
	</SchemaData></ExtendedData>
      <Point><coordinates>151.200646550302,-33.8855123998593,0</coordinates></Point>
  </Placemark>
  <Placemark>
	<name>Carriageworks</name>
	<ExtendedData><SchemaData schemaUrl="#Stairs">
		<SimpleData name="OBJECTID">128</SimpleData>
		<SimpleData name="ID">ST-193</SimpleData>
		<SimpleData name="Address">corner of Wilson Street and Codrington Street</SimpleData>
		<SimpleData name="Suburb">Eveleigh</SimpleData>
		<SimpleData name="No_Steps">20</SimpleData>
		<SimpleData name="HandRails">Yes</SimpleData>
		<SimpleData name="TGSI">Yes</SimpleData>
		<SimpleData name="StairNosingConstrastStrip">No</SimpleData>
		<SimpleData name="ClosestAlternateRoutes">ramp access available</SimpleData>
		<SimpleData name="Photo">ST-193-1.jpg</SimpleData>
	</SchemaData></ExtendedData>
      <Point><coordinates>151.192049772276,-33.8933517008551,0</coordinates></Point>
  </Placemark>
  <Placemark>
	<name>Carillon Avenue Stairs</name>
	<ExtendedData><SchemaData schemaUrl="#Stairs">
		<SimpleData name="OBJECTID">129</SimpleData>
		<SimpleData name="ID">ST-194</SimpleData>
		<SimpleData name="Address">corner of Carillon Avenue and Brown Street</SimpleData>
		<SimpleData name="Suburb">Newtown</SimpleData>
		<SimpleData name="No_Steps">7</SimpleData>
		<SimpleData name="HandRails">Yes</SimpleData>
		<SimpleData name="TGSI">No</SimpleData>
		<SimpleData name="StairNosingConstrastStrip">No</SimpleData>
		<SimpleData name="ClosestAlternateRoutes">Fitzgerald Street</SimpleData>
		<SimpleData name="Photo">ST-194-1.jpg</SimpleData>
	</SchemaData></ExtendedData>
      <Point><coordinates>151.180991199477,-33.8915257497622,0</coordinates></Point>
  </Placemark>
  <Placemark>
	<name>Alfred Road Steps</name>
	<ExtendedData><SchemaData schemaUrl="#Stairs">
		<SimpleData name="OBJECTID">130</SimpleData>
		<SimpleData name="ID">ST163</SimpleData>
		<SimpleData name="Address">corner of Minogue Crescent and Alfred Street</SimpleData>
		<SimpleData name="Suburb">Forest Lodge</SimpleData>
		<SimpleData name="No_Steps">4</SimpleData>
		<SimpleData name="HandRails">No</SimpleData>
		<SimpleData name="TGSI">No</SimpleData>
		<SimpleData name="StairNosingConstrastStrip">No</SimpleData>
		<SimpleData name="ClosestAlternateRoutes">Minogue Cresceny</SimpleData>
		<SimpleData name="Photo">ST163.JPG</SimpleData>
	</SchemaData></ExtendedData>
      <Point><coordinates>151.180025900785,-33.880774220792,0</coordinates></Point>
  </Placemark>
  <Placemark>
	<name>Rock Lane Stairs 2a</name>
	<ExtendedData><SchemaData schemaUrl="#Stairs">
		<SimpleData name="OBJECTID">131</SimpleData>
		<SimpleData name="ID">ST138</SimpleData>
		<SimpleData name="Address">between Boyce Lane and Boyce Street</SimpleData>
		<SimpleData name="Suburb">Glebe</SimpleData>
		<SimpleData name="No_Steps">28</SimpleData>
		<SimpleData name="HandRails">Yes</SimpleData>
		<SimpleData name="TGSI">Yes</SimpleData>
		<SimpleData name="StairNosingConstrastStrip">Yes</SimpleData>
		<SimpleData name="ClosestAlternateRoutes">Wigram Road </SimpleData>
		<SimpleData name="Photo">ST138_001.JPG</SimpleData>
	</SchemaData></ExtendedData>
      <Point><coordinates>151.180566709072,-33.8790623282184,0</coordinates></Point>
  </Placemark>
  <Placemark>
	<name>Burton Lane Stairs</name>
	<ExtendedData><SchemaData schemaUrl="#Stairs">
		<SimpleData name="OBJECTID">132</SimpleData>
		<SimpleData name="ID">ST162</SimpleData>
		<SimpleData name="Address">Quarry Street</SimpleData>
		<SimpleData name="Suburb">Glebe</SimpleData>
		<SimpleData name="No_Steps">8</SimpleData>
		<SimpleData name="HandRails">Yes</SimpleData>
		<SimpleData name="TGSI">No</SimpleData>
		<SimpleData name="StairNosingConstrastStrip">No</SimpleData>
		<SimpleData name="ClosestAlternateRoutes">Taylor Street</SimpleData>
		<SimpleData name="Photo">ST162_001.JPG</SimpleData>
	</SchemaData></ExtendedData>
      <Point><coordinates>151.18716925413,-33.8759493906577,0</coordinates></Point>
  </Placemark>
  <Placemark>
	<name>Arundel Street Stairs 1a</name>
	<ExtendedData><SchemaData schemaUrl="#Stairs">
		<SimpleData name="OBJECTID">133</SimpleData>
		<SimpleData name="ID">ST004</SimpleData>
		<SimpleData name="Address">Arundel Street</SimpleData>
		<SimpleData name="Suburb">Glebe</SimpleData>
		<SimpleData name="No_Steps">8</SimpleData>
		<SimpleData name="HandRails">Yes</SimpleData>
		<SimpleData name="TGSI">No</SimpleData>
		<SimpleData name="StairNosingConstrastStrip">No</SimpleData>
		<SimpleData name="ClosestAlternateRoutes">Arundel Street</SimpleData>
		<SimpleData name="Photo">ST004_001.JPG</SimpleData>
	</SchemaData></ExtendedData>
      <Point><coordinates>151.190892017219,-33.884658817196,0</coordinates></Point>
  </Placemark>
  <Placemark>
	<name>Balfour Street Park</name>
	<ExtendedData><SchemaData schemaUrl="#Stairs">
		<SimpleData name="OBJECTID">134</SimpleData>
		<SimpleData name="ID">ST-199</SimpleData>
		<SimpleData name="Address">O'Connor Street</SimpleData>
		<SimpleData name="Suburb">Chippendale</SimpleData>
		<SimpleData name="No_Steps">3</SimpleData>
		<SimpleData name="HandRails">No</SimpleData>
		<SimpleData name="TGSI">Yes</SimpleData>
		<SimpleData name="StairNosingConstrastStrip">No</SimpleData>
		<SimpleData name="ClosestAlternateRoutes">Balfour Street</SimpleData>
		<SimpleData name="Photo">ST-199-1.jpg</SimpleData>
	</SchemaData></ExtendedData>
      <Point><coordinates>151.20019573583,-33.8860749986267,0</coordinates></Point>
  </Placemark>
  <Placemark>
	<name>ANSTO Research Cyclotron Facility</name>
	<ExtendedData><SchemaData schemaUrl="#Stairs">
		<SimpleData name="OBJECTID">135</SimpleData>
		<SimpleData name="ID">ST-200</SimpleData>
		<SimpleData name="Address">Missenden Road
</SimpleData>
		<SimpleData name="Suburb">Camperdown</SimpleData>
		<SimpleData name="No_Steps">8</SimpleData>
		<SimpleData name="HandRails">Yes</SimpleData>
		<SimpleData name="TGSI">No</SimpleData>
		<SimpleData name="StairNosingConstrastStrip">No</SimpleData>
		<SimpleData name="ClosestAlternateRoutes">Spruson Street</SimpleData>
		<SimpleData name="Photo">ST-200-1.jpg</SimpleData>
	</SchemaData></ExtendedData>
      <Point><coordinates>151.180973400346,-33.8893691484852,0</coordinates></Point>
  </Placemark>
  <Placemark>
	<name>Railway Square YHA Stairs</name>
	<ExtendedData><SchemaData schemaUrl="#Stairs">
		<SimpleData name="OBJECTID">136</SimpleData>
		<SimpleData name="ID">ST-201</SimpleData>
		<SimpleData name="Address">Central Station</SimpleData>
		<SimpleData name="Suburb">Haymarket</SimpleData>
		<SimpleData name="No_Steps">24</SimpleData>
		<SimpleData name="HandRails">Yes</SimpleData>
		<SimpleData name="TGSI">No</SimpleData>
		<SimpleData name="StairNosingConstrastStrip">No</SimpleData>
		<SimpleData name="ClosestAlternateRoutes">Lee Street</SimpleData>
		<SimpleData name="Photo">ST-201-2.jpg</SimpleData>
	</SchemaData></ExtendedData>
      <Point><coordinates>151.204366550768,-33.8839197489227,0</coordinates></Point>
  </Placemark>
  <Placemark>
	<name>Henry Deane Plaza Stairs</name>
	<ExtendedData><SchemaData schemaUrl="#Stairs">
		<SimpleData name="OBJECTID">137</SimpleData>
		<SimpleData name="ID">ST-202</SimpleData>
		<SimpleData name="Address">Lee Street</SimpleData>
		<SimpleData name="Suburb">Haymarket</SimpleData>
		<SimpleData name="No_Steps">21</SimpleData>
		<SimpleData name="HandRails">Yes</SimpleData>
		<SimpleData name="TGSI">No</SimpleData>
		<SimpleData name="StairNosingConstrastStrip">No</SimpleData>
		<SimpleData name="ClosestAlternateRoutes">Lee Street</SimpleData>
		<SimpleData name="Photo">ST-202-1.jpg</SimpleData>
	</SchemaData></ExtendedData>
      <Point><coordinates>151.204154849977,-33.8842411990091,0</coordinates></Point>
  </Placemark>
  <Placemark>
	<name>Central Station</name>
	<ExtendedData><SchemaData schemaUrl="#Stairs">
		<SimpleData name="OBJECTID">138</SimpleData>
		<SimpleData name="ID">ST-203</SimpleData>
		<SimpleData name="Address">Lee Street </SimpleData>
		<SimpleData name="Suburb">Chippendale</SimpleData>
		<SimpleData name="No_Steps">10</SimpleData>
		<SimpleData name="HandRails">Yes</SimpleData>
		<SimpleData name="TGSI">No</SimpleData>
		<SimpleData name="StairNosingConstrastStrip">No</SimpleData>
		<SimpleData name="ClosestAlternateRoutes">adjacent ramp - steep slope</SimpleData>
		<SimpleData name="Photo">ST-203-1.jpg</SimpleData>
	</SchemaData></ExtendedData>
      <Point><coordinates>151.203543399455,-33.8836280984774,0</coordinates></Point>
  </Placemark>
  <Placemark>
	<name>Stairs to/from Central Park Mall</name>
	<ExtendedData><SchemaData schemaUrl="#Stairs">
		<SimpleData name="OBJECTID">139</SimpleData>
		<SimpleData name="ID">ST-204</SimpleData>
		<SimpleData name="Address">Broadway</SimpleData>
		<SimpleData name="Suburb">Chippendale</SimpleData>
		<SimpleData name="No_Steps">29</SimpleData>
		<SimpleData name="HandRails">Yes</SimpleData>
		<SimpleData name="TGSI">Yes</SimpleData>
		<SimpleData name="StairNosingConstrastStrip">Yes</SimpleData>
		<SimpleData name="ClosestAlternateRoutes">adjacent lift</SimpleData>
		<SimpleData name="Photo">ST-204-2.jpg</SimpleData>
	</SchemaData></ExtendedData>
      <Point><coordinates>151.200540899999,-33.8853509988837,0</coordinates></Point>
  </Placemark>
  <Placemark>
	<name>UNSW Arts and Design Campus</name>
	<ExtendedData><SchemaData schemaUrl="#Stairs">
		<SimpleData name="OBJECTID">140</SimpleData>
		<SimpleData name="ID">ST-205</SimpleData>
		<SimpleData name="Address">corner of Napier Street and Oxford Street </SimpleData>
		<SimpleData name="Suburb">Paddington</SimpleData>
		<SimpleData name="No_Steps">4</SimpleData>
		<SimpleData name="HandRails">Yes</SimpleData>
		<SimpleData name="TGSI">Yes</SimpleData>
		<SimpleData name="StairNosingConstrastStrip">Yes</SimpleData>
		<SimpleData name="ClosestAlternateRoutes">Napier Street </SimpleData>
		<SimpleData name="Photo">ST-205-1.jpg</SimpleData>
	</SchemaData></ExtendedData>
      <Point><coordinates>151.220397700044,-33.8835773492086,0</coordinates></Point>
  </Placemark>
  <Placemark>
	<name>UNSW Arts and Design Campus</name>
	<ExtendedData><SchemaData schemaUrl="#Stairs">
		<SimpleData name="OBJECTID">141</SimpleData>
		<SimpleData name="ID">ST-206</SimpleData>
		<SimpleData name="Address">corner of Greens Road and Albion Avenue</SimpleData>
		<SimpleData name="Suburb">Paddington</SimpleData>
		<SimpleData name="No_Steps">11</SimpleData>
		<SimpleData name="HandRails">Yes</SimpleData>
		<SimpleData name="TGSI">Yes</SimpleData>
		<SimpleData name="StairNosingConstrastStrip">Yes</SimpleData>
		<SimpleData name="ClosestAlternateRoutes">Napier Street</SimpleData>
		<SimpleData name="Photo">ST-206-2.jpg</SimpleData>
	</SchemaData></ExtendedData>
      <Point><coordinates>151.220103949416,-33.8840867496893,0</coordinates></Point>
  </Placemark>
  <Placemark>
	<name>Central Station</name>
	<ExtendedData><SchemaData schemaUrl="#Stairs">
		<SimpleData name="OBJECTID">142</SimpleData>
		<SimpleData name="ID">ST-207</SimpleData>
		<SimpleData name="Address">Chalmers Street</SimpleData>
		<SimpleData name="Suburb">Haymarket</SimpleData>
		<SimpleData name="No_Steps">20</SimpleData>
		<SimpleData name="HandRails">Yes</SimpleData>
		<SimpleData name="TGSI">Yes</SimpleData>
		<SimpleData name="StairNosingConstrastStrip">No</SimpleData>
		<SimpleData name="ClosestAlternateRoutes">station lift</SimpleData>
		<SimpleData name="Photo">ST-207-1.jpg</SimpleData>
	</SchemaData></ExtendedData>
      <Point><coordinates>151.207683900621,-33.8840040492366,0</coordinates></Point>
  </Placemark>
  <Placemark>
	<name>Central Station</name>
	<ExtendedData><SchemaData schemaUrl="#Stairs">
		<SimpleData name="OBJECTID">143</SimpleData>
		<SimpleData name="ID">ST-208</SimpleData>
		<SimpleData name="Address">Chalmers Street</SimpleData>
		<SimpleData name="Suburb">Haymarket</SimpleData>
		<SimpleData name="No_Steps">36</SimpleData>
		<SimpleData name="HandRails">Yes</SimpleData>
		<SimpleData name="TGSI">Yes</SimpleData>
		<SimpleData name="StairNosingConstrastStrip">Yes</SimpleData>
		<SimpleData name="ClosestAlternateRoutes">adjacent ramp or station tunnel</SimpleData>
		<SimpleData name="Photo">ST-208-1.jpg</SimpleData>
	</SchemaData></ExtendedData>
      <Point><coordinates>151.206776999591,-33.8854040490019,0</coordinates></Point>
  </Placemark>
  <Placemark>
	<name>Central Station</name>
	<ExtendedData><SchemaData schemaUrl="#Stairs">
		<SimpleData name="OBJECTID">144</SimpleData>
		<SimpleData name="ID">ST-209</SimpleData>
		<SimpleData name="Address">Chalmers Street</SimpleData>
		<SimpleData name="Suburb">Surry Hills</SimpleData>
		<SimpleData name="No_Steps">32</SimpleData>
		<SimpleData name="HandRails">Yes</SimpleData>
		<SimpleData name="TGSI">Yes</SimpleData>
		<SimpleData name="StairNosingConstrastStrip">Yes</SimpleData>
		<SimpleData name="ClosestAlternateRoutes">adjacent ramp</SimpleData>
		<SimpleData name="Photo">ST-209-2.jpg</SimpleData>
	</SchemaData></ExtendedData>
      <Point><coordinates>151.208094910865,-33.8838576806154,0</coordinates></Point>
  </Placemark>
  <Placemark>
	<name>Central Station</name>
	<ExtendedData><SchemaData schemaUrl="#Stairs">
		<SimpleData name="OBJECTID">145</SimpleData>
		<SimpleData name="ID">ST-210</SimpleData>
		<SimpleData name="Address">Railway Square</SimpleData>
		<SimpleData name="Suburb">Haymarket</SimpleData>
		<SimpleData name="No_Steps">3</SimpleData>
		<SimpleData name="HandRails">Yes</SimpleData>
		<SimpleData name="TGSI">Yes</SimpleData>
		<SimpleData name="StairNosingConstrastStrip">No</SimpleData>
		<SimpleData name="ClosestAlternateRoutes">George Street</SimpleData>
		<SimpleData name="Photo">ST-210-2.jpg</SimpleData>
	</SchemaData></ExtendedData>
      <Point><coordinates>151.202683100714,-33.8831056485373,0</coordinates></Point>
  </Placemark>
  <Placemark>
	<name>Regent Street Stairs</name>
	<ExtendedData><SchemaData schemaUrl="#Stairs">
		<SimpleData name="OBJECTID">146</SimpleData>
		<SimpleData name="ID">ST134</SimpleData>
		<SimpleData name="Address">Regent Street</SimpleData>
		<SimpleData name="Suburb">Redfern</SimpleData>
		<SimpleData name="No_Steps">8</SimpleData>
		<SimpleData name="HandRails">Yes</SimpleData>
		<SimpleData name="TGSI">Yes</SimpleData>
		<SimpleData name="StairNosingConstrastStrip">No</SimpleData>
		<SimpleData name="ClosestAlternateRoutes">Regent street </SimpleData>
		<SimpleData name="Photo">ST134_001.JPG</SimpleData>
	</SchemaData></ExtendedData>
      <Point><coordinates>151.200339198627,-33.8930135948374,0</coordinates></Point>
  </Placemark>
  <Placemark>
	<name>Glebe Light Rail Station</name>
	<ExtendedData><SchemaData schemaUrl="#Stairs">
		<SimpleData name="OBJECTID">147</SimpleData>
		<SimpleData name="ID">ST-213</SimpleData>
		<SimpleData name="Address">Lower Avon Street</SimpleData>
		<SimpleData name="Suburb">Glebe</SimpleData>
		<SimpleData name="No_Steps">29</SimpleData>
		<SimpleData name="HandRails">Yes</SimpleData>
		<SimpleData name="TGSI">Yes</SimpleData>
		<SimpleData name="StairNosingConstrastStrip">Yes</SimpleData>
		<SimpleData name="ClosestAlternateRoutes">Bridge Street </SimpleData>
		<SimpleData name="Photo">ST-213-1.jpg</SimpleData>
	</SchemaData></ExtendedData>
      <Point><coordinates>151.187474150216,-33.8771292985803,0</coordinates></Point>
  </Placemark>
  <Placemark>
	<name>Spanish Quarter Stairs</name>
	<ExtendedData><SchemaData schemaUrl="#Stairs">
		<SimpleData name="OBJECTID">148</SimpleData>
		<SimpleData name="ID">ST036</SimpleData>
		<SimpleData name="Address">between Eager Street and Sussex Street</SimpleData>
		<SimpleData name="Suburb">Sydney</SimpleData>
		<SimpleData name="No_Steps">20</SimpleData>
		<SimpleData name="HandRails">Yes</SimpleData>
		<SimpleData name="TGSI">No</SimpleData>
		<SimpleData name="StairNosingConstrastStrip">No</SimpleData>
		<SimpleData name="ClosestAlternateRoutes">Sussex Street and Douglas Street</SimpleData>
		<SimpleData name="Photo">ST036_001.JPG</SimpleData>
	</SchemaData></ExtendedData>
      <Point><coordinates>151.20473189038,-33.8767417517336,0</coordinates></Point>
  </Placemark>
  <Placemark>
	<name>Dr H J Foley Rest Park 1a</name>
	<ExtendedData><SchemaData schemaUrl="#Stairs">
		<SimpleData name="OBJECTID">149</SimpleData>
		<SimpleData name="ID">ST-215</SimpleData>
		<SimpleData name="Address">Bridge Road</SimpleData>
		<SimpleData name="Suburb">Glebe</SimpleData>
		<SimpleData name="No_Steps">5</SimpleData>
		<SimpleData name="HandRails">Yes</SimpleData>
		<SimpleData name="TGSI">Yes</SimpleData>
		<SimpleData name="StairNosingConstrastStrip">No</SimpleData>
		<SimpleData name="ClosestAlternateRoutes">Glebe Point Road</SimpleData>
		<SimpleData name="Photo">ST-215-2.jpg</SimpleData>
	</SchemaData></ExtendedData>
      <Point><coordinates>151.18619370433,-33.8803070271266,0</coordinates></Point>
  </Placemark>
  <Placemark>
	<name>Crown Street West </name>
	<ExtendedData><SchemaData schemaUrl="#Stairs">
		<SimpleData name="OBJECTID">150</SimpleData>
		<SimpleData name="ID">ST-216</SimpleData>
		<SimpleData name="Address">corner of Oxford Street and Crown Street</SimpleData>
		<SimpleData name="Suburb">Darlinghurst</SimpleData>
		<SimpleData name="No_Steps">8</SimpleData>
		<SimpleData name="HandRails">Yes</SimpleData>
		<SimpleData name="TGSI">Yes</SimpleData>
		<SimpleData name="StairNosingConstrastStrip">No</SimpleData>
		<SimpleData name="ClosestAlternateRoutes">Oxford street</SimpleData>
		<SimpleData name="Photo">ST-216-2.jpg</SimpleData>
	</SchemaData></ExtendedData>
      <Point><coordinates>151.215213300882,-33.878937649088,0</coordinates></Point>
  </Placemark>
  <Placemark>
	<name>Kellick Street Stairs</name>
	<ExtendedData><SchemaData schemaUrl="#Stairs">
		<SimpleData name="OBJECTID">151</SimpleData>
		<SimpleData name="ID">ST119</SimpleData>
		<SimpleData name="Address">corner of Kellick Street and Elizabeth Street</SimpleData>
		<SimpleData name="Suburb">Waterloo</SimpleData>
		<SimpleData name="No_Steps">18</SimpleData>
		<SimpleData name="HandRails">Yes</SimpleData>
		<SimpleData name="TGSI">No</SimpleData>
		<SimpleData name="StairNosingConstrastStrip">No</SimpleData>
		<SimpleData name="ClosestAlternateRoutes">Kellick and Elizabeth streets</SimpleData>
		<SimpleData name="Photo">ST119_001.JPG</SimpleData>
	</SchemaData></ExtendedData>
      <Point><coordinates>151.206221799469,-33.8992045232082,0</coordinates></Point>
  </Placemark>
  <Placemark>
	<name>Edmund Reach Reserve Stairs</name>
	<ExtendedData><SchemaData schemaUrl="#Stairs">
		<SimpleData name="OBJECTID">152</SimpleData>
		<SimpleData name="ID">ST-218</SimpleData>
		<SimpleData name="Address">South Dowling Street at footbridge to Moore Park</SimpleData>
		<SimpleData name="Suburb">Redfern</SimpleData>
		<SimpleData name="No_Steps">17</SimpleData>
		<SimpleData name="HandRails">Yes</SimpleData>
		<SimpleData name="TGSI">No</SimpleData>
		<SimpleData name="StairNosingConstrastStrip">No</SimpleData>
		<SimpleData name="ClosestAlternateRoutes">South Dowling Street</SimpleData>
		<SimpleData name="Photo">ST-218-1.jpg</SimpleData>
	</SchemaData></ExtendedData>
      <Point><coordinates>151.215481049993,-33.8963421993087,0</coordinates></Point>
  </Placemark>
  <Placemark>
	<name>Joynton Avenue Streetscape Stairs</name>
	<ExtendedData><SchemaData schemaUrl="#Stairs">
		<SimpleData name="OBJECTID">153</SimpleData>
		<SimpleData name="ID">ST-219</SimpleData>
		<SimpleData name="Address">Joynton Avenue </SimpleData>
		<SimpleData name="Suburb">Zetland</SimpleData>
		<SimpleData name="No_Steps">4</SimpleData>
		<SimpleData name="HandRails">Yes</SimpleData>
		<SimpleData name="TGSI">No</SimpleData>
		<SimpleData name="StairNosingConstrastStrip">No</SimpleData>
		<SimpleData name="ClosestAlternateRoutes">Joynton Avenue or Leyland Grove</SimpleData>
		<SimpleData name="Photo">ST-219-1.jpg</SimpleData>
	</SchemaData></ExtendedData>
      <Point><coordinates>151.208613814684,-33.90587144002,0</coordinates></Point>
  </Placemark>
  <Placemark>
	<name>Lachlan Street Stairs</name>
	<ExtendedData><SchemaData schemaUrl="#Stairs">
		<SimpleData name="OBJECTID">154</SimpleData>
		<SimpleData name="ID">ST-220</SimpleData>
		<SimpleData name="Address">Lachlan Street</SimpleData>
		<SimpleData name="Suburb">Waterloo</SimpleData>
		<SimpleData name="No_Steps">7</SimpleData>
		<SimpleData name="HandRails">Yes</SimpleData>
		<SimpleData name="TGSI">Yes</SimpleData>
		<SimpleData name="StairNosingConstrastStrip">No</SimpleData>
		<SimpleData name="ClosestAlternateRoutes">Lachlan Street</SimpleData>
		<SimpleData name="Photo">ST-220-2.jpg</SimpleData>
	</SchemaData></ExtendedData>
      <Point><coordinates>151.211518700359,-33.9001543496625,0</coordinates></Point>
  </Placemark>
  <Placemark>
	<name>Newtown Station</name>
	<ExtendedData><SchemaData schemaUrl="#Stairs">
		<SimpleData name="OBJECTID">155</SimpleData>
		<SimpleData name="ID">ST-221</SimpleData>
		<SimpleData name="Address">corner of Thomas Street and Railway Lane</SimpleData>
		<SimpleData name="Suburb">Newtown</SimpleData>
		<SimpleData name="No_Steps">15</SimpleData>
		<SimpleData name="HandRails">Yes</SimpleData>
		<SimpleData name="TGSI">Yes</SimpleData>
		<SimpleData name="StairNosingConstrastStrip">Yes</SimpleData>
		<SimpleData name="ClosestAlternateRoutes">Newman Street and King Street</SimpleData>
		<SimpleData name="Photo">ST-221-1.jpg</SimpleData>
	</SchemaData></ExtendedData>
      <Point><coordinates>151.179270849469,-33.8981592490031,0</coordinates></Point>
  </Placemark>
  <Placemark>
	<name>Sydney Park</name>
	<ExtendedData><SchemaData schemaUrl="#Stairs">
		<SimpleData name="OBJECTID">156</SimpleData>
		<SimpleData name="ID">ST-222</SimpleData>
		<SimpleData name="Address">Harber Street</SimpleData>
		<SimpleData name="Suburb">Alexandria</SimpleData>
		<SimpleData name="No_Steps">6</SimpleData>
		<SimpleData name="HandRails">Yes</SimpleData>
		<SimpleData name="TGSI">Yes</SimpleData>
		<SimpleData name="StairNosingConstrastStrip">No</SimpleData>
		<SimpleData name="ClosestAlternateRoutes">adjacent park paths</SimpleData>
		<SimpleData name="Photo">ST-222-1.jpg</SimpleData>
	</SchemaData></ExtendedData>
      <Point><coordinates>151.18416975024,-33.911284048574,0</coordinates></Point>
  </Placemark>
  <Placemark>
	<name>Sydney Park Sculpture Pond</name>
	<ExtendedData><SchemaData schemaUrl="#Stairs">
		<SimpleData name="OBJECTID">157</SimpleData>
		<SimpleData name="ID">ST-223</SimpleData>
		<SimpleData name="Address">Sydney Park</SimpleData>
		<SimpleData name="Suburb">Alexandria</SimpleData>
		<SimpleData name="No_Steps">9</SimpleData>
		<SimpleData name="HandRails">Yes</SimpleData>
		<SimpleData name="TGSI">Yes</SimpleData>
		<SimpleData name="StairNosingConstrastStrip">Yes</SimpleData>
		<SimpleData name="ClosestAlternateRoutes">adjacent park paths</SimpleData>
		<SimpleData name="Photo">ST-223-1.jpg</SimpleData>
	</SchemaData></ExtendedData>
      <Point><coordinates>151.183579050303,-33.9097085494282,0</coordinates></Point>
  </Placemark>
  <Placemark>
	<name>Sydney Park</name>
	<ExtendedData><SchemaData schemaUrl="#Stairs">
		<SimpleData name="OBJECTID">158</SimpleData>
		<SimpleData name="ID">ST-224</SimpleData>
		<SimpleData name="Address">Harber Street</SimpleData>
		<SimpleData name="Suburb">Alexandria</SimpleData>
		<SimpleData name="No_Steps">6</SimpleData>
		<SimpleData name="HandRails">Yes</SimpleData>
		<SimpleData name="TGSI">No</SimpleData>
		<SimpleData name="StairNosingConstrastStrip">No</SimpleData>
		<SimpleData name="ClosestAlternateRoutes">adjacent park paths</SimpleData>
		<SimpleData name="Photo">ST-224-1.jpg</SimpleData>
	</SchemaData></ExtendedData>
      <Point><coordinates>151.184210400023,-33.9140597993605,0</coordinates></Point>
  </Placemark>
  <Placemark>
	<name>Sydney Park</name>
	<ExtendedData><SchemaData schemaUrl="#Stairs">
		<SimpleData name="OBJECTID">159</SimpleData>
		<SimpleData name="ID">ST-225</SimpleData>
		<SimpleData name="Address">corner of Sydney Park Road and Balwon Park Road</SimpleData>
		<SimpleData name="Suburb">Alexandria</SimpleData>
		<SimpleData name="No_Steps">17</SimpleData>
		<SimpleData name="HandRails">No</SimpleData>
		<SimpleData name="TGSI">No</SimpleData>
		<SimpleData name="StairNosingConstrastStrip">No</SimpleData>
		<SimpleData name="ClosestAlternateRoutes">King Street park entrance</SimpleData>
		<SimpleData name="Photo">ST-225-3.jpg</SimpleData>
	</SchemaData></ExtendedData>
      <Point><coordinates>151.182328550111,-33.9072255986797,0</coordinates></Point>
  </Placemark>
  <Placemark>
	<name>Sydney Park</name>
	<ExtendedData><SchemaData schemaUrl="#Stairs">
		<SimpleData name="OBJECTID">160</SimpleData>
		<SimpleData name="ID">ST-226</SimpleData>
		<SimpleData name="Address">Harber Street</SimpleData>
		<SimpleData name="Suburb">Alexandria</SimpleData>
		<SimpleData name="No_Steps">20</SimpleData>
		<SimpleData name="HandRails">Yes</SimpleData>
		<SimpleData name="TGSI">Yes</SimpleData>
		<SimpleData name="StairNosingConstrastStrip">Yes</SimpleData>
		<SimpleData name="ClosestAlternateRoutes">adjacent park paths</SimpleData>
		<SimpleData name="Photo">ST-226-2.jpg</SimpleData>
	</SchemaData></ExtendedData>
      <Point><coordinates>151.183270599935,-33.9098020993832,0</coordinates></Point>
  </Placemark>
  <Placemark>
	<name>Waterloo Green</name>
	<ExtendedData><SchemaData schemaUrl="#Stairs">
		<SimpleData name="OBJECTID">161</SimpleData>
		<SimpleData name="ID">ST-227</SimpleData>
		<SimpleData name="Address">between Phillip Street and Raglan Street</SimpleData>
		<SimpleData name="Suburb">Waterloo</SimpleData>
		<SimpleData name="No_Steps">4</SimpleData>
		<SimpleData name="HandRails">Yes</SimpleData>
		<SimpleData name="TGSI">Yes</SimpleData>
		<SimpleData name="StairNosingConstrastStrip">Yes</SimpleData>
		<SimpleData name="ClosestAlternateRoutes">Phillip Street or Pitt Street</SimpleData>
		<SimpleData name="Photo">ST-227-1.jpg</SimpleData>
	</SchemaData></ExtendedData>
      <Point><coordinates>151.201816998366,-33.8960248346752,0</coordinates></Point>
  </Placemark>
  <Placemark>
	<name>Philip Street Stairs</name>
	<ExtendedData><SchemaData schemaUrl="#Stairs">
		<SimpleData name="OBJECTID">162</SimpleData>
		<SimpleData name="ID">ST-228</SimpleData>
		<SimpleData name="Address">Phillip Street</SimpleData>
		<SimpleData name="Suburb">Waterloo</SimpleData>
		<SimpleData name="No_Steps">13</SimpleData>
		<SimpleData name="HandRails">Yes</SimpleData>
		<SimpleData name="TGSI">No</SimpleData>
		<SimpleData name="StairNosingConstrastStrip">No</SimpleData>
		<SimpleData name="ClosestAlternateRoutes">Pitt Street </SimpleData>
		<SimpleData name="Photo">ST-228-2.jpg</SimpleData>
	</SchemaData></ExtendedData>
      <Point><coordinates>151.203011850711,-33.8958459990603,0</coordinates></Point>
  </Placemark>
  <Placemark>
	<name>James Cook Unit Complex Stairs</name>
	<ExtendedData><SchemaData schemaUrl="#Stairs">
		<SimpleData name="OBJECTID">163</SimpleData>
		<SimpleData name="ID">ST-229</SimpleData>
		<SimpleData name="Address">Pitt Street</SimpleData>
		<SimpleData name="Suburb">Waterloo</SimpleData>
		<SimpleData name="No_Steps">23</SimpleData>
		<SimpleData name="HandRails">Yes</SimpleData>
		<SimpleData name="TGSI">No</SimpleData>
		<SimpleData name="StairNosingConstrastStrip">No</SimpleData>
		<SimpleData name="ClosestAlternateRoutes">Wellington Street and Raglan Street </SimpleData>
		<SimpleData name="Photo">ST-229-1.jpg</SimpleData>
	</SchemaData></ExtendedData>
      <Point><coordinates>151.203610799992,-33.8976453995451,0</coordinates></Point>
  </Placemark>
  <Placemark>
	<name>Joseph Banks Stairs </name>
	<ExtendedData><SchemaData schemaUrl="#Stairs">
		<SimpleData name="OBJECTID">164</SimpleData>
		<SimpleData name="ID">ST-230</SimpleData>
		<SimpleData name="Address">George Street</SimpleData>
		<SimpleData name="Suburb">Waterloo</SimpleData>
		<SimpleData name="No_Steps">14</SimpleData>
		<SimpleData name="HandRails">Yes</SimpleData>
		<SimpleData name="TGSI">No</SimpleData>
		<SimpleData name="StairNosingConstrastStrip">No</SimpleData>
		<SimpleData name="ClosestAlternateRoutes">George Street</SimpleData>
		<SimpleData name="Photo">ST-230-1.jpg</SimpleData>
	</SchemaData></ExtendedData>
      <Point><coordinates>151.202323300176,-33.8974152485423,0</coordinates></Point>
  </Placemark>
  <Placemark>
	<name>Marton Building</name>
	<ExtendedData><SchemaData schemaUrl="#Stairs">
		<SimpleData name="OBJECTID">165</SimpleData>
		<SimpleData name="ID">ST-231</SimpleData>
		<SimpleData name="Address">Cope Street</SimpleData>
		<SimpleData name="Suburb">Waterloo</SimpleData>
		<SimpleData name="No_Steps">14</SimpleData>
		<SimpleData name="HandRails">Yes</SimpleData>
		<SimpleData name="TGSI">No</SimpleData>
		<SimpleData name="StairNosingConstrastStrip">No</SimpleData>
		<SimpleData name="ClosestAlternateRoutes">footpath access at rear of building</SimpleData>
		<SimpleData name="Photo">ST-231-1.jpg</SimpleData>
	</SchemaData></ExtendedData>
      <Point><coordinates>151.200362650889,-33.896192448477,0</coordinates></Point>
  </Placemark>
  <Placemark>
	<name>Daniel Solander United Block Stairs</name>
	<ExtendedData><SchemaData schemaUrl="#Stairs">
		<SimpleData name="OBJECTID">166</SimpleData>
		<SimpleData name="ID">ST-233</SimpleData>
		<SimpleData name="Address">Pitt Street</SimpleData>
		<SimpleData name="Suburb">Waterloo</SimpleData>
		<SimpleData name="No_Steps">24</SimpleData>
		<SimpleData name="HandRails">Yes</SimpleData>
		<SimpleData name="TGSI">Yes</SimpleData>
		<SimpleData name="StairNosingConstrastStrip">No</SimpleData>
		<SimpleData name="ClosestAlternateRoutes">Raglan Street </SimpleData>
		<SimpleData name="Photo">ST-233-2.jpg</SimpleData>
	</SchemaData></ExtendedData>
      <Point><coordinates>151.203186353326,-33.8961610253176,0</coordinates></Point>
  </Placemark>
  <Placemark>
	<name>O’Dea Avenue Stairs</name>
	<ExtendedData><SchemaData schemaUrl="#Stairs">
		<SimpleData name="OBJECTID">167</SimpleData>
		<SimpleData name="ID">ST-234</SimpleData>
		<SimpleData name="Address">O'Dea Avenue</SimpleData>
		<SimpleData name="Suburb">Waterloo</SimpleData>
		<SimpleData name="No_Steps">3</SimpleData>
		<SimpleData name="HandRails">Yes</SimpleData>
		<SimpleData name="TGSI">Yes</SimpleData>
		<SimpleData name="StairNosingConstrastStrip">No</SimpleData>
		<SimpleData name="ClosestAlternateRoutes">Sam Sing Street</SimpleData>
		<SimpleData name="Photo">ST-234-2.jpg</SimpleData>
	</SchemaData></ExtendedData>
      <Point><coordinates>151.2103312852,-33.9029114394777,0</coordinates></Point>
  </Placemark>
  <Placemark>
	<name>Greens Bans Park Stairs</name>
	<ExtendedData><SchemaData schemaUrl="#Stairs">
		<SimpleData name="OBJECTID">168</SimpleData>
		<SimpleData name="ID">ST-235</SimpleData>
		<SimpleData name="Address">corner of Erskineville Road and Albert Street</SimpleData>
		<SimpleData name="Suburb">Erskineville</SimpleData>
		<SimpleData name="No_Steps">6</SimpleData>
		<SimpleData name="HandRails">No</SimpleData>
		<SimpleData name="TGSI">No</SimpleData>
		<SimpleData name="StairNosingConstrastStrip">No</SimpleData>
		<SimpleData name="ClosestAlternateRoutes">Erskineville Road Footpath</SimpleData>
		<SimpleData name="Photo">ST-235-1.jpg</SimpleData>
	</SchemaData></ExtendedData>
      <Point><coordinates>151.181741149982,-33.8979884490484,0</coordinates></Point>
  </Placemark>
  <Placemark>
	<name>Portman Lane Stairs 3a</name>
	<ExtendedData><SchemaData schemaUrl="#Stairs">
		<SimpleData name="OBJECTID">169</SimpleData>
		<SimpleData name="ID">ST-236</SimpleData>
		<SimpleData name="Address">corner of Portman lane and Barker Street</SimpleData>
		<SimpleData name="Suburb">Zetland</SimpleData>
		<SimpleData name="No_Steps">30</SimpleData>
		<SimpleData name="HandRails">Yes</SimpleData>
		<SimpleData name="TGSI">Yes</SimpleData>
		<SimpleData name="StairNosingConstrastStrip">No</SimpleData>
		<SimpleData name="ClosestAlternateRoutes">Merton Street </SimpleData>
		<SimpleData name="Photo">ST-236-1.jpg</SimpleData>
	</SchemaData></ExtendedData>
      <Point><coordinates>151.205161550486,-33.9064940988632,0</coordinates></Point>
  </Placemark>
  <Placemark>
	<name>Portman Lane Stairs 1a</name>
	<ExtendedData><SchemaData schemaUrl="#Stairs">
		<SimpleData name="OBJECTID">170</SimpleData>
		<SimpleData name="ID">ST-237</SimpleData>
		<SimpleData name="Address">corner of Portman lane and Tweed Place</SimpleData>
		<SimpleData name="Suburb">Zetland</SimpleData>
		<SimpleData name="No_Steps">9</SimpleData>
		<SimpleData name="HandRails">Yes</SimpleData>
		<SimpleData name="TGSI">Yes</SimpleData>
		<SimpleData name="StairNosingConstrastStrip">Yes</SimpleData>
		<SimpleData name="ClosestAlternateRoutes">Merton Street </SimpleData>
		<SimpleData name="Photo">ST-237-1.jpg</SimpleData>
	</SchemaData></ExtendedData>
      <Point><coordinates>151.204544749884,-33.9056342487196,0</coordinates></Point>
  </Placemark>
  <Placemark>
	<name>Erskinville Station</name>
	<ExtendedData><SchemaData schemaUrl="#Stairs">
		<SimpleData name="OBJECTID">171</SimpleData>
		<SimpleData name="ID">ST-238</SimpleData>
		<SimpleData name="Address">Erskinville Road </SimpleData>
		<SimpleData name="Suburb">Erskineville</SimpleData>
		<SimpleData name="No_Steps">36</SimpleData>
		<SimpleData name="HandRails">Yes</SimpleData>
		<SimpleData name="TGSI">Yes</SimpleData>
		<SimpleData name="StairNosingConstrastStrip">Yes</SimpleData>
		<SimpleData name="ClosestAlternateRoutes">no lift access</SimpleData>
		<SimpleData name="Photo">ST-238-1.jpg</SimpleData>
	</SchemaData></ExtendedData>
      <Point><coordinates>151.185364050142,-33.9001627489851,0</coordinates></Point>
  </Placemark>
  <Placemark>
	<name>Erskinville Station</name>
	<ExtendedData><SchemaData schemaUrl="#Stairs">
		<SimpleData name="OBJECTID">172</SimpleData>
		<SimpleData name="ID">ST-239</SimpleData>
		<SimpleData name="Address">Erskinville Road </SimpleData>
		<SimpleData name="Suburb">Erskineville</SimpleData>
		<SimpleData name="No_Steps">36</SimpleData>
		<SimpleData name="HandRails">Yes</SimpleData>
		<SimpleData name="TGSI">Yes</SimpleData>
		<SimpleData name="StairNosingConstrastStrip">Yes</SimpleData>
		<SimpleData name="ClosestAlternateRoutes">no lift access</SimpleData>
		<SimpleData name="Photo">ST-239-1.jpg</SimpleData>
	</SchemaData></ExtendedData>
      <Point><coordinates>151.185501799946,-33.9001822993348,0</coordinates></Point>
  </Placemark>
  <Placemark>
	<name>Erskinville Station</name>
	<ExtendedData><SchemaData schemaUrl="#Stairs">
		<SimpleData name="OBJECTID">173</SimpleData>
		<SimpleData name="ID">ST-240</SimpleData>
		<SimpleData name="Address">Erskinville Road </SimpleData>
		<SimpleData name="Suburb">Erskineville</SimpleData>
		<SimpleData name="No_Steps">36</SimpleData>
		<SimpleData name="HandRails">Yes</SimpleData>
		<SimpleData name="TGSI">Yes</SimpleData>
		<SimpleData name="StairNosingConstrastStrip">Yes</SimpleData>
		<SimpleData name="ClosestAlternateRoutes">no lift access</SimpleData>
		<SimpleData name="Photo">ST-240-1.jpg</SimpleData>
	</SchemaData></ExtendedData>
      <Point><coordinates>151.185631049854,-33.9001988486739,0</coordinates></Point>
  </Placemark>
  <Placemark>
	<name>Newtown Station</name>
	<ExtendedData><SchemaData schemaUrl="#Stairs">
		<SimpleData name="OBJECTID">174</SimpleData>
		<SimpleData name="ID">ST-241</SimpleData>
		<SimpleData name="Address">King Street</SimpleData>
		<SimpleData name="Suburb">Newtown</SimpleData>
		<SimpleData name="No_Steps">40</SimpleData>
		<SimpleData name="HandRails">Yes</SimpleData>
		<SimpleData name="TGSI">Yes</SimpleData>
		<SimpleData name="StairNosingConstrastStrip">Yes</SimpleData>
		<SimpleData name="ClosestAlternateRoutes">station lift</SimpleData>
		<SimpleData name="Photo">ST-241-1.jpg</SimpleData>
	</SchemaData></ExtendedData>
      <Point><coordinates>151.179712999806,-33.8979163996937,0</coordinates></Point>
  </Placemark>
  <Placemark>
	<name>Wynyard Park</name>
	<ExtendedData><SchemaData schemaUrl="#Stairs">
		<SimpleData name="OBJECTID">175</SimpleData>
		<SimpleData name="ID">ST-243</SimpleData>
		<SimpleData name="Address">Carrington Street</SimpleData>
		<SimpleData name="Suburb">Sydney</SimpleData>
		<SimpleData name="No_Steps">7</SimpleData>
		<SimpleData name="HandRails">Yes</SimpleData>
		<SimpleData name="TGSI">No</SimpleData>
		<SimpleData name="StairNosingConstrastStrip">Yes</SimpleData>
		<SimpleData name="ClosestAlternateRoutes">York Street</SimpleData>
		<SimpleData name="Photo">ST-243-1.jpg</SimpleData>
	</SchemaData></ExtendedData>
      <Point><coordinates>151.206230299811,-33.8656893991096,0</coordinates></Point>
  </Placemark>
  <Placemark>
	<name>Oxford Square Steps 3a</name>
	<ExtendedData><SchemaData schemaUrl="#Stairs">
		<SimpleData name="OBJECTID">176</SimpleData>
		<SimpleData name="ID">ST143</SimpleData>
		<SimpleData name="Address">Riley Street</SimpleData>
		<SimpleData name="Suburb">Darlinghurst</SimpleData>
		<SimpleData name="No_Steps">4</SimpleData>
		<SimpleData name="HandRails">Yes</SimpleData>
		<SimpleData name="TGSI">Yes</SimpleData>
		<SimpleData name="StairNosingConstrastStrip">No</SimpleData>
		<SimpleData name="ClosestAlternateRoutes">Burton Street</SimpleData>
		<SimpleData name="Photo">ST143_001.JPG</SimpleData>
	</SchemaData></ExtendedData>
      <Point><coordinates>151.214416551197,-33.8782405343555,0</coordinates></Point>
  </Placemark>
  <Placemark>
	<name>The Domain Car Park - north entrance 1a</name>
	<ExtendedData><SchemaData schemaUrl="#Stairs">
		<SimpleData name="OBJECTID">177</SimpleData>
		<SimpleData name="ID">ST-245</SimpleData>
		<SimpleData name="Address">The Domain</SimpleData>
		<SimpleData name="Suburb">Sydney</SimpleData>
		<SimpleData name="No_Steps">25</SimpleData>
		<SimpleData name="HandRails">Yes</SimpleData>
		<SimpleData name="TGSI">Yes</SimpleData>
		<SimpleData name="StairNosingConstrastStrip">Yes</SimpleData>
		<SimpleData name="ClosestAlternateRoutes">St Marys Road</SimpleData>
		<SimpleData name="Photo">No photo</SimpleData>
	</SchemaData></ExtendedData>
      <Point><coordinates>151.21556994547,-33.8708491479326,0</coordinates></Point>
  </Placemark>
  <Placemark>
	<name>Cumberland Place Stairs 3a</name>
	<ExtendedData><SchemaData schemaUrl="#Stairs">
		<SimpleData name="OBJECTID">178</SimpleData>
		<SimpleData name="ID">ST-246</SimpleData>
		<SimpleData name="Address">Cumberland Place</SimpleData>
		<SimpleData name="Suburb">The Rocks</SimpleData>
		<SimpleData name="No_Steps">30</SimpleData>
		<SimpleData name="HandRails">Yes</SimpleData>
		<SimpleData name="TGSI">No</SimpleData>
		<SimpleData name="StairNosingConstrastStrip">No</SimpleData>
		<SimpleData name="ClosestAlternateRoutes">Harrington Street</SimpleData>
		<SimpleData name="Photo">ST-246-2.jpg</SimpleData>
	</SchemaData></ExtendedData>
      <Point><coordinates>151.20769778095,-33.860161302753,0</coordinates></Point>
  </Placemark>
  <Placemark>
	<name>Argyle Steps</name>
	<ExtendedData><SchemaData schemaUrl="#Stairs">
		<SimpleData name="OBJECTID">179</SimpleData>
		<SimpleData name="ID">ST-247</SimpleData>
		<SimpleData name="Address">Grosvenor Walk</SimpleData>
		<SimpleData name="Suburb">The Rocks</SimpleData>
		<SimpleData name="No_Steps">48</SimpleData>
		<SimpleData name="HandRails">Yes</SimpleData>
		<SimpleData name="TGSI">No</SimpleData>
		<SimpleData name="StairNosingConstrastStrip">No</SimpleData>
		<SimpleData name="ClosestAlternateRoutes">Argyle Street</SimpleData>
		<SimpleData name="Photo">ST-247-1.jpg</SimpleData>
	</SchemaData></ExtendedData>
      <Point><coordinates>151.207335998314,-33.8588805953811,0</coordinates></Point>
  </Placemark>
  <Placemark>
	<name>Hills Stairs</name>
	<ExtendedData><SchemaData schemaUrl="#Stairs">
		<SimpleData name="OBJECTID">180</SimpleData>
		<SimpleData name="ID">ST085</SimpleData>
		<SimpleData name="Address">between Brougham &amp; McElhone Street</SimpleData>
		<SimpleData name="Suburb">Woolloomooloo</SimpleData>
		<SimpleData name="No_Steps">24</SimpleData>
		<SimpleData name="HandRails">Yes</SimpleData>
		<SimpleData name="TGSI">No</SimpleData>
		<SimpleData name="StairNosingConstrastStrip">No</SimpleData>
		<SimpleData name="ClosestAlternateRoutes">Brougham Street</SimpleData>
		<SimpleData name="Photo">ST085_001.JPG</SimpleData>
	</SchemaData></ExtendedData>
      <Point><coordinates>151.221925941081,-33.8718711058696,0</coordinates></Point>
  </Placemark>
  <Placemark>
	<name>Sydney Opera House</name>
	<ExtendedData><SchemaData schemaUrl="#Stairs">
		<SimpleData name="OBJECTID">181</SimpleData>
		<SimpleData name="ID">ST-249</SimpleData>
		<SimpleData name="Address">Sydney Opera House Forecourt</SimpleData>
		<SimpleData name="Suburb">Sydney</SimpleData>
		<SimpleData name="No_Steps">30</SimpleData>
		<SimpleData name="HandRails">Yes</SimpleData>
		<SimpleData name="TGSI">No</SimpleData>
		<SimpleData name="StairNosingConstrastStrip">No</SimpleData>
		<SimpleData name="ClosestAlternateRoutes">lift located at main entrance to Sydney Opera House</SimpleData>
		<SimpleData name="Photo">ST-249-1.jpg</SimpleData>
	</SchemaData></ExtendedData>
      <Point><coordinates>151.214961873648,-33.8577360244976,0</coordinates></Point>
  </Placemark>
  <Placemark>
	<name>Whites Lane Stairs</name>
	<ExtendedData><SchemaData schemaUrl="#Stairs">
		<SimpleData name="OBJECTID">182</SimpleData>
		<SimpleData name="ID">ST005</SimpleData>
		<SimpleData name="Address">between Darlinghurst Road and Hardie Street</SimpleData>
		<SimpleData name="Suburb">Darlinghurst</SimpleData>
		<SimpleData name="No_Steps">13</SimpleData>
		<SimpleData name="HandRails">Yes</SimpleData>
		<SimpleData name="TGSI">No</SimpleData>
		<SimpleData name="StairNosingConstrastStrip">No</SimpleData>
		<SimpleData name="ClosestAlternateRoutes">Liverpool Street </SimpleData>
		<SimpleData name="Photo">ST005_001.JPG</SimpleData>
	</SchemaData></ExtendedData>
      <Point><coordinates>151.220341931678,-33.8784973369783,0</coordinates></Point>
  </Placemark>
  <Placemark>
	<name>Mare and Foal Lawn Stairs</name>
	<ExtendedData><SchemaData schemaUrl="#Stairs">
		<SimpleData name="OBJECTID">183</SimpleData>
		<SimpleData name="ID">ST-251</SimpleData>
		<SimpleData name="Address">The Royal Botanic Garden Sydney</SimpleData>
		<SimpleData name="Suburb">Sydney</SimpleData>
		<SimpleData name="No_Steps">28</SimpleData>
		<SimpleData name="HandRails">No</SimpleData>
		<SimpleData name="TGSI">No</SimpleData>
		<SimpleData name="StairNosingConstrastStrip">No</SimpleData>
		<SimpleData name="ClosestAlternateRoutes">adjacent path</SimpleData>
		<SimpleData name="Photo">ST-251-1.jpg</SimpleData>
	</SchemaData></ExtendedData>
      <Point><coordinates>151.219690281875,-33.86356343659,0</coordinates></Point>
  </Placemark>
  <Placemark>
	<name>King Street Wharf</name>
	<ExtendedData><SchemaData schemaUrl="#Stairs">
		<SimpleData name="OBJECTID">184</SimpleData>
		<SimpleData name="ID">ST-252</SimpleData>
		<SimpleData name="Address">Lime Street</SimpleData>
		<SimpleData name="Suburb">Sydney</SimpleData>
		<SimpleData name="No_Steps">18</SimpleData>
		<SimpleData name="HandRails">Yes</SimpleData>
		<SimpleData name="TGSI">No</SimpleData>
		<SimpleData name="StairNosingConstrastStrip">Yes</SimpleData>
		<SimpleData name="ClosestAlternateRoutes">King Street</SimpleData>
		<SimpleData name="Photo">ST-252-1.jpg</SimpleData>
	</SchemaData></ExtendedData>
      <Point><coordinates>151.201757950044,-33.868026998077,0</coordinates></Point>
  </Placemark>
  <Placemark>
	<name>McElhone Stairs</name>
	<ExtendedData><SchemaData schemaUrl="#Stairs">
		<SimpleData name="OBJECTID">185</SimpleData>
		<SimpleData name="ID">ST086</SimpleData>
		<SimpleData name="Address">between Victoria Street and Brougham Street</SimpleData>
		<SimpleData name="Suburb">Potts Point</SimpleData>
		<SimpleData name="No_Steps">100</SimpleData>
		<SimpleData name="HandRails">Yes</SimpleData>
		<SimpleData name="TGSI">No</SimpleData>
		<SimpleData name="StairNosingConstrastStrip">No</SimpleData>
		<SimpleData name="ClosestAlternateRoutes">Cowper Wharf Road</SimpleData>
		<SimpleData name="Photo">ST086.JPG</SimpleData>
	</SchemaData></ExtendedData>
      <Point><coordinates>151.22299478658,-33.8690331338113,0</coordinates></Point>
  </Placemark>
  <Placemark>
	<name>Government House Grounds</name>
	<ExtendedData><SchemaData schemaUrl="#Stairs">
		<SimpleData name="OBJECTID">186</SimpleData>
		<SimpleData name="ID">ST-254</SimpleData>
		<SimpleData name="Address">The Royal Botanic Garden Sydney</SimpleData>
		<SimpleData name="Suburb">Sydney</SimpleData>
		<SimpleData name="No_Steps">3</SimpleData>
		<SimpleData name="HandRails">No</SimpleData>
		<SimpleData name="TGSI">No</SimpleData>
		<SimpleData name="StairNosingConstrastStrip">No</SimpleData>
		<SimpleData name="ClosestAlternateRoutes">Macquarie Street</SimpleData>
		<SimpleData name="Photo">ST-254-1.jpg</SimpleData>
	</SchemaData></ExtendedData>
      <Point><coordinates>151.215756381902,-33.8598983853625,0</coordinates></Point>
  </Placemark>
  <Placemark>
	<name>Sussex Street Pedestrian Bridge Stairs</name>
	<ExtendedData><SchemaData schemaUrl="#Stairs">
		<SimpleData name="OBJECTID">187</SimpleData>
		<SimpleData name="ID">ST174</SimpleData>
		<SimpleData name="Address">Sussex Street</SimpleData>
		<SimpleData name="Suburb">Sydney</SimpleData>
		<SimpleData name="No_Steps">39</SimpleData>
		<SimpleData name="HandRails">Yes</SimpleData>
		<SimpleData name="TGSI">No</SimpleData>
		<SimpleData name="StairNosingConstrastStrip">No</SimpleData>
		<SimpleData name="ClosestAlternateRoutes">Sussex Street</SimpleData>
		<SimpleData name="Photo">ST174_001.JPG</SimpleData>
	</SchemaData></ExtendedData>
      <Point><coordinates>151.203430236321,-33.8653280149725,0</coordinates></Point>
  </Placemark>
  <Placemark>
	<name>Andrew (Boy) Charlton Pool 3a</name>
	<ExtendedData><SchemaData schemaUrl="#Stairs">
		<SimpleData name="OBJECTID">188</SimpleData>
		<SimpleData name="ID">ST-256</SimpleData>
		<SimpleData name="Address">The Royal Botanic Garden Sydney</SimpleData>
		<SimpleData name="Suburb">Sydney</SimpleData>
		<SimpleData name="No_Steps">26</SimpleData>
		<SimpleData name="HandRails">Yes</SimpleData>
		<SimpleData name="TGSI">No</SimpleData>
		<SimpleData name="StairNosingConstrastStrip">No</SimpleData>
		<SimpleData name="ClosestAlternateRoutes">street access from Mrs Macquaries Road</SimpleData>
		<SimpleData name="Photo">ST-256-1.jpg</SimpleData>
	</SchemaData></ExtendedData>
      <Point><coordinates>151.221225100086,-33.8635118986014,0</coordinates></Point>
  </Placemark>
  <Placemark>
	<name>Hordern Stairs North</name>
	<ExtendedData><SchemaData schemaUrl="#Stairs">
		<SimpleData name="OBJECTID">189</SimpleData>
		<SimpleData name="ID">ST083</SimpleData>
		<SimpleData name="Address">Brougham Street between Hamett Street and Hordens Place</SimpleData>
		<SimpleData name="Suburb">Potts Point</SimpleData>
		<SimpleData name="No_Steps">78</SimpleData>
		<SimpleData name="HandRails">Yes</SimpleData>
		<SimpleData name="TGSI">No</SimpleData>
		<SimpleData name="StairNosingConstrastStrip">No</SimpleData>
		<SimpleData name="ClosestAlternateRoutes">Brougham Street</SimpleData>
		<SimpleData name="Photo">ST083_001.JPG</SimpleData>
	</SchemaData></ExtendedData>
      <Point><coordinates>151.222463609183,-33.8701511096252,0</coordinates></Point>
  </Placemark>
  <Placemark>
	<name>Butler Stairs</name>
	<ExtendedData><SchemaData schemaUrl="#Stairs">
		<SimpleData name="OBJECTID">190</SimpleData>
		<SimpleData name="ID">ST084</SimpleData>
		<SimpleData name="Address">between Brougham Street and Victoria Street</SimpleData>
		<SimpleData name="Suburb">Potts Point</SimpleData>
		<SimpleData name="No_Steps">103</SimpleData>
		<SimpleData name="HandRails">Yes</SimpleData>
		<SimpleData name="TGSI">No</SimpleData>
		<SimpleData name="StairNosingConstrastStrip">No</SimpleData>
		<SimpleData name="ClosestAlternateRoutes">Brougham Street and Victoria Street </SimpleData>
		<SimpleData name="Photo">ST084_001.JPG</SimpleData>
	</SchemaData></ExtendedData>
      <Point><coordinates>151.222359352388,-33.8720733994915,0</coordinates></Point>
  </Placemark>
  <Placemark>
	<name>The Hickson Stairs</name>
	<ExtendedData><SchemaData schemaUrl="#Stairs">
		<SimpleData name="OBJECTID">191</SimpleData>
		<SimpleData name="ID">ST011</SimpleData>
		<SimpleData name="Address">between Lower Fort Street and Hickson Road</SimpleData>
		<SimpleData name="Suburb">Dawes Point</SimpleData>
		<SimpleData name="No_Steps">75</SimpleData>
		<SimpleData name="HandRails">Yes</SimpleData>
		<SimpleData name="TGSI">No</SimpleData>
		<SimpleData name="StairNosingConstrastStrip">No</SimpleData>
		<SimpleData name="ClosestAlternateRoutes">Lower Fort Street and Hickson Road</SimpleData>
		<SimpleData name="Photo">ST011_001.JPG</SimpleData>
	</SchemaData></ExtendedData>
      <Point><coordinates>151.208071572522,-33.855357839477,0</coordinates></Point>
  </Placemark>
  <Placemark>
	<name>Rose Garden Pavillion Stairs</name>
	<ExtendedData><SchemaData schemaUrl="#Stairs">
		<SimpleData name="OBJECTID">192</SimpleData>
		<SimpleData name="ID">ST-260</SimpleData>
		<SimpleData name="Address">The Royal Botanic Garden Sydney</SimpleData>
		<SimpleData name="Suburb">Sydney</SimpleData>
		<SimpleData name="No_Steps">12</SimpleData>
		<SimpleData name="HandRails">Yes</SimpleData>
		<SimpleData name="TGSI">No</SimpleData>
		<SimpleData name="StairNosingConstrastStrip">No</SimpleData>
		<SimpleData name="ClosestAlternateRoutes">Rose Garden Walk from Government House Gate</SimpleData>
		<SimpleData name="Photo">ST-260-1.jpg</SimpleData>
	</SchemaData></ExtendedData>
      <Point><coordinates>151.213879849779,-33.8646221492935,0</coordinates></Point>
  </Placemark>
  <Placemark>
	<name>Cadmans Cottage Steps</name>
	<ExtendedData><SchemaData schemaUrl="#Stairs">
		<SimpleData name="OBJECTID">193</SimpleData>
		<SimpleData name="ID">ST-261</SimpleData>
		<SimpleData name="Address">Circular Quay West</SimpleData>
		<SimpleData name="Suburb">The Rocks</SimpleData>
		<SimpleData name="No_Steps">30</SimpleData>
		<SimpleData name="HandRails">Yes</SimpleData>
		<SimpleData name="TGSI">No</SimpleData>
		<SimpleData name="StairNosingConstrastStrip">No</SimpleData>
		<SimpleData name="ClosestAlternateRoutes">Argyle Street</SimpleData>
		<SimpleData name="Photo">ST-261-2.jpg</SimpleData>
	</SchemaData></ExtendedData>
      <Point><coordinates>151.209129399205,-33.8587744992525,0</coordinates></Point>
  </Placemark>
  <Placemark>
	<name>Dawes Point Park Steps 1a</name>
	<ExtendedData><SchemaData schemaUrl="#Stairs">
		<SimpleData name="OBJECTID">194</SimpleData>
		<SimpleData name="ID">ST-262</SimpleData>
		<SimpleData name="Address">Dawes Point Park</SimpleData>
		<SimpleData name="Suburb">Dawes Point</SimpleData>
		<SimpleData name="No_Steps">20</SimpleData>
		<SimpleData name="HandRails">Yes</SimpleData>
		<SimpleData name="TGSI">No</SimpleData>
		<SimpleData name="StairNosingConstrastStrip">No</SimpleData>
		<SimpleData name="ClosestAlternateRoutes">Lower Fort Street</SimpleData>
		<SimpleData name="Photo">ST-262-1.jpg</SimpleData>
	</SchemaData></ExtendedData>
      <Point><coordinates>151.20856400049,-33.8542525984717,0</coordinates></Point>
  </Placemark>
  <Placemark>
	<name>Cahill Walkway Stairs 1a</name>
	<ExtendedData><SchemaData schemaUrl="#Stairs">
		<SimpleData name="OBJECTID">195</SimpleData>
		<SimpleData name="ID">ST-263</SimpleData>
		<SimpleData name="Address">Cumberland Street</SimpleData>
		<SimpleData name="Suburb">The Rocks</SimpleData>
		<SimpleData name="No_Steps">51</SimpleData>
		<SimpleData name="HandRails">Yes</SimpleData>
		<SimpleData name="TGSI">No</SimpleData>
		<SimpleData name="StairNosingConstrastStrip">No</SimpleData>
		<SimpleData name="ClosestAlternateRoutes">Cumberland Street</SimpleData>
		<SimpleData name="Photo">ST-263-2.jpg</SimpleData>
	</SchemaData></ExtendedData>
      <Point><coordinates>151.206400698974,-33.8604162486237,0</coordinates></Point>
  </Placemark>
  <Placemark>
	<name>Sydney Opera House</name>
	<ExtendedData><SchemaData schemaUrl="#Stairs">
		<SimpleData name="OBJECTID">196</SimpleData>
		<SimpleData name="ID">ST-264</SimpleData>
		<SimpleData name="Address">Sydney Opera House Forecourt</SimpleData>
		<SimpleData name="Suburb">Sydney</SimpleData>
		<SimpleData name="No_Steps">43</SimpleData>
		<SimpleData name="HandRails">Yes</SimpleData>
		<SimpleData name="TGSI">No</SimpleData>
		<SimpleData name="StairNosingConstrastStrip">No</SimpleData>
		<SimpleData name="ClosestAlternateRoutes">Macquarie Street</SimpleData>
		<SimpleData name="Photo">ST-264-1.jpg</SimpleData>
	</SchemaData></ExtendedData>
      <Point><coordinates>151.215432149505,-33.8577565496122,0</coordinates></Point>
  </Placemark>
  <Placemark>
	<name>Tarpeian Way Stairs</name>
	<ExtendedData><SchemaData schemaUrl="#Stairs">
		<SimpleData name="OBJECTID">197</SimpleData>
		<SimpleData name="ID">ST-265</SimpleData>
		<SimpleData name="Address">The Royal Botanic Garden Sydney</SimpleData>
		<SimpleData name="Suburb">Sydney</SimpleData>
		<SimpleData name="No_Steps">53</SimpleData>
		<SimpleData name="HandRails">No</SimpleData>
		<SimpleData name="TGSI">No</SimpleData>
		<SimpleData name="StairNosingConstrastStrip">No</SimpleData>
		<SimpleData name="ClosestAlternateRoutes">Macquarie Street</SimpleData>
		<SimpleData name="Photo">ST-265-1.jpg</SimpleData>
	</SchemaData></ExtendedData>
      <Point><coordinates>151.214910028247,-33.8583401427442,0</coordinates></Point>
  </Placemark>
  <Placemark>
	<name>Ferry Lane Stairs</name>
	<ExtendedData><SchemaData schemaUrl="#Stairs">
		<SimpleData name="OBJECTID">198</SimpleData>
		<SimpleData name="ID">ST-266</SimpleData>
		<SimpleData name="Address">Downshire Street</SimpleData>
		<SimpleData name="Suburb">Dawes Point</SimpleData>
		<SimpleData name="No_Steps">13</SimpleData>
		<SimpleData name="HandRails">No</SimpleData>
		<SimpleData name="TGSI">No</SimpleData>
		<SimpleData name="StairNosingConstrastStrip">No</SimpleData>
		<SimpleData name="ClosestAlternateRoutes">Downshire Street</SimpleData>
		<SimpleData name="Photo">ST-266-2.jpg</SimpleData>
	</SchemaData></ExtendedData>
      <Point><coordinates>151.205893748873,-33.8573824488149,0</coordinates></Point>
  </Placemark>
  <Placemark>
	<name>Royal Botanic Gardens Offices Stairs 1a</name>
	<ExtendedData><SchemaData schemaUrl="#Stairs">
		<SimpleData name="OBJECTID">199</SimpleData>
		<SimpleData name="ID">ST-267</SimpleData>
		<SimpleData name="Address">The Royal Botanic Garden Sydney</SimpleData>
		<SimpleData name="Suburb">Sydney</SimpleData>
		<SimpleData name="No_Steps">10</SimpleData>
		<SimpleData name="HandRails">Yes</SimpleData>
		<SimpleData name="TGSI">No</SimpleData>
		<SimpleData name="StairNosingConstrastStrip">No</SimpleData>
		<SimpleData name="ClosestAlternateRoutes">Woolloomooloo Gate Entrance</SimpleData>
		<SimpleData name="Photo">ST-267-1.jpg</SimpleData>
	</SchemaData></ExtendedData>
      <Point><coordinates>151.217542250039,-33.866953648033,0</coordinates></Point>
  </Placemark>
  <Placemark>
	<name>Eastern Distributor Footbridge Stairs East</name>
	<ExtendedData><SchemaData schemaUrl="#Stairs">
		<SimpleData name="OBJECTID">200</SimpleData>
		<SimpleData name="ID">ST-268</SimpleData>
		<SimpleData name="Address">Sir John Young Crescent</SimpleData>
		<SimpleData name="Suburb">Woolloomooloo</SimpleData>
		<SimpleData name="No_Steps">55</SimpleData>
		<SimpleData name="HandRails">Yes</SimpleData>
		<SimpleData name="TGSI">No</SimpleData>
		<SimpleData name="StairNosingConstrastStrip">Yes</SimpleData>
		<SimpleData name="ClosestAlternateRoutes">adjacent footpath</SimpleData>
		<SimpleData name="Photo">ST-268-1.jpg</SimpleData>
	</SchemaData></ExtendedData>
      <Point><coordinates>151.218766517924,-33.8700995771945,0</coordinates></Point>
  </Placemark>
  <Placemark>
	<name>The Domain Pitches</name>
	<ExtendedData><SchemaData schemaUrl="#Stairs">
		<SimpleData name="OBJECTID">201</SimpleData>
		<SimpleData name="ID">ST-269</SimpleData>
		<SimpleData name="Address">Sir John Young Crescent</SimpleData>
		<SimpleData name="Suburb">Sydney</SimpleData>
		<SimpleData name="No_Steps">21</SimpleData>
		<SimpleData name="HandRails">Yes</SimpleData>
		<SimpleData name="TGSI">Yes</SimpleData>
		<SimpleData name="StairNosingConstrastStrip">Yes</SimpleData>
		<SimpleData name="ClosestAlternateRoutes">Art Gallery Road</SimpleData>
		<SimpleData name="Photo">No photo</SimpleData>
	</SchemaData></ExtendedData>
      <Point><coordinates>151.216610619323,-33.8700759058558,0</coordinates></Point>
  </Placemark>
  <Placemark>
	<name>Cumberland Place Stairs 1a</name>
	<ExtendedData><SchemaData schemaUrl="#Stairs">
		<SimpleData name="OBJECTID">202</SimpleData>
		<SimpleData name="ID">ST-270</SimpleData>
		<SimpleData name="Address">Cumberland Place</SimpleData>
		<SimpleData name="Suburb">The Rocks</SimpleData>
		<SimpleData name="No_Steps">9</SimpleData>
		<SimpleData name="HandRails">No</SimpleData>
		<SimpleData name="TGSI">No</SimpleData>
		<SimpleData name="StairNosingConstrastStrip">No</SimpleData>
		<SimpleData name="ClosestAlternateRoutes">Cumberland Place</SimpleData>
		<SimpleData name="Photo">ST-270-1.jpg</SimpleData>
	</SchemaData></ExtendedData>
      <Point><coordinates>151.207431945731,-33.8601788125893,0</coordinates></Point>
  </Placemark>
  <Placemark>
	<name>Cowper Wharf Road Steps 1a</name>
	<ExtendedData><SchemaData schemaUrl="#Stairs">
		<SimpleData name="OBJECTID">203</SimpleData>
		<SimpleData name="ID">ST-271</SimpleData>
		<SimpleData name="Address">corner of Cowper Wharf Road and Lincoln Crescent</SimpleData>
		<SimpleData name="Suburb">Sydney</SimpleData>
		<SimpleData name="No_Steps">36</SimpleData>
		<SimpleData name="HandRails">Yes</SimpleData>
		<SimpleData name="TGSI">No</SimpleData>
		<SimpleData name="StairNosingConstrastStrip">Yes</SimpleData>
		<SimpleData name="ClosestAlternateRoutes">not applicable</SimpleData>
		<SimpleData name="Photo">ST-271-1.jpg</SimpleData>
	</SchemaData></ExtendedData>
      <Point><coordinates>151.218271749371,-33.8682179989142,0</coordinates></Point>
  </Placemark>
  <Placemark>
	<name>Sydney Opera House</name>
	<ExtendedData><SchemaData schemaUrl="#Stairs">
		<SimpleData name="OBJECTID">204</SimpleData>
		<SimpleData name="ID">ST-272</SimpleData>
		<SimpleData name="Address">Sydney Opera House Forecourt</SimpleData>
		<SimpleData name="Suburb">Sydney</SimpleData>
		<SimpleData name="No_Steps">13</SimpleData>
		<SimpleData name="HandRails">Yes</SimpleData>
		<SimpleData name="TGSI">No</SimpleData>
		<SimpleData name="StairNosingConstrastStrip">No</SimpleData>
		<SimpleData name="ClosestAlternateRoutes">lift located at main entrance to Sydney Opera House</SimpleData>
		<SimpleData name="Photo">ST-272-1.jpg</SimpleData>
	</SchemaData></ExtendedData>
      <Point><coordinates>151.214258049883,-33.8574907988859,0</coordinates></Point>
  </Placemark>
  <Placemark>
	<name>Henry Lawson Gate Stairs</name>
	<ExtendedData><SchemaData schemaUrl="#Stairs">
		<SimpleData name="OBJECTID">205</SimpleData>
		<SimpleData name="ID">ST-273</SimpleData>
		<SimpleData name="Address">The Royal Botanic Garden Sydney</SimpleData>
		<SimpleData name="Suburb">Sydney</SimpleData>
		<SimpleData name="No_Steps">12</SimpleData>
		<SimpleData name="HandRails">Yes</SimpleData>
		<SimpleData name="TGSI">No</SimpleData>
		<SimpleData name="StairNosingConstrastStrip">No</SimpleData>
		<SimpleData name="ClosestAlternateRoutes">Victoria Lodge Gate</SimpleData>
		<SimpleData name="Photo">ST-273-1.jpg</SimpleData>
	</SchemaData></ExtendedData>
      <Point><coordinates>151.21971540066,-33.8645822986838,0</coordinates></Point>
  </Placemark>
  <Placemark>
	<name>King Street Wharf</name>
	<ExtendedData><SchemaData schemaUrl="#Stairs">
		<SimpleData name="OBJECTID">206</SimpleData>
		<SimpleData name="ID">ST-274</SimpleData>
		<SimpleData name="Address">Lime Street</SimpleData>
		<SimpleData name="Suburb">Sydney</SimpleData>
		<SimpleData name="No_Steps">16</SimpleData>
		<SimpleData name="HandRails">Yes</SimpleData>
		<SimpleData name="TGSI">No</SimpleData>
		<SimpleData name="StairNosingConstrastStrip">Yes</SimpleData>
		<SimpleData name="ClosestAlternateRoutes">King Street</SimpleData>
		<SimpleData name="Photo">ST-274-1.jpg</SimpleData>
	</SchemaData></ExtendedData>
      <Point><coordinates>151.201686951639,-33.8674905986402,0</coordinates></Point>
  </Placemark>
  <Placemark>
	<name>Agar Steps 1a</name>
	<ExtendedData><SchemaData schemaUrl="#Stairs">
		<SimpleData name="OBJECTID">207</SimpleData>
		<SimpleData name="ID">ST006</SimpleData>
		<SimpleData name="Address">between Kent Street and Observatory Park</SimpleData>
		<SimpleData name="Suburb">Millers Point</SimpleData>
		<SimpleData name="No_Steps">21</SimpleData>
		<SimpleData name="HandRails">No</SimpleData>
		<SimpleData name="TGSI">No</SimpleData>
		<SimpleData name="StairNosingConstrastStrip">No</SimpleData>
		<SimpleData name="ClosestAlternateRoutes">Kent Street </SimpleData>
		<SimpleData name="Photo">No photo</SimpleData>
	</SchemaData></ExtendedData>
      <Point><coordinates>151.203936496212,-33.8609906184416,0</coordinates></Point>
  </Placemark>
  <Placemark>
	<name>King Street Wharf</name>
	<ExtendedData><SchemaData schemaUrl="#Stairs">
		<SimpleData name="OBJECTID">208</SimpleData>
		<SimpleData name="ID">ST-276</SimpleData>
		<SimpleData name="Address">Lime Street</SimpleData>
		<SimpleData name="Suburb">Sydney</SimpleData>
		<SimpleData name="No_Steps">20</SimpleData>
		<SimpleData name="HandRails">Yes</SimpleData>
		<SimpleData name="TGSI">No</SimpleData>
		<SimpleData name="StairNosingConstrastStrip">Yes</SimpleData>
		<SimpleData name="ClosestAlternateRoutes">adjacent ramp</SimpleData>
		<SimpleData name="Photo">ST-276-1.jpg</SimpleData>
	</SchemaData></ExtendedData>
      <Point><coordinates>151.201622849967,-33.8669414995746,0</coordinates></Point>
  </Placemark>
  <Placemark>
	<name>Macarthur Street Stairs</name>
	<ExtendedData><SchemaData schemaUrl="#Stairs">
		<SimpleData name="OBJECTID">209</SimpleData>
		<SimpleData name="ID">ST-277</SimpleData>
		<SimpleData name="Address">Macarthur Street</SimpleData>
		<SimpleData name="Suburb">Haymarket</SimpleData>
		<SimpleData name="No_Steps">18</SimpleData>
		<SimpleData name="HandRails">Yes</SimpleData>
		<SimpleData name="TGSI">Yes</SimpleData>
		<SimpleData name="StairNosingConstrastStrip">Yes</SimpleData>
		<SimpleData name="ClosestAlternateRoutes">Darling Drive</SimpleData>
		<SimpleData name="Photo">ST-277-1.jpg</SimpleData>
	</SchemaData></ExtendedData>
      <Point><coordinates>151.200864399197,-33.8791271989144,0</coordinates></Point>
  </Placemark>
  <Placemark>
	<name>Hohnens Stairs</name>
	<ExtendedData><SchemaData schemaUrl="#Stairs">
		<SimpleData name="OBJECTID">210</SimpleData>
		<SimpleData name="ID">ST132</SimpleData>
		<SimpleData name="Address">between Palmer Street and Crown Street</SimpleData>
		<SimpleData name="Suburb">Darlinghurst</SimpleData>
		<SimpleData name="No_Steps">20</SimpleData>
		<SimpleData name="HandRails">Yes</SimpleData>
		<SimpleData name="TGSI">No</SimpleData>
		<SimpleData name="StairNosingConstrastStrip">No</SimpleData>
		<SimpleData name="ClosestAlternateRoutes">Palmer Street</SimpleData>
		<SimpleData name="Photo">ST132_001.JPG</SimpleData>
	</SchemaData></ExtendedData>
      <Point><coordinates>151.216316746176,-33.8778657941034,0</coordinates></Point>
  </Placemark>
  <Placemark>
	<name>Museum Station</name>
	<ExtendedData><SchemaData schemaUrl="#Stairs">
		<SimpleData name="OBJECTID">211</SimpleData>
		<SimpleData name="ID">ST-279</SimpleData>
		<SimpleData name="Address">Hyde Park South</SimpleData>
		<SimpleData name="Suburb">Sydney</SimpleData>
		<SimpleData name="No_Steps">20</SimpleData>
		<SimpleData name="HandRails">Yes</SimpleData>
		<SimpleData name="TGSI">Yes</SimpleData>
		<SimpleData name="StairNosingConstrastStrip">Yes</SimpleData>
		<SimpleData name="ClosestAlternateRoutes">Elizabeth Street</SimpleData>
		<SimpleData name="Photo">ST-279-3.jpg</SimpleData>
	</SchemaData></ExtendedData>
      <Point><coordinates>151.209850391708,-33.8749167498616,0</coordinates></Point>
  </Placemark>
  <Placemark>
	<name>Moore Stairs</name>
	<ExtendedData><SchemaData schemaUrl="#Stairs">
		<SimpleData name="OBJECTID">212</SimpleData>
		<SimpleData name="ID">ST029</SimpleData>
		<SimpleData name="Address">between Circular Quay East and Macquarie Street</SimpleData>
		<SimpleData name="Suburb">Sydney</SimpleData>
		<SimpleData name="No_Steps">38</SimpleData>
		<SimpleData name="HandRails">Yes</SimpleData>
		<SimpleData name="TGSI">No</SimpleData>
		<SimpleData name="StairNosingConstrastStrip">No</SimpleData>
		<SimpleData name="ClosestAlternateRoutes">Macquarie Street</SimpleData>
		<SimpleData name="Photo">ST029_001.JPG</SimpleData>
	</SchemaData></ExtendedData>
      <Point><coordinates>151.213044044382,-33.8605562856713,0</coordinates></Point>
  </Placemark>
  <Placemark>
	<name>Sydney Opera House</name>
	<ExtendedData><SchemaData schemaUrl="#Stairs">
		<SimpleData name="OBJECTID">213</SimpleData>
		<SimpleData name="ID">ST-281</SimpleData>
		<SimpleData name="Address">Sydney Opera House Forecourt</SimpleData>
		<SimpleData name="Suburb">Sydney</SimpleData>
		<SimpleData name="No_Steps">22</SimpleData>
		<SimpleData name="HandRails">Yes</SimpleData>
		<SimpleData name="TGSI">No</SimpleData>
		<SimpleData name="StairNosingConstrastStrip">No</SimpleData>
		<SimpleData name="ClosestAlternateRoutes">lift located at main entrance to Sydney Opera House</SimpleData>
		<SimpleData name="Photo">ST-281-1.jpg</SimpleData>
	</SchemaData></ExtendedData>
      <Point><coordinates>151.214516149887,-33.8574764489133,0</coordinates></Point>
  </Placemark>
  <Placemark>
	<name>Harmony Park Stairs 1a</name>
	<ExtendedData><SchemaData schemaUrl="#Stairs">
		<SimpleData name="OBJECTID">214</SimpleData>
		<SimpleData name="ID">ST-282</SimpleData>
		<SimpleData name="Address">Hunt Street</SimpleData>
		<SimpleData name="Suburb">Surry Hills</SimpleData>
		<SimpleData name="No_Steps">12</SimpleData>
		<SimpleData name="HandRails">Yes</SimpleData>
		<SimpleData name="TGSI">Yes</SimpleData>
		<SimpleData name="StairNosingConstrastStrip">No</SimpleData>
		<SimpleData name="ClosestAlternateRoutes">Campbell Street</SimpleData>
		<SimpleData name="Photo">ST-282-2.jpg</SimpleData>
	</SchemaData></ExtendedData>
      <Point><coordinates>151.212137000682,-33.8801158992539,0</coordinates></Point>
  </Placemark>
  <Placemark>
	<name>Finger Wharf Substation 1a</name>
	<ExtendedData><SchemaData schemaUrl="#Stairs">
		<SimpleData name="OBJECTID">215</SimpleData>
		<SimpleData name="ID">ST-283</SimpleData>
		<SimpleData name="Address">Lincoln Crescent</SimpleData>
		<SimpleData name="Suburb">Sydney</SimpleData>
		<SimpleData name="No_Steps">86</SimpleData>
		<SimpleData name="HandRails">Yes</SimpleData>
		<SimpleData name="TGSI">No</SimpleData>
		<SimpleData name="StairNosingConstrastStrip">Yes</SimpleData>
		<SimpleData name="ClosestAlternateRoutes">Cowper Wharf Road</SimpleData>
		<SimpleData name="Photo">ST-283-1.jpg</SimpleData>
	</SchemaData></ExtendedData>
      <Point><coordinates>151.218833901015,-33.8671261557731,0</coordinates></Point>
  </Placemark>
  <Placemark>
	<name>Town Hall Station</name>
	<ExtendedData><SchemaData schemaUrl="#Stairs">
		<SimpleData name="OBJECTID">216</SimpleData>
		<SimpleData name="ID">ST-284</SimpleData>
		<SimpleData name="Address">George Street</SimpleData>
		<SimpleData name="Suburb">Sydney</SimpleData>
		<SimpleData name="No_Steps">34</SimpleData>
		<SimpleData name="HandRails">Yes</SimpleData>
		<SimpleData name="TGSI">Yes</SimpleData>
		<SimpleData name="StairNosingConstrastStrip">Yes</SimpleData>
		<SimpleData name="ClosestAlternateRoutes">station lift</SimpleData>
		<SimpleData name="Photo">ST-284-1.jpg</SimpleData>
	</SchemaData></ExtendedData>
      <Point><coordinates>151.206675429379,-33.8742053585925,0</coordinates></Point>
  </Placemark>
  <Placemark>
	<name>Andrew (Boy) Charlton Pool 1a</name>
	<ExtendedData><SchemaData schemaUrl="#Stairs">
		<SimpleData name="OBJECTID">217</SimpleData>
		<SimpleData name="ID">ST-285</SimpleData>
		<SimpleData name="Address">The Royal Botanic Garden Sydney</SimpleData>
		<SimpleData name="Suburb">Sydney</SimpleData>
		<SimpleData name="No_Steps">34</SimpleData>
		<SimpleData name="HandRails">Yes</SimpleData>
		<SimpleData name="TGSI">No</SimpleData>
		<SimpleData name="StairNosingConstrastStrip">No</SimpleData>
		<SimpleData name="ClosestAlternateRoutes">adjacent footpath</SimpleData>
		<SimpleData name="Photo">ST-285-3.jpg</SimpleData>
	</SchemaData></ExtendedData>
      <Point><coordinates>151.218002041952,-33.8672453611195,0</coordinates></Point>
  </Placemark>
  <Placemark>
	<name>Kings Lane Stairs 3a</name>
	<ExtendedData><SchemaData schemaUrl="#Stairs">
		<SimpleData name="OBJECTID">218</SimpleData>
		<SimpleData name="ID">ST131</SimpleData>
		<SimpleData name="Address">between Bourke Street and Palmer Street</SimpleData>
		<SimpleData name="Suburb">Darlinghurst</SimpleData>
		<SimpleData name="No_Steps">30</SimpleData>
		<SimpleData name="HandRails">Yes</SimpleData>
		<SimpleData name="TGSI">No</SimpleData>
		<SimpleData name="StairNosingConstrastStrip">No</SimpleData>
		<SimpleData name="ClosestAlternateRoutes">Bourke street</SimpleData>
		<SimpleData name="Photo">ST131_001.JPG</SimpleData>
	</SchemaData></ExtendedData>
      <Point><coordinates>151.217201446918,-33.8779946547057,0</coordinates></Point>
  </Placemark>
  <Placemark>
	<name>Hyde Park South</name>
	<ExtendedData><SchemaData schemaUrl="#Stairs">
		<SimpleData name="OBJECTID">219</SimpleData>
		<SimpleData name="ID">ST-287</SimpleData>
		<SimpleData name="Address">ANZAC Memorial</SimpleData>
		<SimpleData name="Suburb">Sydney</SimpleData>
		<SimpleData name="No_Steps">10</SimpleData>
		<SimpleData name="HandRails">Yes</SimpleData>
		<SimpleData name="TGSI">No</SimpleData>
		<SimpleData name="StairNosingConstrastStrip">No</SimpleData>
		<SimpleData name="ClosestAlternateRoutes">Elizabeth Street</SimpleData>
		<SimpleData name="Photo">ST-287-2.jpg</SimpleData>
	</SchemaData></ExtendedData>
      <Point><coordinates>151.210438900136,-33.8756709489196,0</coordinates></Point>
  </Placemark>
  <Placemark>
	<name>Towns Place Steps</name>
	<ExtendedData><SchemaData schemaUrl="#Stairs">
		<SimpleData name="OBJECTID">220</SimpleData>
		<SimpleData name="ID">ST-288</SimpleData>
		<SimpleData name="Address">Dalgety Road</SimpleData>
		<SimpleData name="Suburb">Millers Point</SimpleData>
		<SimpleData name="No_Steps">38</SimpleData>
		<SimpleData name="HandRails">Yes</SimpleData>
		<SimpleData name="TGSI">Yes</SimpleData>
		<SimpleData name="StairNosingConstrastStrip">Yes</SimpleData>
		<SimpleData name="ClosestAlternateRoutes">Dalgety Road</SimpleData>
		<SimpleData name="Photo">ST-288-1.jpg</SimpleData>
	</SchemaData></ExtendedData>
      <Point><coordinates>151.202679600965,-33.857159850734,0</coordinates></Point>
  </Placemark>
  <Placemark>
	<name>Lincoln Crescent Stairs 1a</name>
	<ExtendedData><SchemaData schemaUrl="#Stairs">
		<SimpleData name="OBJECTID">221</SimpleData>
		<SimpleData name="ID">ST-289</SimpleData>
		<SimpleData name="Address">The Royal Botanic Garden Sydney</SimpleData>
		<SimpleData name="Suburb">Sydney</SimpleData>
		<SimpleData name="No_Steps">47</SimpleData>
		<SimpleData name="HandRails">Yes</SimpleData>
		<SimpleData name="TGSI">No</SimpleData>
		<SimpleData name="StairNosingConstrastStrip">No</SimpleData>
		<SimpleData name="ClosestAlternateRoutes">Mrs Macquaries Road</SimpleData>
		<SimpleData name="Photo">ST-289-1.jpg</SimpleData>
	</SchemaData></ExtendedData>
      <Point><coordinates>151.219122649799,-33.8666472485162,0</coordinates></Point>
  </Placemark>
  <Placemark>
	<name>First Fleet Park</name>
	<ExtendedData><SchemaData schemaUrl="#Stairs">
		<SimpleData name="OBJECTID">222</SimpleData>
		<SimpleData name="ID">ST-290</SimpleData>
		<SimpleData name="Address">George Street</SimpleData>
		<SimpleData name="Suburb">The Rocks</SimpleData>
		<SimpleData name="No_Steps">17</SimpleData>
		<SimpleData name="HandRails">No</SimpleData>
		<SimpleData name="TGSI">No</SimpleData>
		<SimpleData name="StairNosingConstrastStrip">No</SimpleData>
		<SimpleData name="ClosestAlternateRoutes">Alfred Street</SimpleData>
		<SimpleData name="Photo">ST-290-2.jpg</SimpleData>
	</SchemaData></ExtendedData>
      <Point><coordinates>151.208737306262,-33.860543170377,0</coordinates></Point>
  </Placemark>
  <Placemark>
	<name>Pioneer Garden Steps 2a</name>
	<ExtendedData><SchemaData schemaUrl="#Stairs">
		<SimpleData name="OBJECTID">223</SimpleData>
		<SimpleData name="ID">ST-291</SimpleData>
		<SimpleData name="Address">The Royal Botanic Garden Sydney</SimpleData>
		<SimpleData name="Suburb">Sydney</SimpleData>
		<SimpleData name="No_Steps">32</SimpleData>
		<SimpleData name="HandRails">Yes</SimpleData>
		<SimpleData name="TGSI">No</SimpleData>
		<SimpleData name="StairNosingConstrastStrip">No</SimpleData>
		<SimpleData name="ClosestAlternateRoutes">adjacent footpath</SimpleData>
		<SimpleData name="Photo">ST-291-1.jpg</SimpleData>
	</SchemaData></ExtendedData>
      <Point><coordinates>151.215028950579,-33.8648044498559,0</coordinates></Point>
  </Placemark>
  <Placemark>
	<name>Mill Lane Steps</name>
	<ExtendedData><SchemaData schemaUrl="#Stairs">
		<SimpleData name="OBJECTID">224</SimpleData>
		<SimpleData name="ID">ST-292</SimpleData>
		<SimpleData name="Address">corner of Mill Lane and Playfair Street</SimpleData>
		<SimpleData name="Suburb">The Rocks</SimpleData>
		<SimpleData name="No_Steps">15</SimpleData>
		<SimpleData name="HandRails">Yes</SimpleData>
		<SimpleData name="TGSI">Yes</SimpleData>
		<SimpleData name="StairNosingConstrastStrip">No</SimpleData>
		<SimpleData name="ClosestAlternateRoutes">George Street</SimpleData>
		<SimpleData name="Photo">ST-292-1.jpg</SimpleData>
	</SchemaData></ExtendedData>
      <Point><coordinates>151.208484699938,-33.8583392476929,0</coordinates></Point>
  </Placemark>
  <Placemark>
	<name>Sydney Harbour Bridge Stairs</name>
	<ExtendedData><SchemaData schemaUrl="#Stairs">
		<SimpleData name="OBJECTID">225</SimpleData>
		<SimpleData name="ID">ST-293</SimpleData>
		<SimpleData name="Address">Cumberland Street</SimpleData>
		<SimpleData name="Suburb">Millers Point</SimpleData>
		<SimpleData name="No_Steps">64</SimpleData>
		<SimpleData name="HandRails">Yes</SimpleData>
		<SimpleData name="TGSI">No</SimpleData>
		<SimpleData name="StairNosingConstrastStrip">No</SimpleData>
		<SimpleData name="ClosestAlternateRoutes">Cumberland Street</SimpleData>
		<SimpleData name="Photo">ST-293-1.jpg</SimpleData>
	</SchemaData></ExtendedData>
      <Point><coordinates>151.206817762987,-33.8590539746731,0</coordinates></Point>
  </Placemark>
  <Placemark>
	<name>Palace Garden Gate Stairs 2a</name>
	<ExtendedData><SchemaData schemaUrl="#Stairs">
		<SimpleData name="OBJECTID">226</SimpleData>
		<SimpleData name="ID">ST-294</SimpleData>
		<SimpleData name="Address">The Royal Botanic Garden Sydney</SimpleData>
		<SimpleData name="Suburb">Sydney</SimpleData>
		<SimpleData name="No_Steps">6</SimpleData>
		<SimpleData name="HandRails">No</SimpleData>
		<SimpleData name="TGSI">No</SimpleData>
		<SimpleData name="StairNosingConstrastStrip">No</SimpleData>
		<SimpleData name="ClosestAlternateRoutes">Conservatorium Gate entrance</SimpleData>
		<SimpleData name="Photo">ST-294-1.jpg</SimpleData>
	</SchemaData></ExtendedData>
      <Point><coordinates>151.212839769821,-33.8644962761173,0</coordinates></Point>
  </Placemark>
  <Placemark>
	<name>Cockle Bay Wharf Footbridge Stairs</name>
	<ExtendedData><SchemaData schemaUrl="#Stairs">
		<SimpleData name="OBJECTID">227</SimpleData>
		<SimpleData name="ID">ST-295</SimpleData>
		<SimpleData name="Address">Druitt Street</SimpleData>
		<SimpleData name="Suburb">Sydney</SimpleData>
		<SimpleData name="No_Steps">38</SimpleData>
		<SimpleData name="HandRails">Yes</SimpleData>
		<SimpleData name="TGSI">No</SimpleData>
		<SimpleData name="StairNosingConstrastStrip">No</SimpleData>
		<SimpleData name="ClosestAlternateRoutes">adjacent footpath</SimpleData>
		<SimpleData name="Photo">ST-295-3.jpg</SimpleData>
	</SchemaData></ExtendedData>
      <Point><coordinates>151.201901633405,-33.8729949726285,0</coordinates></Point>
  </Placemark>
  <Placemark>
	<name>Grosvenor Place Stairs</name>
	<ExtendedData><SchemaData schemaUrl="#Stairs">
		<SimpleData name="OBJECTID">228</SimpleData>
		<SimpleData name="ID">ST-296</SimpleData>
		<SimpleData name="Address">George Street</SimpleData>
		<SimpleData name="Suburb">The Rocks</SimpleData>
		<SimpleData name="No_Steps">5</SimpleData>
		<SimpleData name="HandRails">Yes</SimpleData>
		<SimpleData name="TGSI">Yes</SimpleData>
		<SimpleData name="StairNosingConstrastStrip">No</SimpleData>
		<SimpleData name="ClosestAlternateRoutes">George Street </SimpleData>
		<SimpleData name="Photo">ST-296-1.jpg</SimpleData>
	</SchemaData></ExtendedData>
      <Point><coordinates>151.20740858188,-33.8627042279304,0</coordinates></Point>
  </Placemark>
  <Placemark>
	<name>Bethel Steps</name>
	<ExtendedData><SchemaData schemaUrl="#Stairs">
		<SimpleData name="OBJECTID">229</SimpleData>
		<SimpleData name="ID">ST-297</SimpleData>
		<SimpleData name="Address">Circular Quay West</SimpleData>
		<SimpleData name="Suburb">The Rocks</SimpleData>
		<SimpleData name="No_Steps">24</SimpleData>
		<SimpleData name="HandRails">No</SimpleData>
		<SimpleData name="TGSI">No</SimpleData>
		<SimpleData name="StairNosingConstrastStrip">No</SimpleData>
		<SimpleData name="ClosestAlternateRoutes">Argyle Street</SimpleData>
		<SimpleData name="Photo">ST-297-1.jpg</SimpleData>
	</SchemaData></ExtendedData>
      <Point><coordinates>151.209266899689,-33.8583444483071,0</coordinates></Point>
  </Placemark>
  <Placemark>
	<name>Harbour Masters Steps</name>
	<ExtendedData><SchemaData schemaUrl="#Stairs">
		<SimpleData name="OBJECTID">230</SimpleData>
		<SimpleData name="ID">ST-298</SimpleData>
		<SimpleData name="Address">Circular Quay West</SimpleData>
		<SimpleData name="Suburb">The Rocks</SimpleData>
		<SimpleData name="No_Steps">15</SimpleData>
		<SimpleData name="HandRails">Yes</SimpleData>
		<SimpleData name="TGSI">No</SimpleData>
		<SimpleData name="StairNosingConstrastStrip">Yes</SimpleData>
		<SimpleData name="ClosestAlternateRoutes">George Street </SimpleData>
		<SimpleData name="Photo">ST-298-1.jpg</SimpleData>
	</SchemaData></ExtendedData>
      <Point><coordinates>151.209623149808,-33.8603802981789,0</coordinates></Point>
  </Placemark>
  <Placemark>
	<name>Baludarri Stairs</name>
	<ExtendedData><SchemaData schemaUrl="#Stairs">
		<SimpleData name="OBJECTID">231</SimpleData>
		<SimpleData name="ID">ST-299</SimpleData>
		<SimpleData name="Address">Barangaroo Reserve</SimpleData>
		<SimpleData name="Suburb">Barangaroo</SimpleData>
		<SimpleData name="No_Steps">74</SimpleData>
		<SimpleData name="HandRails">Yes</SimpleData>
		<SimpleData name="TGSI">No</SimpleData>
		<SimpleData name="StairNosingConstrastStrip">No</SimpleData>
		<SimpleData name="ClosestAlternateRoutes">Towns Place</SimpleData>
		<SimpleData name="Photo">ST-299-1.jpg</SimpleData>
	</SchemaData></ExtendedData>
      <Point><coordinates>151.202037263251,-33.8562526497329,0</coordinates></Point>
  </Placemark>
  <Placemark>
	<name>Lime Street Steps</name>
	<ExtendedData><SchemaData schemaUrl="#Stairs">
		<SimpleData name="OBJECTID">232</SimpleData>
		<SimpleData name="ID">ST-300</SimpleData>
		<SimpleData name="Address">Lime Street</SimpleData>
		<SimpleData name="Suburb">Sydney</SimpleData>
		<SimpleData name="No_Steps">27</SimpleData>
		<SimpleData name="HandRails">Yes</SimpleData>
		<SimpleData name="TGSI">Yes</SimpleData>
		<SimpleData name="StairNosingConstrastStrip">No</SimpleData>
		<SimpleData name="ClosestAlternateRoutes">King Street</SimpleData>
		<SimpleData name="Photo">ST-300-1.jpg</SimpleData>
	</SchemaData></ExtendedData>
      <Point><coordinates>151.202502099102,-33.8688993997955,0</coordinates></Point>
  </Placemark>
  <Placemark>
	<name>Market City</name>
	<ExtendedData><SchemaData schemaUrl="#Stairs">
		<SimpleData name="OBJECTID">233</SimpleData>
		<SimpleData name="ID">ST-301</SimpleData>
		<SimpleData name="Address">Hay Street</SimpleData>
		<SimpleData name="Suburb">Haymarket</SimpleData>
		<SimpleData name="No_Steps">29</SimpleData>
		<SimpleData name="HandRails">Yes</SimpleData>
		<SimpleData name="TGSI">No</SimpleData>
		<SimpleData name="StairNosingConstrastStrip">No</SimpleData>
		<SimpleData name="ClosestAlternateRoutes">adjacent lift or escalator</SimpleData>
		<SimpleData name="Photo">ST-301-2.jpg</SimpleData>
	</SchemaData></ExtendedData>
      <Point><coordinates>151.204278300081,-33.8796713489713,0</coordinates></Point>
  </Placemark>
  <Placemark>
	<name>Tallawoladah Stairs</name>
	<ExtendedData><SchemaData schemaUrl="#Stairs">
		<SimpleData name="OBJECTID">234</SimpleData>
		<SimpleData name="ID">ST-302</SimpleData>
		<SimpleData name="Address">George Street</SimpleData>
		<SimpleData name="Suburb">Dawes Point</SimpleData>
		<SimpleData name="No_Steps">39</SimpleData>
		<SimpleData name="HandRails">Yes</SimpleData>
		<SimpleData name="TGSI">No</SimpleData>
		<SimpleData name="StairNosingConstrastStrip">No</SimpleData>
		<SimpleData name="ClosestAlternateRoutes">Cumberland Street</SimpleData>
		<SimpleData name="Photo">ST-302-2.jpg</SimpleData>
	</SchemaData></ExtendedData>
      <Point><coordinates>151.20778911013,-33.856614083864,0</coordinates></Point>
  </Placemark>
  <Placemark>
	<name>High Street Stairs</name>
	<ExtendedData><SchemaData schemaUrl="#Stairs">
		<SimpleData name="OBJECTID">235</SimpleData>
		<SimpleData name="ID">ST018</SimpleData>
		<SimpleData name="Address">between Hickson Road and High Street</SimpleData>
		<SimpleData name="Suburb">Millers Point</SimpleData>
		<SimpleData name="No_Steps">54</SimpleData>
		<SimpleData name="HandRails">Yes</SimpleData>
		<SimpleData name="TGSI">No</SimpleData>
		<SimpleData name="StairNosingConstrastStrip">No</SimpleData>
		<SimpleData name="ClosestAlternateRoutes">Hickson Road</SimpleData>
		<SimpleData name="Photo">ST018_001.JPG</SimpleData>
	</SchemaData></ExtendedData>
      <Point><coordinates>151.202919033069,-33.8612180821339,0</coordinates></Point>
  </Placemark>
  <Placemark>
	<name>Slip Street Stairs</name>
	<ExtendedData><SchemaData schemaUrl="#Stairs">
		<SimpleData name="OBJECTID">236</SimpleData>
		<SimpleData name="ID">ST-304</SimpleData>
		<SimpleData name="Address">Slip Street</SimpleData>
		<SimpleData name="Suburb">Sydney</SimpleData>
		<SimpleData name="No_Steps">35</SimpleData>
		<SimpleData name="HandRails">Yes</SimpleData>
		<SimpleData name="TGSI">No</SimpleData>
		<SimpleData name="StairNosingConstrastStrip">No</SimpleData>
		<SimpleData name="ClosestAlternateRoutes">Sussex Street</SimpleData>
		<SimpleData name="Photo">ST-304-1.jpg</SimpleData>
	</SchemaData></ExtendedData>
      <Point><coordinates>151.203348012893,-33.8687844157109,0</coordinates></Point>
  </Placemark>
  <Placemark>
	<name>Woolloomooloo Bay Stairs</name>
	<ExtendedData><SchemaData schemaUrl="#Stairs">
		<SimpleData name="OBJECTID">237</SimpleData>
		<SimpleData name="ID">ST-305</SimpleData>
		<SimpleData name="Address">The Royal Botanic Garden Sydney</SimpleData>
		<SimpleData name="Suburb">Sydney</SimpleData>
		<SimpleData name="No_Steps">22</SimpleData>
		<SimpleData name="HandRails">Yes</SimpleData>
		<SimpleData name="TGSI">No</SimpleData>
		<SimpleData name="StairNosingConstrastStrip">No</SimpleData>
		<SimpleData name="ClosestAlternateRoutes">not applicable</SimpleData>
		<SimpleData name="Photo">ST-305-2.jpg</SimpleData>
	</SchemaData></ExtendedData>
      <Point><coordinates>151.220206350508,-33.865557748742,0</coordinates></Point>
  </Placemark>
  <Placemark>
	<name>Agar Steps 2a</name>
	<ExtendedData><SchemaData schemaUrl="#Stairs">
		<SimpleData name="OBJECTID">238</SimpleData>
		<SimpleData name="ID">ST007</SimpleData>
		<SimpleData name="Address">between Kent Street and Observatory Park</SimpleData>
		<SimpleData name="Suburb">Millers Point</SimpleData>
		<SimpleData name="No_Steps">47</SimpleData>
		<SimpleData name="HandRails">No</SimpleData>
		<SimpleData name="TGSI">No</SimpleData>
		<SimpleData name="StairNosingConstrastStrip">No</SimpleData>
		<SimpleData name="ClosestAlternateRoutes">Kent Street </SimpleData>
		<SimpleData name="Photo">ST007_001.JPG</SimpleData>
	</SchemaData></ExtendedData>
      <Point><coordinates>151.204112000584,-33.8608064254425,0</coordinates></Point>
  </Placemark>
  <Placemark>
	<name>State Library of NSW</name>
	<ExtendedData><SchemaData schemaUrl="#Stairs">
		<SimpleData name="OBJECTID">239</SimpleData>
		<SimpleData name="ID">ST-309</SimpleData>
		<SimpleData name="Address">Hospital Road</SimpleData>
		<SimpleData name="Suburb">Sydney</SimpleData>
		<SimpleData name="No_Steps">5</SimpleData>
		<SimpleData name="HandRails">Yes</SimpleData>
		<SimpleData name="TGSI">No</SimpleData>
		<SimpleData name="StairNosingConstrastStrip">No</SimpleData>
		<SimpleData name="ClosestAlternateRoutes">Hospital Road</SimpleData>
		<SimpleData name="Photo">ST-309-1.jpg</SimpleData>
	</SchemaData></ExtendedData>
      <Point><coordinates>151.213319498815,-33.8667999993528,0</coordinates></Point>
  </Placemark>
  <Placemark>
	<name>King Street Wharf</name>
	<ExtendedData><SchemaData schemaUrl="#Stairs">
		<SimpleData name="OBJECTID">240</SimpleData>
		<SimpleData name="ID">ST-310</SimpleData>
		<SimpleData name="Address">Lime Street</SimpleData>
		<SimpleData name="Suburb">Sydney</SimpleData>
		<SimpleData name="No_Steps">16</SimpleData>
		<SimpleData name="HandRails">Yes</SimpleData>
		<SimpleData name="TGSI">No</SimpleData>
		<SimpleData name="StairNosingConstrastStrip">Yes</SimpleData>
		<SimpleData name="ClosestAlternateRoutes">King Street</SimpleData>
		<SimpleData name="Photo">ST-310-1.jpg</SimpleData>
	</SchemaData></ExtendedData>
      <Point><coordinates>151.201812699838,-33.8684582976632,0</coordinates></Point>
  </Placemark>
  <Placemark>
	<name>Wulugul Walk Stairs 2</name>
	<ExtendedData><SchemaData schemaUrl="#Stairs">
		<SimpleData name="OBJECTID">241</SimpleData>
		<SimpleData name="ID">ST-311</SimpleData>
		<SimpleData name="Address">Barangaroo Reserve</SimpleData>
		<SimpleData name="Suburb">Barangaroo</SimpleData>
		<SimpleData name="No_Steps">71</SimpleData>
		<SimpleData name="HandRails">Yes</SimpleData>
		<SimpleData name="TGSI">No</SimpleData>
		<SimpleData name="StairNosingConstrastStrip">Yes</SimpleData>
		<SimpleData name="ClosestAlternateRoutes">Merriman Street. Alternative stairs throughout park. Lift at south-west corner of park</SimpleData>
		<SimpleData name="Photo">ST-311-1.jpg</SimpleData>
	</SchemaData></ExtendedData>
      <Point><coordinates>151.200647117301,-33.8566702591766,0</coordinates></Point>
  </Placemark>
  <Placemark>
	<name>St Mary Cathederal</name>
	<ExtendedData><SchemaData schemaUrl="#Stairs">
		<SimpleData name="OBJECTID">242</SimpleData>
		<SimpleData name="ID">ST034</SimpleData>
		<SimpleData name="Address">corner of College Street and Prince Albert Road</SimpleData>
		<SimpleData name="Suburb">Sydney</SimpleData>
		<SimpleData name="No_Steps">24</SimpleData>
		<SimpleData name="HandRails">Yes</SimpleData>
		<SimpleData name="TGSI">No</SimpleData>
		<SimpleData name="StairNosingConstrastStrip">No</SimpleData>
		<SimpleData name="ClosestAlternateRoutes">College Street</SimpleData>
		<SimpleData name="Photo">ST034_001.JPG</SimpleData>
	</SchemaData></ExtendedData>
      <Point><coordinates>151.213244869408,-33.8705475483017,0</coordinates></Point>
  </Placemark>
  <Placemark>
	<name>King Street Wharf</name>
	<ExtendedData><SchemaData schemaUrl="#Stairs">
		<SimpleData name="OBJECTID">243</SimpleData>
		<SimpleData name="ID">ST-313</SimpleData>
		<SimpleData name="Address">Lime Street</SimpleData>
		<SimpleData name="Suburb">Sydney</SimpleData>
		<SimpleData name="No_Steps">18</SimpleData>
		<SimpleData name="HandRails">Yes</SimpleData>
		<SimpleData name="TGSI">No</SimpleData>
		<SimpleData name="StairNosingConstrastStrip">Yes</SimpleData>
		<SimpleData name="ClosestAlternateRoutes">Lime Street</SimpleData>
		<SimpleData name="Photo">ST-313-1.jpg</SimpleData>
	</SchemaData></ExtendedData>
      <Point><coordinates>151.201813167735,-33.8688558851058,0</coordinates></Point>
  </Placemark>
  <Placemark>
	<name>The Goods Line West</name>
	<ExtendedData><SchemaData schemaUrl="#Stairs">
		<SimpleData name="OBJECTID">244</SimpleData>
		<SimpleData name="ID">ST-314</SimpleData>
		<SimpleData name="Address">Harris Street</SimpleData>
		<SimpleData name="Suburb">Ultimo</SimpleData>
		<SimpleData name="No_Steps">21</SimpleData>
		<SimpleData name="HandRails">Yes</SimpleData>
		<SimpleData name="TGSI">Yes</SimpleData>
		<SimpleData name="StairNosingConstrastStrip">No</SimpleData>
		<SimpleData name="ClosestAlternateRoutes">Ultimo Road</SimpleData>
		<SimpleData name="Photo">ST-314-1.jpg</SimpleData>
	</SchemaData></ExtendedData>
      <Point><coordinates>151.20193652584,-33.8818446956233,0</coordinates></Point>
  </Placemark>
  <Placemark>
	<name>Windmill Steps</name>
	<ExtendedData><SchemaData schemaUrl="#Stairs">
		<SimpleData name="OBJECTID">245</SimpleData>
		<SimpleData name="ID">ST010</SimpleData>
		<SimpleData name="Address">Windmill Street</SimpleData>
		<SimpleData name="Suburb">Millers Point</SimpleData>
		<SimpleData name="No_Steps">61</SimpleData>
		<SimpleData name="HandRails">Yes</SimpleData>
		<SimpleData name="TGSI">No</SimpleData>
		<SimpleData name="StairNosingConstrastStrip">No</SimpleData>
		<SimpleData name="ClosestAlternateRoutes">Windmill Steet</SimpleData>
		<SimpleData name="Photo">ST010_001.JPG</SimpleData>
	</SchemaData></ExtendedData>
      <Point><coordinates>151.203577595133,-33.8574990668238,0</coordinates></Point>
  </Placemark>
  <Placemark>
	<name>Hyde Park South</name>
	<ExtendedData><SchemaData schemaUrl="#Stairs">
		<SimpleData name="OBJECTID">246</SimpleData>
		<SimpleData name="ID">ST-316</SimpleData>
		<SimpleData name="Address">Park Street</SimpleData>
		<SimpleData name="Suburb">Sydney</SimpleData>
		<SimpleData name="No_Steps">16</SimpleData>
		<SimpleData name="HandRails">Yes</SimpleData>
		<SimpleData name="TGSI">Yes</SimpleData>
		<SimpleData name="StairNosingConstrastStrip">Yes</SimpleData>
		<SimpleData name="ClosestAlternateRoutes">Park street</SimpleData>
		<SimpleData name="Photo">ST-316-2.jpg</SimpleData>
	</SchemaData></ExtendedData>
      <Point><coordinates>151.211305951915,-33.87370107211,0</coordinates></Point>
  </Placemark>
  <Placemark>
	<name>The Domain Stairs</name>
	<ExtendedData><SchemaData schemaUrl="#Stairs">
		<SimpleData name="OBJECTID">247</SimpleData>
		<SimpleData name="ID">ST-317</SimpleData>
		<SimpleData name="Address">The Domain</SimpleData>
		<SimpleData name="Suburb">Sydney</SimpleData>
		<SimpleData name="No_Steps">35</SimpleData>
		<SimpleData name="HandRails">Yes</SimpleData>
		<SimpleData name="TGSI">No</SimpleData>
		<SimpleData name="StairNosingConstrastStrip">Yes</SimpleData>
		<SimpleData name="ClosestAlternateRoutes">Art Gallery Road via footpath</SimpleData>
		<SimpleData name="Photo">ST-317-1.jpg</SimpleData>
	</SchemaData></ExtendedData>
      <Point><coordinates>151.218106500129,-33.8679833485335,0</coordinates></Point>
  </Placemark>
  <Placemark>
	<name>Central Station</name>
	<ExtendedData><SchemaData schemaUrl="#Stairs">
		<SimpleData name="OBJECTID">248</SimpleData>
		<SimpleData name="ID">ST-318</SimpleData>
		<SimpleData name="Address">Eddy Avenue</SimpleData>
		<SimpleData name="Suburb">Haymarket</SimpleData>
		<SimpleData name="No_Steps">43</SimpleData>
		<SimpleData name="HandRails">Yes</SimpleData>
		<SimpleData name="TGSI">Yes</SimpleData>
		<SimpleData name="StairNosingConstrastStrip">Yes</SimpleData>
		<SimpleData name="ClosestAlternateRoutes">adjacent escalator</SimpleData>
		<SimpleData name="Photo">ST-318-1.jpg</SimpleData>
	</SchemaData></ExtendedData>
      <Point><coordinates>151.206245526746,-33.8823741121198,0</coordinates></Point>
  </Placemark>
  <Placemark>
	<name>First Fleet Steps</name>
	<ExtendedData><SchemaData schemaUrl="#Stairs">
		<SimpleData name="OBJECTID">249</SimpleData>
		<SimpleData name="ID">ST-319</SimpleData>
		<SimpleData name="Address">The Royal Botanic Garden Sydney</SimpleData>
		<SimpleData name="Suburb">Sydney</SimpleData>
		<SimpleData name="No_Steps">80</SimpleData>
		<SimpleData name="HandRails">No</SimpleData>
		<SimpleData name="TGSI">No</SimpleData>
		<SimpleData name="StairNosingConstrastStrip">No</SimpleData>
		<SimpleData name="ClosestAlternateRoutes">Mrs Macquarie Road</SimpleData>
		<SimpleData name="Photo">ST-319-1.jpg</SimpleData>
	</SchemaData></ExtendedData>
      <Point><coordinates>151.221405085712,-33.8612782329262,0</coordinates></Point>
  </Placemark>
  <Placemark>
	<name>State Library of NSW</name>
	<ExtendedData><SchemaData schemaUrl="#Stairs">
		<SimpleData name="OBJECTID">250</SimpleData>
		<SimpleData name="ID">ST-320</SimpleData>
		<SimpleData name="Address">Hospital Road</SimpleData>
		<SimpleData name="Suburb">Sydney</SimpleData>
		<SimpleData name="No_Steps">26</SimpleData>
		<SimpleData name="HandRails">Yes</SimpleData>
		<SimpleData name="TGSI">No</SimpleData>
		<SimpleData name="StairNosingConstrastStrip">No</SimpleData>
		<SimpleData name="ClosestAlternateRoutes">Hospital Road</SimpleData>
		<SimpleData name="Photo">ST-320-1.jpg</SimpleData>
	</SchemaData></ExtendedData>
      <Point><coordinates>151.213529798817,-33.866750649258,0</coordinates></Point>
  </Placemark>
  <Placemark>
	<name>Barangaroo</name>
	<ExtendedData><SchemaData schemaUrl="#Stairs">
		<SimpleData name="OBJECTID">251</SimpleData>
		<SimpleData name="ID">ST-321</SimpleData>
		<SimpleData name="Address">Munn Street</SimpleData>
		<SimpleData name="Suburb">Barangaroo</SimpleData>
		<SimpleData name="No_Steps">16</SimpleData>
		<SimpleData name="HandRails">No</SimpleData>
		<SimpleData name="TGSI">No</SimpleData>
		<SimpleData name="StairNosingConstrastStrip">No</SimpleData>
		<SimpleData name="ClosestAlternateRoutes">Munn Street</SimpleData>
		<SimpleData name="Photo">ST-321-1.jpg</SimpleData>
	</SchemaData></ExtendedData>
      <Point><coordinates>151.202365700715,-33.8580824507254,0</coordinates></Point>
  </Placemark>
  <Placemark>
	<name>Circular Quay Stairs</name>
	<ExtendedData><SchemaData schemaUrl="#Stairs">
		<SimpleData name="OBJECTID">252</SimpleData>
		<SimpleData name="ID">ST-323</SimpleData>
		<SimpleData name="Address">Circular Quay</SimpleData>
		<SimpleData name="Suburb">Sydney</SimpleData>
		<SimpleData name="No_Steps">38</SimpleData>
		<SimpleData name="HandRails">Yes</SimpleData>
		<SimpleData name="TGSI">No</SimpleData>
		<SimpleData name="StairNosingConstrastStrip">No</SimpleData>
		<SimpleData name="ClosestAlternateRoutes">Circular Quay Walkway</SimpleData>
		<SimpleData name="Photo">ST-323-1.jpg</SimpleData>
	</SchemaData></ExtendedData>
      <Point><coordinates>151.213035825287,-33.8589257664797,0</coordinates></Point>
  </Placemark>
  <Placemark>
	<name>Agar Steps 3a</name>
	<ExtendedData><SchemaData schemaUrl="#Stairs">
		<SimpleData name="OBJECTID">253</SimpleData>
		<SimpleData name="ID">ST008</SimpleData>
		<SimpleData name="Address">between Kent Street and Observatory Park</SimpleData>
		<SimpleData name="Suburb">Millers Point</SimpleData>
		<SimpleData name="No_Steps">33</SimpleData>
		<SimpleData name="HandRails">Yes</SimpleData>
		<SimpleData name="TGSI">No</SimpleData>
		<SimpleData name="StairNosingConstrastStrip">No</SimpleData>
		<SimpleData name="ClosestAlternateRoutes">Kent Street </SimpleData>
		<SimpleData name="Photo">ST008_001.JPG</SimpleData>
	</SchemaData></ExtendedData>
      <Point><coordinates>151.204115453102,-33.8609822254996,0</coordinates></Point>
  </Placemark>
  <Placemark>
	<name>Cahill Walkway Stairs 2a</name>
	<ExtendedData><SchemaData schemaUrl="#Stairs">
		<SimpleData name="OBJECTID">254</SimpleData>
		<SimpleData name="ID">ST-325</SimpleData>
		<SimpleData name="Address">Macquarie Street</SimpleData>
		<SimpleData name="Suburb">Sydney</SimpleData>
		<SimpleData name="No_Steps">42</SimpleData>
		<SimpleData name="HandRails">Yes</SimpleData>
		<SimpleData name="TGSI">No</SimpleData>
		<SimpleData name="StairNosingConstrastStrip">No</SimpleData>
		<SimpleData name="ClosestAlternateRoutes">Macquarie Street</SimpleData>
		<SimpleData name="Photo">ST-325-1.jpg</SimpleData>
	</SchemaData></ExtendedData>
      <Point><coordinates>151.2130422739,-33.861479806286,0</coordinates></Point>
  </Placemark>
  <Placemark>
	<name>UTS Building 8 (Dr Chau Chak Wing Building)</name>
	<ExtendedData><SchemaData schemaUrl="#Stairs">
		<SimpleData name="OBJECTID">255</SimpleData>
		<SimpleData name="ID">ST-327</SimpleData>
		<SimpleData name="Address">Mary Ann Street</SimpleData>
		<SimpleData name="Suburb">Haymarket</SimpleData>
		<SimpleData name="No_Steps">18</SimpleData>
		<SimpleData name="HandRails">Yes</SimpleData>
		<SimpleData name="TGSI">Yes</SimpleData>
		<SimpleData name="StairNosingConstrastStrip">Yes</SimpleData>
		<SimpleData name="ClosestAlternateRoutes">adjacent ramp north of stairs</SimpleData>
		<SimpleData name="Photo">ST-327-1.jpg</SimpleData>
	</SchemaData></ExtendedData>
      <Point><coordinates>151.201412249203,-33.8804160990431,0</coordinates></Point>
  </Placemark>
  <Placemark>
	<name>Westpac Place Stairs</name>
	<ExtendedData><SchemaData schemaUrl="#Stairs">
		<SimpleData name="OBJECTID">256</SimpleData>
		<SimpleData name="ID">ST-328</SimpleData>
		<SimpleData name="Address">Kent Street</SimpleData>
		<SimpleData name="Suburb">Sydney</SimpleData>
		<SimpleData name="No_Steps">22</SimpleData>
		<SimpleData name="HandRails">Yes</SimpleData>
		<SimpleData name="TGSI">Yes</SimpleData>
		<SimpleData name="StairNosingConstrastStrip">Yes</SimpleData>
		<SimpleData name="ClosestAlternateRoutes">Kent Street </SimpleData>
		<SimpleData name="Photo">ST-328-1.jpg</SimpleData>
	</SchemaData></ExtendedData>
      <Point><coordinates>151.204143999893,-33.8657238980131,0</coordinates></Point>
  </Placemark>
  <Placemark>
	<name>Cathedral Square 3a</name>
	<ExtendedData><SchemaData schemaUrl="#Stairs">
		<SimpleData name="OBJECTID">257</SimpleData>
		<SimpleData name="ID">ST-329</SimpleData>
		<SimpleData name="Address">Cathedral Street</SimpleData>
		<SimpleData name="Suburb">Sydney</SimpleData>
		<SimpleData name="No_Steps">25</SimpleData>
		<SimpleData name="HandRails">Yes</SimpleData>
		<SimpleData name="TGSI">Yes</SimpleData>
		<SimpleData name="StairNosingConstrastStrip">No</SimpleData>
		<SimpleData name="ClosestAlternateRoutes">Cathedral Street</SimpleData>
		<SimpleData name="Photo">ST-329-2.jpg</SimpleData>
	</SchemaData></ExtendedData>
      <Point><coordinates>151.213466645522,-33.8719078829642,0</coordinates></Point>
  </Placemark>
  <Placemark>
	<name>Town Hall Station</name>
	<ExtendedData><SchemaData schemaUrl="#Stairs">
		<SimpleData name="OBJECTID">258</SimpleData>
		<SimpleData name="ID">ST-330</SimpleData>
		<SimpleData name="Address">George Street</SimpleData>
		<SimpleData name="Suburb">Sydney</SimpleData>
		<SimpleData name="No_Steps">32</SimpleData>
		<SimpleData name="HandRails">Yes</SimpleData>
		<SimpleData name="TGSI">Yes</SimpleData>
		<SimpleData name="StairNosingConstrastStrip">Yes</SimpleData>
		<SimpleData name="ClosestAlternateRoutes">station lift</SimpleData>
		<SimpleData name="Photo">ST-330-2.jpg</SimpleData>
	</SchemaData></ExtendedData>
      <Point><coordinates>151.207103290159,-33.8732448066969,0</coordinates></Point>
  </Placemark>
  <Placemark>
	<name>National Trust Centre</name>
	<ExtendedData><SchemaData schemaUrl="#Stairs">
		<SimpleData name="OBJECTID">259</SimpleData>
		<SimpleData name="ID">ST-332</SimpleData>
		<SimpleData name="Address">Upper Fort Street</SimpleData>
		<SimpleData name="Suburb">Millers Point</SimpleData>
		<SimpleData name="No_Steps">15</SimpleData>
		<SimpleData name="HandRails">Yes</SimpleData>
		<SimpleData name="TGSI">No</SimpleData>
		<SimpleData name="StairNosingConstrastStrip">No</SimpleData>
		<SimpleData name="ClosestAlternateRoutes">Upper Fort Street</SimpleData>
		<SimpleData name="Photo">ST-332-1.jpg</SimpleData>
	</SchemaData></ExtendedData>
      <Point><coordinates>151.204931717211,-33.8614833033671,0</coordinates></Point>
  </Placemark>
  <Placemark>
	<name>Barangaroo</name>
	<ExtendedData><SchemaData schemaUrl="#Stairs">
		<SimpleData name="OBJECTID">260</SimpleData>
		<SimpleData name="ID">ST-333</SimpleData>
		<SimpleData name="Address">Barangaroo Reserve</SimpleData>
		<SimpleData name="Suburb">Barangaroo</SimpleData>
		<SimpleData name="No_Steps">18</SimpleData>
		<SimpleData name="HandRails">Yes</SimpleData>
		<SimpleData name="TGSI">No</SimpleData>
		<SimpleData name="StairNosingConstrastStrip">No</SimpleData>
		<SimpleData name="ClosestAlternateRoutes">Mann Street</SimpleData>
		<SimpleData name="Photo">ST-333-1.jpg</SimpleData>
	</SchemaData></ExtendedData>
      <Point><coordinates>151.201919799712,-33.8582064489669,0</coordinates></Point>
  </Placemark>
  <Placemark>
	<name>Museum of Contemporary Art</name>
	<ExtendedData><SchemaData schemaUrl="#Stairs">
		<SimpleData name="OBJECTID">261</SimpleData>
		<SimpleData name="ID">ST-334</SimpleData>
		<SimpleData name="Address">Argyle Street</SimpleData>
		<SimpleData name="Suburb">The Rocks</SimpleData>
		<SimpleData name="No_Steps">6</SimpleData>
		<SimpleData name="HandRails">Yes</SimpleData>
		<SimpleData name="TGSI">Yes</SimpleData>
		<SimpleData name="StairNosingConstrastStrip">Yes</SimpleData>
		<SimpleData name="ClosestAlternateRoutes">Argyle Street</SimpleData>
		<SimpleData name="Photo">ST-334-1.jpg</SimpleData>
	</SchemaData></ExtendedData>
      <Point><coordinates>151.209327349956,-33.8594743495063,0</coordinates></Point>
  </Placemark>
  <Placemark>
	<name>Lance Lane Stairs</name>
	<ExtendedData><SchemaData schemaUrl="#Stairs">
		<SimpleData name="OBJECTID">262</SimpleData>
		<SimpleData name="ID">ST-335</SimpleData>
		<SimpleData name="Address">Lance Lane</SimpleData>
		<SimpleData name="Suburb">Millers Point</SimpleData>
		<SimpleData name="No_Steps">19</SimpleData>
		<SimpleData name="HandRails">Yes</SimpleData>
		<SimpleData name="TGSI">No</SimpleData>
		<SimpleData name="StairNosingConstrastStrip">No</SimpleData>
		<SimpleData name="ClosestAlternateRoutes">High Street</SimpleData>
		<SimpleData name="Photo">ST-335-1.jpg</SimpleData>
	</SchemaData></ExtendedData>
      <Point><coordinates>151.203290354949,-33.8607666505665,0</coordinates></Point>
  </Placemark>
  <Placemark>
	<name>Town Hall Station</name>
	<ExtendedData><SchemaData schemaUrl="#Stairs">
		<SimpleData name="OBJECTID">263</SimpleData>
		<SimpleData name="ID">ST-336</SimpleData>
		<SimpleData name="Address">George Street</SimpleData>
		<SimpleData name="Suburb">Sydney</SimpleData>
		<SimpleData name="No_Steps">32</SimpleData>
		<SimpleData name="HandRails">Yes</SimpleData>
		<SimpleData name="TGSI">Yes</SimpleData>
		<SimpleData name="StairNosingConstrastStrip">Yes</SimpleData>
		<SimpleData name="ClosestAlternateRoutes">station lift</SimpleData>
		<SimpleData name="Photo">ST-336-1.jpg</SimpleData>
	</SchemaData></ExtendedData>
      <Point><coordinates>151.20701112246,-33.8737485617406,0</coordinates></Point>
  </Placemark>
  <Placemark>
	<name>Barangaroo</name>
	<ExtendedData><SchemaData schemaUrl="#Stairs">
		<SimpleData name="OBJECTID">264</SimpleData>
		<SimpleData name="ID">ST-337</SimpleData>
		<SimpleData name="Address">Barangaroo Reserve</SimpleData>
		<SimpleData name="Suburb">Millers Point</SimpleData>
		<SimpleData name="No_Steps">19</SimpleData>
		<SimpleData name="HandRails">Yes</SimpleData>
		<SimpleData name="TGSI">No</SimpleData>
		<SimpleData name="StairNosingConstrastStrip">No</SimpleData>
		<SimpleData name="ClosestAlternateRoutes">Towns Place </SimpleData>
		<SimpleData name="Photo">ST-337-1.jpg</SimpleData>
	</SchemaData></ExtendedData>
      <Point><coordinates>151.201866149815,-33.8564775988294,0</coordinates></Point>
  </Placemark>
  <Placemark>
	<name>Cowper Wharf Road Steps 2a</name>
	<ExtendedData><SchemaData schemaUrl="#Stairs">
		<SimpleData name="OBJECTID">265</SimpleData>
		<SimpleData name="ID">ST-338</SimpleData>
		<SimpleData name="Address">corner of Cowper Wharf Road and Lincoln Crescent</SimpleData>
		<SimpleData name="Suburb">Sydney</SimpleData>
		<SimpleData name="No_Steps">66</SimpleData>
		<SimpleData name="HandRails">Yes</SimpleData>
		<SimpleData name="TGSI">No</SimpleData>
		<SimpleData name="StairNosingConstrastStrip">No</SimpleData>
		<SimpleData name="ClosestAlternateRoutes">not applicable</SimpleData>
		<SimpleData name="Photo">ST-338-1.jpg</SimpleData>
	</SchemaData></ExtendedData>
      <Point><coordinates>151.21872389241,-33.8685451546043,0</coordinates></Point>
  </Placemark>
  <Placemark>
	<name>Chinese Gardens of Friendship</name>
	<ExtendedData><SchemaData schemaUrl="#Stairs">
		<SimpleData name="OBJECTID">266</SimpleData>
		<SimpleData name="ID">ST-339</SimpleData>
		<SimpleData name="Address">Pier Street</SimpleData>
		<SimpleData name="Suburb">Sydney</SimpleData>
		<SimpleData name="No_Steps">4</SimpleData>
		<SimpleData name="HandRails">No</SimpleData>
		<SimpleData name="TGSI">No</SimpleData>
		<SimpleData name="StairNosingConstrastStrip">No</SimpleData>
		<SimpleData name="ClosestAlternateRoutes">Harbour Street</SimpleData>
		<SimpleData name="Photo">ST-339-1.jpg</SimpleData>
	</SchemaData></ExtendedData>
      <Point><coordinates>151.201987151662,-33.8766573988015,0</coordinates></Point>
  </Placemark>
  <Placemark>
	<name>Palm Grove Stairs</name>
	<ExtendedData><SchemaData schemaUrl="#Stairs">
		<SimpleData name="OBJECTID">267</SimpleData>
		<SimpleData name="ID">ST-340</SimpleData>
		<SimpleData name="Address">The Royal Botanic Garden Sydney</SimpleData>
		<SimpleData name="Suburb">Sydney</SimpleData>
		<SimpleData name="No_Steps">22</SimpleData>
		<SimpleData name="HandRails">Yes</SimpleData>
		<SimpleData name="TGSI">No</SimpleData>
		<SimpleData name="StairNosingConstrastStrip">No</SimpleData>
		<SimpleData name="ClosestAlternateRoutes">Conservatorium Road</SimpleData>
		<SimpleData name="Photo">ST-340-1.jpg</SimpleData>
	</SchemaData></ExtendedData>
      <Point><coordinates>151.215214600106,-33.8634617990235,0</coordinates></Point>
  </Placemark>
  <Placemark>
	<name>Royal Botanic Gardens Offices Stairs 2a</name>
	<ExtendedData><SchemaData schemaUrl="#Stairs">
		<SimpleData name="OBJECTID">268</SimpleData>
		<SimpleData name="ID">ST-341</SimpleData>
		<SimpleData name="Address">The Royal Botanic Garden Sydney</SimpleData>
		<SimpleData name="Suburb">Sydney</SimpleData>
		<SimpleData name="No_Steps">5</SimpleData>
		<SimpleData name="HandRails">No</SimpleData>
		<SimpleData name="TGSI">No</SimpleData>
		<SimpleData name="StairNosingConstrastStrip">No</SimpleData>
		<SimpleData name="ClosestAlternateRoutes">Woolloomooloo Gate Entrance</SimpleData>
		<SimpleData name="Photo">ST-341-1.jpg</SimpleData>
	</SchemaData></ExtendedData>
      <Point><coordinates>151.217738948882,-33.867082748548,0</coordinates></Point>
  </Placemark>
  <Placemark>
	<name>Pottinger Street Stairs</name>
	<ExtendedData><SchemaData schemaUrl="#Stairs">
		<SimpleData name="OBJECTID">269</SimpleData>
		<SimpleData name="ID">ST168</SimpleData>
		<SimpleData name="Address">Pottinger Street</SimpleData>
		<SimpleData name="Suburb">Millers Point</SimpleData>
		<SimpleData name="No_Steps">51</SimpleData>
		<SimpleData name="HandRails">Yes</SimpleData>
		<SimpleData name="TGSI">No</SimpleData>
		<SimpleData name="StairNosingConstrastStrip">No</SimpleData>
		<SimpleData name="ClosestAlternateRoutes">Windmill Steet </SimpleData>
		<SimpleData name="Photo">ST168_001.JPG</SimpleData>
	</SchemaData></ExtendedData>
      <Point><coordinates>151.205270059216,-33.8571450858264,0</coordinates></Point>
  </Placemark>
  <Placemark>
	<name>Hordern Stairs South</name>
	<ExtendedData><SchemaData schemaUrl="#Stairs">
		<SimpleData name="OBJECTID">270</SimpleData>
		<SimpleData name="ID">D</SimpleData>
		<SimpleData name="Address">Brougham Street between Hamett Street and Hordens Place</SimpleData>
		<SimpleData name="Suburb">Potts Point</SimpleData>
		<SimpleData name="No_Steps">32</SimpleData>
		<SimpleData name="HandRails">Yes</SimpleData>
		<SimpleData name="TGSI">No</SimpleData>
		<SimpleData name="StairNosingConstrastStrip">No</SimpleData>
		<SimpleData name="ClosestAlternateRoutes">Victoria Street</SimpleData>
		<SimpleData name="Photo">No photo</SimpleData>
	</SchemaData></ExtendedData>
      <Point><coordinates>151.222474499976,-33.8706796489313,0</coordinates></Point>
  </Placemark>
  <Placemark>
	<name>Pioneer Garden Steps 1a</name>
	<ExtendedData><SchemaData schemaUrl="#Stairs">
		<SimpleData name="OBJECTID">271</SimpleData>
		<SimpleData name="ID">ST-346</SimpleData>
		<SimpleData name="Address">The Royal Botanic Garden Sydney</SimpleData>
		<SimpleData name="Suburb">Sydney</SimpleData>
		<SimpleData name="No_Steps">18</SimpleData>
		<SimpleData name="HandRails">Yes</SimpleData>
		<SimpleData name="TGSI">No</SimpleData>
		<SimpleData name="StairNosingConstrastStrip">No</SimpleData>
		<SimpleData name="ClosestAlternateRoutes">Shakespeare Road via Morshead Fountain Gate</SimpleData>
		<SimpleData name="Photo">ST-346-1.jpg</SimpleData>
	</SchemaData></ExtendedData>
      <Point><coordinates>151.213796200252,-33.8650278984677,0</coordinates></Point>
  </Placemark>
  <Placemark>
	<name>Langley Street Steps</name>
	<ExtendedData><SchemaData schemaUrl="#Stairs">
		<SimpleData name="OBJECTID">272</SimpleData>
		<SimpleData name="ID">ST141</SimpleData>
		<SimpleData name="Address">Langley Street</SimpleData>
		<SimpleData name="Suburb">Darlinghurst</SimpleData>
		<SimpleData name="No_Steps">5</SimpleData>
		<SimpleData name="HandRails">Yes</SimpleData>
		<SimpleData name="TGSI">No</SimpleData>
		<SimpleData name="StairNosingConstrastStrip">No</SimpleData>
		<SimpleData name="ClosestAlternateRoutes">Burton Street</SimpleData>
		<SimpleData name="Photo">ST141_001.JPG</SimpleData>
	</SchemaData></ExtendedData>
      <Point><coordinates>151.215876309789,-33.8784001916424,0</coordinates></Point>
  </Placemark>
  <Placemark>
	<name>First Fleet Park</name>
	<ExtendedData><SchemaData schemaUrl="#Stairs">
		<SimpleData name="OBJECTID">273</SimpleData>
		<SimpleData name="ID">ST-348</SimpleData>
		<SimpleData name="Address">Circular Quay East</SimpleData>
		<SimpleData name="Suburb">The Rocks</SimpleData>
		<SimpleData name="No_Steps">3</SimpleData>
		<SimpleData name="HandRails">No</SimpleData>
		<SimpleData name="TGSI">No</SimpleData>
		<SimpleData name="StairNosingConstrastStrip">No</SimpleData>
		<SimpleData name="ClosestAlternateRoutes">George Street </SimpleData>
		<SimpleData name="Photo">ST-348-1.jpg</SimpleData>
	</SchemaData></ExtendedData>
      <Point><coordinates>151.209489448755,-33.8604701097645,0</coordinates></Point>
  </Placemark>
  <Placemark>
	<name>Town Hall Station</name>
	<ExtendedData><SchemaData schemaUrl="#Stairs">
		<SimpleData name="OBJECTID">274</SimpleData>
		<SimpleData name="ID">ST-349</SimpleData>
		<SimpleData name="Address">Druitt Street</SimpleData>
		<SimpleData name="Suburb">Sydney</SimpleData>
		<SimpleData name="No_Steps">17</SimpleData>
		<SimpleData name="HandRails">Yes</SimpleData>
		<SimpleData name="TGSI">No</SimpleData>
		<SimpleData name="StairNosingConstrastStrip">No</SimpleData>
		<SimpleData name="ClosestAlternateRoutes">station lift</SimpleData>
		<SimpleData name="Photo">ST-349-2.jpg</SimpleData>
	</SchemaData></ExtendedData>
      <Point><coordinates>151.206767400796,-33.8730371497274,0</coordinates></Point>
  </Placemark>
  <Placemark>
	<name>Mrs Macquaries Point Stairs</name>
	<ExtendedData><SchemaData schemaUrl="#Stairs">
		<SimpleData name="OBJECTID">275</SimpleData>
		<SimpleData name="ID">ST-350</SimpleData>
		<SimpleData name="Address">The Royal Botanic Garden Sydney</SimpleData>
		<SimpleData name="Suburb">Sydney</SimpleData>
		<SimpleData name="No_Steps">18</SimpleData>
		<SimpleData name="HandRails">Yes</SimpleData>
		<SimpleData name="TGSI">No</SimpleData>
		<SimpleData name="StairNosingConstrastStrip">No</SimpleData>
		<SimpleData name="ClosestAlternateRoutes">adjacent ramp east of stairs</SimpleData>
		<SimpleData name="Photo">No photo</SimpleData>
	</SchemaData></ExtendedData>
      <Point><coordinates>151.221773549198,-33.8595997988926,0</coordinates></Point>
  </Placemark>
  <Placemark>
	<name>Art Gallery of NSW</name>
	<ExtendedData><SchemaData schemaUrl="#Stairs">
		<SimpleData name="OBJECTID">276</SimpleData>
		<SimpleData name="ID">ST-351</SimpleData>
		<SimpleData name="Address">Sir John Young Crescent</SimpleData>
		<SimpleData name="Suburb">Sydney</SimpleData>
		<SimpleData name="No_Steps">53</SimpleData>
		<SimpleData name="HandRails">Yes</SimpleData>
		<SimpleData name="TGSI">No</SimpleData>
		<SimpleData name="StairNosingConstrastStrip">Yes</SimpleData>
		<SimpleData name="ClosestAlternateRoutes">Art Gallery Road via footpath</SimpleData>
		<SimpleData name="Photo">ST-351-1.jpg</SimpleData>
	</SchemaData></ExtendedData>
      <Point><coordinates>151.217957450702,-33.8688900992551,0</coordinates></Point>
  </Placemark>
  <Placemark>
	<name>Commissioners Steps</name>
	<ExtendedData><SchemaData schemaUrl="#Stairs">
		<SimpleData name="OBJECTID">277</SimpleData>
		<SimpleData name="ID">ST-352</SimpleData>
		<SimpleData name="Address">Circular Quay West</SimpleData>
		<SimpleData name="Suburb">The Rocks</SimpleData>
		<SimpleData name="No_Steps">13</SimpleData>
		<SimpleData name="HandRails">Yes</SimpleData>
		<SimpleData name="TGSI">No</SimpleData>
		<SimpleData name="StairNosingConstrastStrip">Yes</SimpleData>
		<SimpleData name="ClosestAlternateRoutes">George Street </SimpleData>
		<SimpleData name="Photo">ST-352-1.jpg</SimpleData>
	</SchemaData></ExtendedData>
      <Point><coordinates>151.209749749369,-33.8597996999996,0</coordinates></Point>
  </Placemark>
  <Placemark>
	<name>Barangaroo</name>
	<ExtendedData><SchemaData schemaUrl="#Stairs">
		<SimpleData name="OBJECTID">278</SimpleData>
		<SimpleData name="ID">ST-353</SimpleData>
		<SimpleData name="Address">Barangaroo Reserve</SimpleData>
		<SimpleData name="Suburb">Barangaroo</SimpleData>
		<SimpleData name="No_Steps">30</SimpleData>
		<SimpleData name="HandRails">Yes</SimpleData>
		<SimpleData name="TGSI">No</SimpleData>
		<SimpleData name="StairNosingConstrastStrip">No</SimpleData>
		<SimpleData name="ClosestAlternateRoutes">Towns Place </SimpleData>
		<SimpleData name="Photo">ST-353-1.jpg</SimpleData>
	</SchemaData></ExtendedData>
      <Point><coordinates>151.20152989929,-33.856534348578,0</coordinates></Point>
  </Placemark>
  <Placemark>
	<name>Essex Street Stairs 2a</name>
	<ExtendedData><SchemaData schemaUrl="#Stairs">
		<SimpleData name="OBJECTID">279</SimpleData>
		<SimpleData name="ID">ST-354</SimpleData>
		<SimpleData name="Address">Essex Street</SimpleData>
		<SimpleData name="Suburb">The Rocks</SimpleData>
		<SimpleData name="No_Steps">6</SimpleData>
		<SimpleData name="HandRails">No</SimpleData>
		<SimpleData name="TGSI">No</SimpleData>
		<SimpleData name="StairNosingConstrastStrip">No</SimpleData>
		<SimpleData name="ClosestAlternateRoutes">Cumberland Street</SimpleData>
		<SimpleData name="Photo">ST-354-1.jpg</SimpleData>
	</SchemaData></ExtendedData>
      <Point><coordinates>151.205977966813,-33.8618316734488,0</coordinates></Point>
  </Placemark>
  <Placemark>
	<name>Wynyard Park</name>
	<ExtendedData><SchemaData schemaUrl="#Stairs">
		<SimpleData name="OBJECTID">280</SimpleData>
		<SimpleData name="ID">ST-355</SimpleData>
		<SimpleData name="Address">Carrington Street</SimpleData>
		<SimpleData name="Suburb">Sydney</SimpleData>
		<SimpleData name="No_Steps">1</SimpleData>
		<SimpleData name="HandRails">Yes</SimpleData>
		<SimpleData name="TGSI">No</SimpleData>
		<SimpleData name="StairNosingConstrastStrip">No</SimpleData>
		<SimpleData name="ClosestAlternateRoutes">Carrington Street</SimpleData>
		<SimpleData name="Photo">ST-355-1.jpg</SimpleData>
	</SchemaData></ExtendedData>
      <Point><coordinates>151.206114999841,-33.8668109989712,0</coordinates></Point>
  </Placemark>
  <Placemark>
	<name>Wynyard Park</name>
	<ExtendedData><SchemaData schemaUrl="#Stairs">
		<SimpleData name="OBJECTID">281</SimpleData>
		<SimpleData name="ID">ST-356</SimpleData>
		<SimpleData name="Address">Carrington Street</SimpleData>
		<SimpleData name="Suburb">Sydney</SimpleData>
		<SimpleData name="No_Steps">6</SimpleData>
		<SimpleData name="HandRails">Yes</SimpleData>
		<SimpleData name="TGSI">No</SimpleData>
		<SimpleData name="StairNosingConstrastStrip">Yes</SimpleData>
		<SimpleData name="ClosestAlternateRoutes">York Street</SimpleData>
		<SimpleData name="Photo">ST-356-1.jpg</SimpleData>
	</SchemaData></ExtendedData>
      <Point><coordinates>151.206235000223,-33.8658259986282,0</coordinates></Point>
  </Placemark>
  <Placemark>
	<name>Hyde Park South</name>
	<ExtendedData><SchemaData schemaUrl="#Stairs">
		<SimpleData name="OBJECTID">282</SimpleData>
		<SimpleData name="ID">ST-357</SimpleData>
		<SimpleData name="Address">Elizabeth Street</SimpleData>
		<SimpleData name="Suburb">Sydney</SimpleData>
		<SimpleData name="No_Steps">3</SimpleData>
		<SimpleData name="HandRails">No</SimpleData>
		<SimpleData name="TGSI">No</SimpleData>
		<SimpleData name="StairNosingConstrastStrip">No</SimpleData>
		<SimpleData name="ClosestAlternateRoutes">Elizabeth Street</SimpleData>
		<SimpleData name="Photo">ST-357-2.jpg</SimpleData>
	</SchemaData></ExtendedData>
      <Point><coordinates>151.209706999813,-33.8755939991598,0</coordinates></Point>
  </Placemark>
  <Placemark>
	<name>Hyde Park North</name>
	<ExtendedData><SchemaData schemaUrl="#Stairs">
		<SimpleData name="OBJECTID">283</SimpleData>
		<SimpleData name="ID">ST-358</SimpleData>
		<SimpleData name="Address">Park Street</SimpleData>
		<SimpleData name="Suburb">Sydney</SimpleData>
		<SimpleData name="No_Steps">13</SimpleData>
		<SimpleData name="HandRails">No</SimpleData>
		<SimpleData name="TGSI">Yes</SimpleData>
		<SimpleData name="StairNosingConstrastStrip">No</SimpleData>
		<SimpleData name="ClosestAlternateRoutes">Park street</SimpleData>
		<SimpleData name="Photo">ST-358-2.jpg</SimpleData>
	</SchemaData></ExtendedData>
      <Point><coordinates>151.211374998393,-33.8733839991949,0</coordinates></Point>
  </Placemark>
  <Placemark>
	<name>Hyde Park North</name>
	<ExtendedData><SchemaData schemaUrl="#Stairs">
		<SimpleData name="OBJECTID">284</SimpleData>
		<SimpleData name="ID">ST-359</SimpleData>
		<SimpleData name="Address">corner of Park Street and College Street</SimpleData>
		<SimpleData name="Suburb">Sydney</SimpleData>
		<SimpleData name="No_Steps">17</SimpleData>
		<SimpleData name="HandRails">No</SimpleData>
		<SimpleData name="TGSI">Yes</SimpleData>
		<SimpleData name="StairNosingConstrastStrip">No</SimpleData>
		<SimpleData name="ClosestAlternateRoutes">College Street and Park Street</SimpleData>
		<SimpleData name="Photo">ST-359-1.jpg</SimpleData>
	</SchemaData></ExtendedData>
      <Point><coordinates>151.212368999633,-33.8735069995873,0</coordinates></Point>
  </Placemark>
  <Placemark>
	<name>Lang Park</name>
	<ExtendedData><SchemaData schemaUrl="#Stairs">
		<SimpleData name="OBJECTID">285</SimpleData>
		<SimpleData name="ID">ST-360</SimpleData>
		<SimpleData name="Address">York Street</SimpleData>
		<SimpleData name="Suburb">Sydney</SimpleData>
		<SimpleData name="No_Steps">3</SimpleData>
		<SimpleData name="HandRails">No</SimpleData>
		<SimpleData name="TGSI">No</SimpleData>
		<SimpleData name="StairNosingConstrastStrip">No</SimpleData>
		<SimpleData name="ClosestAlternateRoutes">York Street</SimpleData>
		<SimpleData name="Photo">ST-360-1.jpg</SimpleData>
	</SchemaData></ExtendedData>
      <Point><coordinates>151.205532000001,-33.8637559992673,0</coordinates></Point>
  </Placemark>
  <Placemark>
	<name>Hyde Park North</name>
	<ExtendedData><SchemaData schemaUrl="#Stairs">
		<SimpleData name="OBJECTID">286</SimpleData>
		<SimpleData name="ID">ST-361</SimpleData>
		<SimpleData name="Address">Sandringham Gardens</SimpleData>
		<SimpleData name="Suburb">Sydney</SimpleData>
		<SimpleData name="No_Steps">12</SimpleData>
		<SimpleData name="HandRails">No</SimpleData>
		<SimpleData name="TGSI">No</SimpleData>
		<SimpleData name="StairNosingConstrastStrip">No</SimpleData>
		<SimpleData name="ClosestAlternateRoutes">College St</SimpleData>
		<SimpleData name="Photo">ST-361-1.jpg</SimpleData>
	</SchemaData></ExtendedData>
      <Point><coordinates>151.211674999744,-33.8732809990569,0</coordinates></Point>
  </Placemark>
  <Placemark>
	<name>Hyde Park South</name>
	<ExtendedData><SchemaData schemaUrl="#Stairs">
		<SimpleData name="OBJECTID">287</SimpleData>
		<SimpleData name="ID">ST-362</SimpleData>
		<SimpleData name="Address">Pool of Reflection</SimpleData>
		<SimpleData name="Suburb">Sydney</SimpleData>
		<SimpleData name="No_Steps">3</SimpleData>
		<SimpleData name="HandRails">Yes</SimpleData>
		<SimpleData name="TGSI">No</SimpleData>
		<SimpleData name="StairNosingConstrastStrip">No</SimpleData>
		<SimpleData name="ClosestAlternateRoutes">Elizabeth Street</SimpleData>
		<SimpleData name="Photo">ST-362-1.jpg</SimpleData>
	</SchemaData></ExtendedData>
      <Point><coordinates>151.21079299994,-33.8749129988252,0</coordinates></Point>
  </Placemark>
  <Placemark>
	<name>Hyde Park South</name>
	<ExtendedData><SchemaData schemaUrl="#Stairs">
		<SimpleData name="OBJECTID">288</SimpleData>
		<SimpleData name="ID">ST-363</SimpleData>
		<SimpleData name="Address">corner of Park Street and College Street</SimpleData>
		<SimpleData name="Suburb">Sydney</SimpleData>
		<SimpleData name="No_Steps">16</SimpleData>
		<SimpleData name="HandRails">Yes</SimpleData>
		<SimpleData name="TGSI">Yes</SimpleData>
		<SimpleData name="StairNosingConstrastStrip">Yes</SimpleData>
		<SimpleData name="ClosestAlternateRoutes">College and Park street</SimpleData>
		<SimpleData name="Photo">ST-363-1.jpg</SimpleData>
	</SchemaData></ExtendedData>
      <Point><coordinates>151.212346000337,-33.8738769990909,0</coordinates></Point>
  </Placemark>
  <Placemark>
	<name>Hyde Park South</name>
	<ExtendedData><SchemaData schemaUrl="#Stairs">
		<SimpleData name="OBJECTID">289</SimpleData>
		<SimpleData name="ID">ST-364</SimpleData>
		<SimpleData name="Address">College Street</SimpleData>
		<SimpleData name="Suburb">Sydney</SimpleData>
		<SimpleData name="No_Steps">14</SimpleData>
		<SimpleData name="HandRails">Yes</SimpleData>
		<SimpleData name="TGSI">Yes</SimpleData>
		<SimpleData name="StairNosingConstrastStrip">No</SimpleData>
		<SimpleData name="ClosestAlternateRoutes">College Street</SimpleData>
		<SimpleData name="Photo">ST-364-2.jpg</SimpleData>
	</SchemaData></ExtendedData>
      <Point><coordinates>151.212251000041,-33.8749449992685,0</coordinates></Point>
  </Placemark>
  <Placemark>
	<name>Hyde Park South</name>
	<ExtendedData><SchemaData schemaUrl="#Stairs">
		<SimpleData name="OBJECTID">290</SimpleData>
		<SimpleData name="ID">ST-365</SimpleData>
		<SimpleData name="Address">College Street opposite Francis Street</SimpleData>
		<SimpleData name="Suburb">Sydney</SimpleData>
		<SimpleData name="No_Steps">12</SimpleData>
		<SimpleData name="HandRails">Yes</SimpleData>
		<SimpleData name="TGSI">Yes</SimpleData>
		<SimpleData name="StairNosingConstrastStrip">No</SimpleData>
		<SimpleData name="ClosestAlternateRoutes">College Street</SimpleData>
		<SimpleData name="Photo">ST-365-2.jpg</SimpleData>
	</SchemaData></ExtendedData>
      <Point><coordinates>151.212105999791,-33.875916999021,0</coordinates></Point>
  </Placemark>
  <Placemark>
	<name>Green Park Rotunda Stairs </name>
	<ExtendedData><SchemaData schemaUrl="#Stairs">
		<SimpleData name="OBJECTID">291</SimpleData>
		<SimpleData name="ID">ST-366</SimpleData>
		<SimpleData name="Address">Victoria Street</SimpleData>
		<SimpleData name="Suburb">Darlinghurst</SimpleData>
		<SimpleData name="No_Steps">11</SimpleData>
		<SimpleData name="HandRails">No</SimpleData>
		<SimpleData name="TGSI">No</SimpleData>
		<SimpleData name="StairNosingConstrastStrip">No</SimpleData>
		<SimpleData name="ClosestAlternateRoutes">Darlinghurst Road</SimpleData>
		<SimpleData name="Photo">ST-366-2.jpg</SimpleData>
	</SchemaData></ExtendedData>
      <Point><coordinates>151.220462134416,-33.8797178315401,0</coordinates></Point>
  </Placemark>
  <Placemark>
	<name>Green Park Fountain Stairs</name>
	<ExtendedData><SchemaData schemaUrl="#Stairs">
		<SimpleData name="OBJECTID">292</SimpleData>
		<SimpleData name="ID">ST-367</SimpleData>
		<SimpleData name="Address">corner of Burton Street and Victoria Street</SimpleData>
		<SimpleData name="Suburb">Darlinghurst</SimpleData>
		<SimpleData name="No_Steps">4</SimpleData>
		<SimpleData name="HandRails">No</SimpleData>
		<SimpleData name="TGSI">No</SimpleData>
		<SimpleData name="StairNosingConstrastStrip">No</SimpleData>
		<SimpleData name="ClosestAlternateRoutes">adjacent ramp</SimpleData>
		<SimpleData name="Photo">ST-367-1.jpg</SimpleData>
	</SchemaData></ExtendedData>
      <Point><coordinates>151.220851825012,-33.8793796126648,0</coordinates></Point>
  </Placemark>
  <Placemark>
	<name>Museum Station</name>
	<ExtendedData><SchemaData schemaUrl="#Stairs">
		<SimpleData name="OBJECTID">293</SimpleData>
		<SimpleData name="ID">ST-368</SimpleData>
		<SimpleData name="Address">Hyde Park South</SimpleData>
		<SimpleData name="Suburb">Sydney</SimpleData>
		<SimpleData name="No_Steps">34</SimpleData>
		<SimpleData name="HandRails">Yes</SimpleData>
		<SimpleData name="TGSI">Yes</SimpleData>
		<SimpleData name="StairNosingConstrastStrip">Yes</SimpleData>
		<SimpleData name="ClosestAlternateRoutes">Liverpool Street south and Elizabeth Street west</SimpleData>
		<SimpleData name="Photo">ST-368-1.jpg</SimpleData>
	</SchemaData></ExtendedData>
      <Point><coordinates>151.209712000152,-33.8765529997985,0</coordinates></Point>
  </Placemark>
  <Placemark>
	<name>Clyne Reserve Stairs</name>
	<ExtendedData><SchemaData schemaUrl="#Stairs">
		<SimpleData name="OBJECTID">294</SimpleData>
		<SimpleData name="ID">ST-369</SimpleData>
		<SimpleData name="Address">Merriam Street</SimpleData>
		<SimpleData name="Suburb">Millers Point</SimpleData>
		<SimpleData name="No_Steps">7</SimpleData>
		<SimpleData name="HandRails">No</SimpleData>
		<SimpleData name="TGSI">No</SimpleData>
		<SimpleData name="StairNosingConstrastStrip">No</SimpleData>
		<SimpleData name="ClosestAlternateRoutes">Merriman Street</SimpleData>
		<SimpleData name="Photo">ST-369-1.jpg</SimpleData>
	</SchemaData></ExtendedData>
      <Point><coordinates>151.201822000841,-33.8566899986745,0</coordinates></Point>
  </Placemark>
  <Placemark>
	<name>Dalgety Terrace Steps</name>
	<ExtendedData><SchemaData schemaUrl="#Stairs">
		<SimpleData name="OBJECTID">295</SimpleData>
		<SimpleData name="ID">ST017</SimpleData>
		<SimpleData name="Address">Dalgety Road</SimpleData>
		<SimpleData name="Suburb">Millers Point</SimpleData>
		<SimpleData name="No_Steps">19</SimpleData>
		<SimpleData name="HandRails">No</SimpleData>
		<SimpleData name="TGSI">No</SimpleData>
		<SimpleData name="StairNosingConstrastStrip">No</SimpleData>
		<SimpleData name="ClosestAlternateRoutes">Dalgety Road </SimpleData>
		<SimpleData name="Photo">ST017_001.JPG</SimpleData>
	</SchemaData></ExtendedData>
      <Point><coordinates>151.202438720314,-33.8570388914269,0</coordinates></Point>
  </Placemark>
  <Placemark>
	<name>Wynyard Park</name>
	<ExtendedData><SchemaData schemaUrl="#Stairs">
		<SimpleData name="OBJECTID">296</SimpleData>
		<SimpleData name="ID">ST-371</SimpleData>
		<SimpleData name="Address">Carrington Street</SimpleData>
		<SimpleData name="Suburb">Sydney</SimpleData>
		<SimpleData name="No_Steps">6</SimpleData>
		<SimpleData name="HandRails">Yes</SimpleData>
		<SimpleData name="TGSI">No</SimpleData>
		<SimpleData name="StairNosingConstrastStrip">No</SimpleData>
		<SimpleData name="ClosestAlternateRoutes">Carrington Street</SimpleData>
		<SimpleData name="Photo">ST-371-1.jpg</SimpleData>
	</SchemaData></ExtendedData>
      <Point><coordinates>151.206114999821,-33.8669349985155,0</coordinates></Point>
  </Placemark>
  <Placemark>
	<name>Wynyard Park</name>
	<ExtendedData><SchemaData schemaUrl="#Stairs">
		<SimpleData name="OBJECTID">297</SimpleData>
		<SimpleData name="ID">ST-372</SimpleData>
		<SimpleData name="Address">Carrington Street</SimpleData>
		<SimpleData name="Suburb">Sydney</SimpleData>
		<SimpleData name="No_Steps">14</SimpleData>
		<SimpleData name="HandRails">Yes</SimpleData>
		<SimpleData name="TGSI">No</SimpleData>
		<SimpleData name="StairNosingConstrastStrip">Yes</SimpleData>
		<SimpleData name="ClosestAlternateRoutes">Carrington Street</SimpleData>
		<SimpleData name="Photo">ST-372-1.jpg</SimpleData>
	</SchemaData></ExtendedData>
      <Point><coordinates>151.206267999544,-33.865840998899,0</coordinates></Point>
  </Placemark>
  <Placemark>
	<name>Harrington Street Steps</name>
	<ExtendedData><SchemaData schemaUrl="#Stairs">
		<SimpleData name="OBJECTID">298</SimpleData>
		<SimpleData name="ID">ST-373</SimpleData>
		<SimpleData name="Address">Harrington Street</SimpleData>
		<SimpleData name="Suburb">The Rocks</SimpleData>
		<SimpleData name="No_Steps">30</SimpleData>
		<SimpleData name="HandRails">Yes</SimpleData>
		<SimpleData name="TGSI">No</SimpleData>
		<SimpleData name="StairNosingConstrastStrip">No</SimpleData>
		<SimpleData name="ClosestAlternateRoutes">Harrington Street</SimpleData>
		<SimpleData name="Photo">ST-373-1.jpg</SimpleData>
	</SchemaData></ExtendedData>
      <Point><coordinates>151.206432381026,-33.8624562146304,0</coordinates></Point>
  </Placemark>
  <Placemark>
	<name>Essex Street Stairs 5a</name>
	<ExtendedData><SchemaData schemaUrl="#Stairs">
		<SimpleData name="OBJECTID">299</SimpleData>
		<SimpleData name="ID">ST-374</SimpleData>
		<SimpleData name="Address">Essex Street</SimpleData>
		<SimpleData name="Suburb">The Rocks</SimpleData>
		<SimpleData name="No_Steps">9</SimpleData>
		<SimpleData name="HandRails">Yes</SimpleData>
		<SimpleData name="TGSI">No</SimpleData>
		<SimpleData name="StairNosingConstrastStrip">No</SimpleData>
		<SimpleData name="ClosestAlternateRoutes">Gloucester Street</SimpleData>
		<SimpleData name="Photo">ST-374-1.jpg</SimpleData>
	</SchemaData></ExtendedData>
      <Point><coordinates>151.206540864063,-33.8620284366375,0</coordinates></Point>
  </Placemark>
  <Placemark>
	<name>Essex Street Stairs 7a</name>
	<ExtendedData><SchemaData schemaUrl="#Stairs">
		<SimpleData name="OBJECTID">300</SimpleData>
		<SimpleData name="ID">ST-375</SimpleData>
		<SimpleData name="Address">Essex Street</SimpleData>
		<SimpleData name="Suburb">The Rocks</SimpleData>
		<SimpleData name="No_Steps">6</SimpleData>
		<SimpleData name="HandRails">Yes</SimpleData>
		<SimpleData name="TGSI">No</SimpleData>
		<SimpleData name="StairNosingConstrastStrip">No</SimpleData>
		<SimpleData name="ClosestAlternateRoutes">Harrington Street</SimpleData>
		<SimpleData name="Photo">ST-375-1.jpg</SimpleData>
	</SchemaData></ExtendedData>
      <Point><coordinates>151.206808959013,-33.8621007104484,0</coordinates></Point>
  </Placemark>
  <Placemark>
	<name>Essex Street Stairs 6a</name>
	<ExtendedData><SchemaData schemaUrl="#Stairs">
		<SimpleData name="OBJECTID">301</SimpleData>
		<SimpleData name="ID">ST-376</SimpleData>
		<SimpleData name="Address">Essex Street</SimpleData>
		<SimpleData name="Suburb">The Rocks</SimpleData>
		<SimpleData name="No_Steps">19</SimpleData>
		<SimpleData name="HandRails">Yes</SimpleData>
		<SimpleData name="TGSI">No</SimpleData>
		<SimpleData name="StairNosingConstrastStrip">No</SimpleData>
		<SimpleData name="ClosestAlternateRoutes">Harrington Street</SimpleData>
		<SimpleData name="Photo">ST-376-1.jpg</SimpleData>
	</SchemaData></ExtendedData>
      <Point><coordinates>151.206741297912,-33.8619555144451,0</coordinates></Point>
  </Placemark>
  <Placemark>
	<name>Essex Street Stairs 3a</name>
	<ExtendedData><SchemaData schemaUrl="#Stairs">
		<SimpleData name="OBJECTID">302</SimpleData>
		<SimpleData name="ID">ST-377</SimpleData>
		<SimpleData name="Address">Essex Street</SimpleData>
		<SimpleData name="Suburb">The Rocks</SimpleData>
		<SimpleData name="No_Steps">7</SimpleData>
		<SimpleData name="HandRails">Yes</SimpleData>
		<SimpleData name="TGSI">No</SimpleData>
		<SimpleData name="StairNosingConstrastStrip">No</SimpleData>
		<SimpleData name="ClosestAlternateRoutes">Gloucester Street</SimpleData>
		<SimpleData name="Photo">ST-377-1.jpg</SimpleData>
	</SchemaData></ExtendedData>
      <Point><coordinates>151.206390700747,-33.8618318106954,0</coordinates></Point>
  </Placemark>
  <Placemark>
	<name>Essex Street Stairs 1a</name>
	<ExtendedData><SchemaData schemaUrl="#Stairs">
		<SimpleData name="OBJECTID">303</SimpleData>
		<SimpleData name="ID">ST-378</SimpleData>
		<SimpleData name="Address">Essex Street</SimpleData>
		<SimpleData name="Suburb">The Rocks</SimpleData>
		<SimpleData name="No_Steps">5</SimpleData>
		<SimpleData name="HandRails">Yes</SimpleData>
		<SimpleData name="TGSI">No</SimpleData>
		<SimpleData name="StairNosingConstrastStrip">No</SimpleData>
		<SimpleData name="ClosestAlternateRoutes">Cumberland Street</SimpleData>
		<SimpleData name="Photo">ST-378-1.jpg</SimpleData>
	</SchemaData></ExtendedData>
      <Point><coordinates>151.206038698919,-33.8616863778436,0</coordinates></Point>
  </Placemark>
  <Placemark>
	<name>Essex Street Stairs 4a</name>
	<ExtendedData><SchemaData schemaUrl="#Stairs">
		<SimpleData name="OBJECTID">304</SimpleData>
		<SimpleData name="ID">ST-379</SimpleData>
		<SimpleData name="Address">Essex Street</SimpleData>
		<SimpleData name="Suburb">The Rocks</SimpleData>
		<SimpleData name="No_Steps">9</SimpleData>
		<SimpleData name="HandRails">Yes</SimpleData>
		<SimpleData name="TGSI">No</SimpleData>
		<SimpleData name="StairNosingConstrastStrip">No</SimpleData>
		<SimpleData name="ClosestAlternateRoutes">Gloucester Street</SimpleData>
		<SimpleData name="Photo">ST-379-1.jpg</SimpleData>
	</SchemaData></ExtendedData>
      <Point><coordinates>151.2063062131,-33.8619524920561,0</coordinates></Point>
  </Placemark>
  <Placemark>
	<name>Gloucester Street Steps 3a</name>
	<ExtendedData><SchemaData schemaUrl="#Stairs">
		<SimpleData name="OBJECTID">305</SimpleData>
		<SimpleData name="ID">ST-380</SimpleData>
		<SimpleData name="Address">Gloucester Street near Cahill Expressway</SimpleData>
		<SimpleData name="Suburb">The Rocks</SimpleData>
		<SimpleData name="No_Steps">66</SimpleData>
		<SimpleData name="HandRails">Yes</SimpleData>
		<SimpleData name="TGSI">No</SimpleData>
		<SimpleData name="StairNosingConstrastStrip">No</SimpleData>
		<SimpleData name="ClosestAlternateRoutes">Harrington Street</SimpleData>
		<SimpleData name="Photo">ST-380-3.jpg</SimpleData>
	</SchemaData></ExtendedData>
      <Point><coordinates>151.207301337199,-33.8612139169491,0</coordinates></Point>
  </Placemark>
  <Placemark>
	<name>Gloucester Street Steps 2a</name>
	<ExtendedData><SchemaData schemaUrl="#Stairs">
		<SimpleData name="OBJECTID">306</SimpleData>
		<SimpleData name="ID">ST-381</SimpleData>
		<SimpleData name="Address">Gloucester Street near Cahill Expressway</SimpleData>
		<SimpleData name="Suburb">The Rocks</SimpleData>
		<SimpleData name="No_Steps">19</SimpleData>
		<SimpleData name="HandRails">Yes</SimpleData>
		<SimpleData name="TGSI">No</SimpleData>
		<SimpleData name="StairNosingConstrastStrip">No</SimpleData>
		<SimpleData name="ClosestAlternateRoutes">Glocester Street</SimpleData>
		<SimpleData name="Photo">ST-381-2.jpg</SimpleData>
	</SchemaData></ExtendedData>
      <Point><coordinates>151.206907724875,-33.861150777598,0</coordinates></Point>
  </Placemark>
  <Placemark>
	<name>Finger Wharf Stairs</name>
	<ExtendedData><SchemaData schemaUrl="#Stairs">
		<SimpleData name="OBJECTID">307</SimpleData>
		<SimpleData name="ID">ST-382</SimpleData>
		<SimpleData name="Address">Mrs Macquaries Road</SimpleData>
		<SimpleData name="Suburb">Sydney</SimpleData>
		<SimpleData name="No_Steps">16</SimpleData>
		<SimpleData name="HandRails">Yes</SimpleData>
		<SimpleData name="TGSI">No</SimpleData>
		<SimpleData name="StairNosingConstrastStrip">Yes</SimpleData>
		<SimpleData name="ClosestAlternateRoutes">Mrs Macquaries Road</SimpleData>
		<SimpleData name="Photo">ST-382-1.jpg</SimpleData>
	</SchemaData></ExtendedData>
      <Point><coordinates>151.219271625957,-33.8663778816836,0</coordinates></Point>
  </Placemark>
  <Placemark>
	<name>Cumberland Place Stairs 2a</name>
	<ExtendedData><SchemaData schemaUrl="#Stairs">
		<SimpleData name="OBJECTID">308</SimpleData>
		<SimpleData name="ID">ST-383</SimpleData>
		<SimpleData name="Address">Cumberland Place</SimpleData>
		<SimpleData name="Suburb">The Rocks</SimpleData>
		<SimpleData name="No_Steps">9</SimpleData>
		<SimpleData name="HandRails">Yes</SimpleData>
		<SimpleData name="TGSI">No</SimpleData>
		<SimpleData name="StairNosingConstrastStrip">No</SimpleData>
		<SimpleData name="ClosestAlternateRoutes">Cumberland Place</SimpleData>
		<SimpleData name="Photo">ST-383-1.jpg</SimpleData>
	</SchemaData></ExtendedData>
      <Point><coordinates>151.207569427448,-33.8602243333692,0</coordinates></Point>
  </Placemark>
  <Placemark>
	<name>Dawes Point Park Steps 2a</name>
	<ExtendedData><SchemaData schemaUrl="#Stairs">
		<SimpleData name="OBJECTID">309</SimpleData>
		<SimpleData name="ID">ST-384</SimpleData>
		<SimpleData name="Address">Dawes Point Park</SimpleData>
		<SimpleData name="Suburb">Dawes Point</SimpleData>
		<SimpleData name="No_Steps">25</SimpleData>
		<SimpleData name="HandRails">Yes</SimpleData>
		<SimpleData name="TGSI">No</SimpleData>
		<SimpleData name="StairNosingConstrastStrip">No</SimpleData>
		<SimpleData name="ClosestAlternateRoutes">Lower Fort Street</SimpleData>
		<SimpleData name="Photo">ST-384-1.jpg</SimpleData>
	</SchemaData></ExtendedData>
      <Point><coordinates>151.208547928545,-33.8541364725843,0</coordinates></Point>
  </Placemark>
  <Placemark>
	<name>Dawes Point Park Steps 3a</name>
	<ExtendedData><SchemaData schemaUrl="#Stairs">
		<SimpleData name="OBJECTID">310</SimpleData>
		<SimpleData name="ID">ST-385</SimpleData>
		<SimpleData name="Address">Dawes Point Park</SimpleData>
		<SimpleData name="Suburb">Dawes Point</SimpleData>
		<SimpleData name="No_Steps">10</SimpleData>
		<SimpleData name="HandRails">Yes</SimpleData>
		<SimpleData name="TGSI">No</SimpleData>
		<SimpleData name="StairNosingConstrastStrip">No</SimpleData>
		<SimpleData name="ClosestAlternateRoutes">Lower Fort Street</SimpleData>
		<SimpleData name="Photo">ST-385-1.jpg</SimpleData>
	</SchemaData></ExtendedData>
      <Point><coordinates>151.208612188135,-33.8543115769289,0</coordinates></Point>
  </Placemark>
  <Placemark>
	<name>Dawes Point Battery Stairs 2a</name>
	<ExtendedData><SchemaData schemaUrl="#Stairs">
		<SimpleData name="OBJECTID">311</SimpleData>
		<SimpleData name="ID">ST-386</SimpleData>
		<SimpleData name="Address">Dawes Point Park</SimpleData>
		<SimpleData name="Suburb">Dawes Point</SimpleData>
		<SimpleData name="No_Steps">13</SimpleData>
		<SimpleData name="HandRails">Yes</SimpleData>
		<SimpleData name="TGSI">No</SimpleData>
		<SimpleData name="StairNosingConstrastStrip">No</SimpleData>
		<SimpleData name="ClosestAlternateRoutes">Lower Fort Street</SimpleData>
		<SimpleData name="Photo">ST-386-1.jpg</SimpleData>
	</SchemaData></ExtendedData>
      <Point><coordinates>151.209939886956,-33.8550648200524,0</coordinates></Point>
  </Placemark>
  <Placemark>
	<name>Gloucester Walk Steps 2a</name>
	<ExtendedData><SchemaData schemaUrl="#Stairs">
		<SimpleData name="OBJECTID">312</SimpleData>
		<SimpleData name="ID">ST-387</SimpleData>
		<SimpleData name="Address">Gloucester Walk</SimpleData>
		<SimpleData name="Suburb">The Rocks</SimpleData>
		<SimpleData name="No_Steps">58</SimpleData>
		<SimpleData name="HandRails">Yes</SimpleData>
		<SimpleData name="TGSI">No</SimpleData>
		<SimpleData name="StairNosingConstrastStrip">No</SimpleData>
		<SimpleData name="ClosestAlternateRoutes">Gloucester Walk via Argyle Street</SimpleData>
		<SimpleData name="Photo">ST-387-2.jpg</SimpleData>
	</SchemaData></ExtendedData>
      <Point><coordinates>151.207869261058,-33.8583257773149,0</coordinates></Point>
  </Placemark>
  <Placemark>
	<name>Globe Street Stairs</name>
	<ExtendedData><SchemaData schemaUrl="#Stairs">
		<SimpleData name="OBJECTID">313</SimpleData>
		<SimpleData name="ID">ST-388</SimpleData>
		<SimpleData name="Address">Globe Street</SimpleData>
		<SimpleData name="Suburb">The Rocks</SimpleData>
		<SimpleData name="No_Steps">36</SimpleData>
		<SimpleData name="HandRails">Yes</SimpleData>
		<SimpleData name="TGSI">No</SimpleData>
		<SimpleData name="StairNosingConstrastStrip">No</SimpleData>
		<SimpleData name="ClosestAlternateRoutes">Harrington Street</SimpleData>
		<SimpleData name="Photo">ST-388-1.jpg</SimpleData>
	</SchemaData></ExtendedData>
      <Point><coordinates>151.207903530057,-33.8605054285719,0</coordinates></Point>
  </Placemark>
  <Placemark>
	<name>Custom Officers Stairs</name>
	<ExtendedData><SchemaData schemaUrl="#Stairs">
		<SimpleData name="OBJECTID">314</SimpleData>
		<SimpleData name="ID">ST-389</SimpleData>
		<SimpleData name="Address">Hickson Road</SimpleData>
		<SimpleData name="Suburb">The Rocks</SimpleData>
		<SimpleData name="No_Steps">36</SimpleData>
		<SimpleData name="HandRails">Yes</SimpleData>
		<SimpleData name="TGSI">No</SimpleData>
		<SimpleData name="StairNosingConstrastStrip">No</SimpleData>
		<SimpleData name="ClosestAlternateRoutes">lane access to Hickson Road</SimpleData>
		<SimpleData name="Photo">ST-389-1.jpg</SimpleData>
	</SchemaData></ExtendedData>
      <Point><coordinates>151.209629643337,-33.8573812112332,0</coordinates></Point>
  </Placemark>
  <Placemark>
	<name>Wharf House Steps</name>
	<ExtendedData><SchemaData schemaUrl="#Stairs">
		<SimpleData name="OBJECTID">315</SimpleData>
		<SimpleData name="ID">ST-390</SimpleData>
		<SimpleData name="Address">Hickson Road</SimpleData>
		<SimpleData name="Suburb">The Rocks</SimpleData>
		<SimpleData name="No_Steps">14</SimpleData>
		<SimpleData name="HandRails">No</SimpleData>
		<SimpleData name="TGSI">No</SimpleData>
		<SimpleData name="StairNosingConstrastStrip">No</SimpleData>
		<SimpleData name="ClosestAlternateRoutes">Hickson Road</SimpleData>
		<SimpleData name="Photo">ST-390-1.jpg</SimpleData>
	</SchemaData></ExtendedData>
      <Point><coordinates>151.209403919613,-33.8575787626532,0</coordinates></Point>
  </Placemark>
  <Placemark>
	<name>Dawes Point Battery Stairs 3a</name>
	<ExtendedData><SchemaData schemaUrl="#Stairs">
		<SimpleData name="OBJECTID">316</SimpleData>
		<SimpleData name="ID">ST-391</SimpleData>
		<SimpleData name="Address">Dawes Point Park</SimpleData>
		<SimpleData name="Suburb">Dawes Point</SimpleData>
		<SimpleData name="No_Steps">8</SimpleData>
		<SimpleData name="HandRails">Yes</SimpleData>
		<SimpleData name="TGSI">No</SimpleData>
		<SimpleData name="StairNosingConstrastStrip">No</SimpleData>
		<SimpleData name="ClosestAlternateRoutes">Lower Fort Street</SimpleData>
		<SimpleData name="Photo">ST-391-1.jpg</SimpleData>
	</SchemaData></ExtendedData>
      <Point><coordinates>151.208561983905,-33.8547737452027,0</coordinates></Point>
  </Placemark>
  <Placemark>
	<name>Watson Road Reserve Stairs</name>
	<ExtendedData><SchemaData schemaUrl="#Stairs">
		<SimpleData name="OBJECTID">317</SimpleData>
		<SimpleData name="ID">ST-392</SimpleData>
		<SimpleData name="Address">Argyle Street</SimpleData>
		<SimpleData name="Suburb">Millers Point</SimpleData>
		<SimpleData name="No_Steps">30</SimpleData>
		<SimpleData name="HandRails">No</SimpleData>
		<SimpleData name="TGSI">No</SimpleData>
		<SimpleData name="StairNosingConstrastStrip">No</SimpleData>
		<SimpleData name="ClosestAlternateRoutes">Argyle Street</SimpleData>
		<SimpleData name="Photo">ST-392-2.jpg</SimpleData>
	</SchemaData></ExtendedData>
      <Point><coordinates>151.205286604349,-33.8586394215226,0</coordinates></Point>
  </Placemark>
  <Placemark>
	<name>Darling Park Stairs</name>
	<ExtendedData><SchemaData schemaUrl="#Stairs">
		<SimpleData name="OBJECTID">318</SimpleData>
		<SimpleData name="ID">ST-393</SimpleData>
		<SimpleData name="Address">Sussex Street</SimpleData>
		<SimpleData name="Suburb">Sydney</SimpleData>
		<SimpleData name="No_Steps">21</SimpleData>
		<SimpleData name="HandRails">Yes</SimpleData>
		<SimpleData name="TGSI">No</SimpleData>
		<SimpleData name="StairNosingConstrastStrip">Yes</SimpleData>
		<SimpleData name="ClosestAlternateRoutes">Sussex Street</SimpleData>
		<SimpleData name="Photo">ST-393-1.jpg</SimpleData>
	</SchemaData></ExtendedData>
      <Point><coordinates>151.203826277137,-33.8711574370424,0</coordinates></Point>
  </Placemark>
  <Placemark>
	<name>Sussex Street Loading Dock Stairs</name>
	<ExtendedData><SchemaData schemaUrl="#Stairs">
		<SimpleData name="OBJECTID">319</SimpleData>
		<SimpleData name="ID">ST-394</SimpleData>
		<SimpleData name="Address">Sussex Street</SimpleData>
		<SimpleData name="Suburb">Sydney</SimpleData>
		<SimpleData name="No_Steps">33</SimpleData>
		<SimpleData name="HandRails">Yes</SimpleData>
		<SimpleData name="TGSI">Yes</SimpleData>
		<SimpleData name="StairNosingConstrastStrip">Yes</SimpleData>
		<SimpleData name="ClosestAlternateRoutes">Sussex Street</SimpleData>
		<SimpleData name="Photo">ST-394-2.jpg</SimpleData>
	</SchemaData></ExtendedData>
      <Point><coordinates>151.203705457685,-33.8708490914983,0</coordinates></Point>
  </Placemark>
  <Placemark>
	<name>Town Hall Square Stairs 1a</name>
	<ExtendedData><SchemaData schemaUrl="#Stairs">
		<SimpleData name="OBJECTID">320</SimpleData>
		<SimpleData name="ID">ST-395</SimpleData>
		<SimpleData name="Address">Town Hall Square</SimpleData>
		<SimpleData name="Suburb">Sydney</SimpleData>
		<SimpleData name="No_Steps">21</SimpleData>
		<SimpleData name="HandRails">Yes</SimpleData>
		<SimpleData name="TGSI">No</SimpleData>
		<SimpleData name="StairNosingConstrastStrip">No</SimpleData>
		<SimpleData name="ClosestAlternateRoutes">George Street </SimpleData>
		<SimpleData name="Photo">ST-395-1.jpg</SimpleData>
	</SchemaData></ExtendedData>
      <Point><coordinates>151.20575337913,-33.8734157420996,0</coordinates></Point>
  </Placemark>
  <Placemark>
	<name>Town Hall Square Stairs 2a</name>
	<ExtendedData><SchemaData schemaUrl="#Stairs">
		<SimpleData name="OBJECTID">321</SimpleData>
		<SimpleData name="ID">ST-396</SimpleData>
		<SimpleData name="Address">Town Hall Square</SimpleData>
		<SimpleData name="Suburb">Sydney</SimpleData>
		<SimpleData name="No_Steps">16</SimpleData>
		<SimpleData name="HandRails">Yes</SimpleData>
		<SimpleData name="TGSI">No</SimpleData>
		<SimpleData name="StairNosingConstrastStrip">No</SimpleData>
		<SimpleData name="ClosestAlternateRoutes">Kent Street </SimpleData>
		<SimpleData name="Photo">ST-396-1.jpg</SimpleData>
	</SchemaData></ExtendedData>
      <Point><coordinates>151.205507893005,-33.8732962135013,0</coordinates></Point>
  </Placemark>
  <Placemark>
	<name>Museum of Sydney</name>
	<ExtendedData><SchemaData schemaUrl="#Stairs">
		<SimpleData name="OBJECTID">322</SimpleData>
		<SimpleData name="ID">ST-397</SimpleData>
		<SimpleData name="Address">Bridge Street</SimpleData>
		<SimpleData name="Suburb">Sydney</SimpleData>
		<SimpleData name="No_Steps">12</SimpleData>
		<SimpleData name="HandRails">Yes</SimpleData>
		<SimpleData name="TGSI">No</SimpleData>
		<SimpleData name="StairNosingConstrastStrip">No</SimpleData>
		<SimpleData name="ClosestAlternateRoutes">Phillip Street</SimpleData>
		<SimpleData name="Photo">ST-397-2.jpg</SimpleData>
	</SchemaData></ExtendedData>
      <Point><coordinates>151.211730882087,-33.8635055868995,0</coordinates></Point>
  </Placemark>
  <Placemark>
	<name>Bennelong Lawn Steps</name>
	<ExtendedData><SchemaData schemaUrl="#Stairs">
		<SimpleData name="OBJECTID">323</SimpleData>
		<SimpleData name="ID">ST-398</SimpleData>
		<SimpleData name="Address">The Royal Botanic Garden Sydney</SimpleData>
		<SimpleData name="Suburb">Sydney</SimpleData>
		<SimpleData name="No_Steps">5</SimpleData>
		<SimpleData name="HandRails">No</SimpleData>
		<SimpleData name="TGSI">No</SimpleData>
		<SimpleData name="StairNosingConstrastStrip">No</SimpleData>
		<SimpleData name="ClosestAlternateRoutes">Macquarie Street</SimpleData>
		<SimpleData name="Photo">ST-398-1.jpg</SimpleData>
	</SchemaData></ExtendedData>
      <Point><coordinates>151.21503361136,-33.8588068566842,0</coordinates></Point>
  </Placemark>
  <Placemark>
	<name>Mrs Macquaries Chair Steps</name>
	<ExtendedData><SchemaData schemaUrl="#Stairs">
		<SimpleData name="OBJECTID">324</SimpleData>
		<SimpleData name="ID">ST-399</SimpleData>
		<SimpleData name="Address">Mrs Macquaries Road</SimpleData>
		<SimpleData name="Suburb">Sydney</SimpleData>
		<SimpleData name="No_Steps">25</SimpleData>
		<SimpleData name="HandRails">Yes</SimpleData>
		<SimpleData name="TGSI">No</SimpleData>
		<SimpleData name="StairNosingConstrastStrip">No</SimpleData>
		<SimpleData name="ClosestAlternateRoutes">adjacent ramp</SimpleData>
		<SimpleData name="Photo">No photo</SimpleData>
	</SchemaData></ExtendedData>
      <Point><coordinates>151.222532042943,-33.8597037447413,0</coordinates></Point>
  </Placemark>
  <Placemark>
	<name>Cook &amp; Phillip Park</name>
	<ExtendedData><SchemaData schemaUrl="#Stairs">
		<SimpleData name="OBJECTID">325</SimpleData>
		<SimpleData name="ID">ST-400</SimpleData>
		<SimpleData name="Address">Cathedral Street</SimpleData>
		<SimpleData name="Suburb">Sydney</SimpleData>
		<SimpleData name="No_Steps">57</SimpleData>
		<SimpleData name="HandRails">Yes</SimpleData>
		<SimpleData name="TGSI">No</SimpleData>
		<SimpleData name="StairNosingConstrastStrip">No</SimpleData>
		<SimpleData name="ClosestAlternateRoutes">Cathedral St</SimpleData>
		<SimpleData name="Photo">ST-400-1.jpg</SimpleData>
	</SchemaData></ExtendedData>
      <Point><coordinates>151.214050807266,-33.8722032168089,0</coordinates></Point>
  </Placemark>
  <Placemark>
	<name>Cathedral Square 1a</name>
	<ExtendedData><SchemaData schemaUrl="#Stairs">
		<SimpleData name="OBJECTID">326</SimpleData>
		<SimpleData name="ID">ST-401</SimpleData>
		<SimpleData name="Address">Cathedral Street</SimpleData>
		<SimpleData name="Suburb">Sydney</SimpleData>
		<SimpleData name="No_Steps">5</SimpleData>
		<SimpleData name="HandRails">No</SimpleData>
		<SimpleData name="TGSI">Yes</SimpleData>
		<SimpleData name="StairNosingConstrastStrip">Yes</SimpleData>
		<SimpleData name="ClosestAlternateRoutes">College street</SimpleData>
		<SimpleData name="Photo">ST-401-2.jpg</SimpleData>
	</SchemaData></ExtendedData>
      <Point><coordinates>151.212967419055,-33.8718130555686,0</coordinates></Point>
  </Placemark>
  <Placemark>
	<name>Cook &amp; Phillip Park</name>
	<ExtendedData><SchemaData schemaUrl="#Stairs">
		<SimpleData name="OBJECTID">327</SimpleData>
		<SimpleData name="ID">ST-402</SimpleData>
		<SimpleData name="Address">Cook and Phillip Park</SimpleData>
		<SimpleData name="Suburb">Sydney</SimpleData>
		<SimpleData name="No_Steps">11</SimpleData>
		<SimpleData name="HandRails">Yes</SimpleData>
		<SimpleData name="TGSI">No</SimpleData>
		<SimpleData name="StairNosingConstrastStrip">No</SimpleData>
		<SimpleData name="ClosestAlternateRoutes">William Street</SimpleData>
		<SimpleData name="Photo">ST-402-2.jpg</SimpleData>
	</SchemaData></ExtendedData>
      <Point><coordinates>151.213611535098,-33.8728314899028,0</coordinates></Point>
  </Placemark>
  <Placemark>
	<name>Reservoir Street Reserve</name>
	<ExtendedData><SchemaData schemaUrl="#Stairs">
		<SimpleData name="OBJECTID">328</SimpleData>
		<SimpleData name="ID">ST-403</SimpleData>
		<SimpleData name="Address">Reservoir Street</SimpleData>
		<SimpleData name="Suburb">Surry Hills</SimpleData>
		<SimpleData name="No_Steps">21</SimpleData>
		<SimpleData name="HandRails">Yes</SimpleData>
		<SimpleData name="TGSI">No</SimpleData>
		<SimpleData name="StairNosingConstrastStrip">No</SimpleData>
		<SimpleData name="ClosestAlternateRoutes">Smith Street</SimpleData>
		<SimpleData name="Photo">ST-403-4.jpg</SimpleData>
	</SchemaData></ExtendedData>
      <Point><coordinates>151.211340698319,-33.8812405101974,0</coordinates></Point>
  </Placemark>
  <Placemark>
	<name>Frog Hollow Reserve</name>
	<ExtendedData><SchemaData schemaUrl="#Stairs">
		<SimpleData name="OBJECTID">329</SimpleData>
		<SimpleData name="ID">ST-404</SimpleData>
		<SimpleData name="Address">Riley Street</SimpleData>
		<SimpleData name="Suburb">Surry Hills</SimpleData>
		<SimpleData name="No_Steps">43</SimpleData>
		<SimpleData name="HandRails">Yes</SimpleData>
		<SimpleData name="TGSI">Yes</SimpleData>
		<SimpleData name="StairNosingConstrastStrip">No</SimpleData>
		<SimpleData name="ClosestAlternateRoutes">Albion Street and Little Albion Street</SimpleData>
		<SimpleData name="Photo">ST-404-2.jpg</SimpleData>
	</SchemaData></ExtendedData>
      <Point><coordinates>151.212987066525,-33.8831538360443,0</coordinates></Point>
  </Placemark>
  <Placemark>
	<name>Frog Hollow Reserve</name>
	<ExtendedData><SchemaData schemaUrl="#Stairs">
		<SimpleData name="OBJECTID">330</SimpleData>
		<SimpleData name="ID">ST-405</SimpleData>
		<SimpleData name="Address">Albion Street</SimpleData>
		<SimpleData name="Suburb">Surry Hills</SimpleData>
		<SimpleData name="No_Steps">28</SimpleData>
		<SimpleData name="HandRails">Yes</SimpleData>
		<SimpleData name="TGSI">No</SimpleData>
		<SimpleData name="StairNosingConstrastStrip">No</SimpleData>
		<SimpleData name="ClosestAlternateRoutes">adjacent ramp</SimpleData>
		<SimpleData name="Photo">ST-405-2.jpg</SimpleData>
	</SchemaData></ExtendedData>
      <Point><coordinates>151.212610651054,-33.8830968393869,0</coordinates></Point>
  </Placemark>
  <Placemark>
	<name>The Goods Line East</name>
	<ExtendedData><SchemaData schemaUrl="#Stairs">
		<SimpleData name="OBJECTID">331</SimpleData>
		<SimpleData name="ID">ST-406</SimpleData>
		<SimpleData name="Address">Ultimo Road</SimpleData>
		<SimpleData name="Suburb">Haymarket</SimpleData>
		<SimpleData name="No_Steps">32</SimpleData>
		<SimpleData name="HandRails">Yes</SimpleData>
		<SimpleData name="TGSI">Yes</SimpleData>
		<SimpleData name="StairNosingConstrastStrip">Yes</SimpleData>
		<SimpleData name="ClosestAlternateRoutes">Ultimo Road</SimpleData>
		<SimpleData name="Photo">ST-406-1.jpg</SimpleData>
	</SchemaData></ExtendedData>
      <Point><coordinates>151.201910496444,-33.881246967039,0</coordinates></Point>
  </Placemark>
  <Placemark>
	<name>UTS Building 8 (Dr Chau Chak Wing Building)</name>
	<ExtendedData><SchemaData schemaUrl="#Stairs">
		<SimpleData name="OBJECTID">332</SimpleData>
		<SimpleData name="ID">ST-407</SimpleData>
		<SimpleData name="Address">Ultimo Street</SimpleData>
		<SimpleData name="Suburb">Ultimo</SimpleData>
		<SimpleData name="No_Steps">5</SimpleData>
		<SimpleData name="HandRails">Yes</SimpleData>
		<SimpleData name="TGSI">Yes</SimpleData>
		<SimpleData name="StairNosingConstrastStrip">Yes</SimpleData>
		<SimpleData name="ClosestAlternateRoutes">Ultimo Road</SimpleData>
		<SimpleData name="Photo">ST-407-2.jpg</SimpleData>
	</SchemaData></ExtendedData>
      <Point><coordinates>151.20150264905,-33.8812506455956,0</coordinates></Point>
  </Placemark>
  <Placemark>
	<name>William Henry Street Steps</name>
	<ExtendedData><SchemaData schemaUrl="#Stairs">
		<SimpleData name="OBJECTID">333</SimpleData>
		<SimpleData name="ID">ST-409</SimpleData>
		<SimpleData name="Address">William Henry Street</SimpleData>
		<SimpleData name="Suburb">Haymarket</SimpleData>
		<SimpleData name="No_Steps">47</SimpleData>
		<SimpleData name="HandRails">Yes</SimpleData>
		<SimpleData name="TGSI">No</SimpleData>
		<SimpleData name="StairNosingConstrastStrip">No</SimpleData>
		<SimpleData name="ClosestAlternateRoutes">Darling Harbour Walk</SimpleData>
		<SimpleData name="Photo">ST-409-1.jpg</SimpleData>
	</SchemaData></ExtendedData>
      <Point><coordinates>151.200823185352,-33.877725571353,0</coordinates></Point>
  </Placemark>
  <Placemark>
	<name>Exhibition Centre Stairs</name>
	<ExtendedData><SchemaData schemaUrl="#Stairs">
		<SimpleData name="OBJECTID">334</SimpleData>
		<SimpleData name="ID">ST-410</SimpleData>
		<SimpleData name="Address">Darling Drive</SimpleData>
		<SimpleData name="Suburb">Sydney</SimpleData>
		<SimpleData name="No_Steps">47</SimpleData>
		<SimpleData name="HandRails">Yes</SimpleData>
		<SimpleData name="TGSI">Yes</SimpleData>
		<SimpleData name="StairNosingConstrastStrip">Yes</SimpleData>
		<SimpleData name="ClosestAlternateRoutes">corner of Pyrmont Street and Quarry Street</SimpleData>
		<SimpleData name="Photo">ST-410-5.jpg</SimpleData>
	</SchemaData></ExtendedData>
      <Point><coordinates>151.199276417109,-33.8761535215479,0</coordinates></Point>
  </Placemark>
  <Placemark>
	<name>Harris Street Stairs</name>
	<ExtendedData><SchemaData schemaUrl="#Stairs">
		<SimpleData name="OBJECTID">335</SimpleData>
		<SimpleData name="ID">ST-411</SimpleData>
		<SimpleData name="Address">Harris Street</SimpleData>
		<SimpleData name="Suburb">Ultimo</SimpleData>
		<SimpleData name="No_Steps">48</SimpleData>
		<SimpleData name="HandRails">Yes</SimpleData>
		<SimpleData name="TGSI">Yes</SimpleData>
		<SimpleData name="StairNosingConstrastStrip">Yes</SimpleData>
		<SimpleData name="ClosestAlternateRoutes">Harris Street</SimpleData>
		<SimpleData name="Photo">ST-411-2.jpg</SimpleData>
	</SchemaData></ExtendedData>
      <Point><coordinates>151.197115560247,-33.875102261741,0</coordinates></Point>
  </Placemark>
  <Placemark>
	<name>Darling Quarter Theatre Stairs</name>
	<ExtendedData><SchemaData schemaUrl="#Stairs">
		<SimpleData name="OBJECTID">336</SimpleData>
		<SimpleData name="ID">ST-412</SimpleData>
		<SimpleData name="Address">Darling Quarter</SimpleData>
		<SimpleData name="Suburb">Sydney</SimpleData>
		<SimpleData name="No_Steps">29</SimpleData>
		<SimpleData name="HandRails">Yes</SimpleData>
		<SimpleData name="TGSI">Yes</SimpleData>
		<SimpleData name="StairNosingConstrastStrip">Yes</SimpleData>
		<SimpleData name="ClosestAlternateRoutes">Darling Harbour Walk</SimpleData>
		<SimpleData name="Photo">ST-412-1.jpg</SimpleData>
	</SchemaData></ExtendedData>
      <Point><coordinates>151.201589915635,-33.8743385606812,0</coordinates></Point>
  </Placemark>
  <Placemark>
	<name>Arthur McElhone Reserve Steps</name>
	<ExtendedData><SchemaData schemaUrl="#Stairs">
		<SimpleData name="OBJECTID">337</SimpleData>
		<SimpleData name="ID">ST-413</SimpleData>
		<SimpleData name="Address">Onslow Avenue</SimpleData>
		<SimpleData name="Suburb">Elizabeth Bay</SimpleData>
		<SimpleData name="No_Steps">5</SimpleData>
		<SimpleData name="HandRails">Yes</SimpleData>
		<SimpleData name="TGSI">No</SimpleData>
		<SimpleData name="StairNosingConstrastStrip">No</SimpleData>
		<SimpleData name="ClosestAlternateRoutes">Onslow Avenue </SimpleData>
		<SimpleData name="Photo">ST-413-1.jpg</SimpleData>
	</SchemaData></ExtendedData>
      <Point><coordinates>151.226571484299,-33.8697792034854,0</coordinates></Point>
  </Placemark>
  <Placemark>
	<name>Sydney Westfield </name>
	<ExtendedData><SchemaData schemaUrl="#Stairs">
		<SimpleData name="OBJECTID">338</SimpleData>
		<SimpleData name="ID">ST-414</SimpleData>
		<SimpleData name="Address">Market Street</SimpleData>
		<SimpleData name="Suburb">Sydney</SimpleData>
		<SimpleData name="No_Steps">10</SimpleData>
		<SimpleData name="HandRails">Yes</SimpleData>
		<SimpleData name="TGSI">Yes</SimpleData>
		<SimpleData name="StairNosingConstrastStrip">Yes</SimpleData>
		<SimpleData name="ClosestAlternateRoutes">Market Street</SimpleData>
		<SimpleData name="Photo">ST-414-1.jpg</SimpleData>
	</SchemaData></ExtendedData>
      <Point><coordinates>151.209037000301,-33.8706943992307,0</coordinates></Point>
  </Placemark>
  <Placemark>
	<name>Wildlife World stairs</name>
	<ExtendedData><SchemaData schemaUrl="#Stairs">
		<SimpleData name="OBJECTID">339</SimpleData>
		<SimpleData name="ID">ST-415</SimpleData>
		<SimpleData name="Address">Lime Street</SimpleData>
		<SimpleData name="Suburb">Sydney</SimpleData>
		<SimpleData name="No_Steps">14</SimpleData>
		<SimpleData name="HandRails">Yes</SimpleData>
		<SimpleData name="TGSI">Yes</SimpleData>
		<SimpleData name="StairNosingConstrastStrip">No</SimpleData>
		<SimpleData name="ClosestAlternateRoutes">King Street</SimpleData>
		<SimpleData name="Photo">ST-415-1.jpg</SimpleData>
	</SchemaData></ExtendedData>
      <Point><coordinates>151.202515235864,-33.8689128876318,0</coordinates></Point>
  </Placemark>
  <Placemark>
	<name>Museum of Contemporary Art</name>
	<ExtendedData><SchemaData schemaUrl="#Stairs">
		<SimpleData name="OBJECTID">340</SimpleData>
		<SimpleData name="ID">ST-417</SimpleData>
		<SimpleData name="Address">Circular Quay</SimpleData>
		<SimpleData name="Suburb">The Rocks</SimpleData>
		<SimpleData name="No_Steps">6</SimpleData>
		<SimpleData name="HandRails">Yes</SimpleData>
		<SimpleData name="TGSI">Yes</SimpleData>
		<SimpleData name="StairNosingConstrastStrip">Yes</SimpleData>
		<SimpleData name="ClosestAlternateRoutes">adjacent ramp north of stairs</SimpleData>
		<SimpleData name="Photo">ST-417-1.jpg</SimpleData>
	</SchemaData></ExtendedData>
      <Point><coordinates>151.209537322771,-33.8597228004097,0</coordinates></Point>
  </Placemark>
  <Placemark>
	<name>Museum of Contemporary Art</name>
	<ExtendedData><SchemaData schemaUrl="#Stairs">
		<SimpleData name="OBJECTID">341</SimpleData>
		<SimpleData name="ID">ST-418</SimpleData>
		<SimpleData name="Address">George Street</SimpleData>
		<SimpleData name="Suburb">The Rocks</SimpleData>
		<SimpleData name="No_Steps">6</SimpleData>
		<SimpleData name="HandRails">Yes</SimpleData>
		<SimpleData name="TGSI">Yes</SimpleData>
		<SimpleData name="StairNosingConstrastStrip">No</SimpleData>
		<SimpleData name="ClosestAlternateRoutes">adjacent footpath</SimpleData>
		<SimpleData name="Photo">No photo</SimpleData>
	</SchemaData></ExtendedData>
      <Point><coordinates>151.209697449373,-33.8597345691319,0</coordinates></Point>
  </Placemark>
  <Placemark>
	<name>Ives Steps</name>
	<ExtendedData><SchemaData schemaUrl="#Stairs">
		<SimpleData name="OBJECTID">342</SimpleData>
		<SimpleData name="ID">ST-419</SimpleData>
		<SimpleData name="Address">Ives Steps Wharf</SimpleData>
		<SimpleData name="Suburb">Dawes Point</SimpleData>
		<SimpleData name="No_Steps">4</SimpleData>
		<SimpleData name="HandRails">Yes</SimpleData>
		<SimpleData name="TGSI">No</SimpleData>
		<SimpleData name="StairNosingConstrastStrip">Yes</SimpleData>
		<SimpleData name="ClosestAlternateRoutes">Hickson Road</SimpleData>
		<SimpleData name="Photo">ST-419-2.jpg</SimpleData>
	</SchemaData></ExtendedData>
      <Point><coordinates>151.208530459494,-33.8536253990846,0</coordinates></Point>
  </Placemark>
  <Placemark>
	<name>Cambridge Steps</name>
	<ExtendedData><SchemaData schemaUrl="#Stairs">
		<SimpleData name="OBJECTID">343</SimpleData>
		<SimpleData name="ID">ST-420</SimpleData>
		<SimpleData name="Address">Cambridge Steps</SimpleData>
		<SimpleData name="Suburb">The Rocks</SimpleData>
		<SimpleData name="No_Steps">12</SimpleData>
		<SimpleData name="HandRails">No</SimpleData>
		<SimpleData name="TGSI">No</SimpleData>
		<SimpleData name="StairNosingConstrastStrip">No</SimpleData>
		<SimpleData name="ClosestAlternateRoutes">adjacent ramp - steep slope</SimpleData>
		<SimpleData name="Photo">ST-420-1.jpg</SimpleData>
	</SchemaData></ExtendedData>
      <Point><coordinates>151.20732617543,-33.8590943659943,0</coordinates></Point>
  </Placemark>
  <Placemark>
	<name>Gloucester Walk Steps 1a</name>
	<ExtendedData><SchemaData schemaUrl="#Stairs">
		<SimpleData name="OBJECTID">344</SimpleData>
		<SimpleData name="ID">ST-421</SimpleData>
		<SimpleData name="Address">Gloucester Walk</SimpleData>
		<SimpleData name="Suburb">The Rocks</SimpleData>
		<SimpleData name="No_Steps">50</SimpleData>
		<SimpleData name="HandRails">Yes</SimpleData>
		<SimpleData name="TGSI">No</SimpleData>
		<SimpleData name="StairNosingConstrastStrip">No</SimpleData>
		<SimpleData name="ClosestAlternateRoutes">Gloucester Walk via Argyle Street</SimpleData>
		<SimpleData name="Photo">ST-421-2.jpg</SimpleData>
	</SchemaData></ExtendedData>
      <Point><coordinates>151.208042409468,-33.8581984243509,0</coordinates></Point>
  </Placemark>
  <Placemark>
	<name>Sydney Opera House</name>
	<ExtendedData><SchemaData schemaUrl="#Stairs">
		<SimpleData name="OBJECTID">345</SimpleData>
		<SimpleData name="ID">ST-422</SimpleData>
		<SimpleData name="Address">Sydney Opera House Forecourt</SimpleData>
		<SimpleData name="Suburb">Sydney</SimpleData>
		<SimpleData name="No_Steps">5</SimpleData>
		<SimpleData name="HandRails">Yes</SimpleData>
		<SimpleData name="TGSI">No</SimpleData>
		<SimpleData name="StairNosingConstrastStrip">No</SimpleData>
		<SimpleData name="ClosestAlternateRoutes">Macquarie Street</SimpleData>
		<SimpleData name="Photo">No photo</SimpleData>
	</SchemaData></ExtendedData>
      <Point><coordinates>151.213380482717,-33.8588035657006,0</coordinates></Point>
  </Placemark>
  <Placemark>
	<name>Central Station</name>
	<ExtendedData><SchemaData schemaUrl="#Stairs">
		<SimpleData name="OBJECTID">346</SimpleData>
		<SimpleData name="ID">ST-423</SimpleData>
		<SimpleData name="Address">Eddy Avenue</SimpleData>
		<SimpleData name="Suburb">Haymarket</SimpleData>
		<SimpleData name="No_Steps">26</SimpleData>
		<SimpleData name="HandRails">Yes</SimpleData>
		<SimpleData name="TGSI">Yes</SimpleData>
		<SimpleData name="StairNosingConstrastStrip">No</SimpleData>
		<SimpleData name="ClosestAlternateRoutes">Eddy Avenue</SimpleData>
		<SimpleData name="Photo">ST-423-1.jpg</SimpleData>
	</SchemaData></ExtendedData>
      <Point><coordinates>151.207371689507,-33.8831615346543,0</coordinates></Point>
  </Placemark>
  <Placemark>
	<name>Sydney Opera House</name>
	<ExtendedData><SchemaData schemaUrl="#Stairs">
		<SimpleData name="OBJECTID">347</SimpleData>
		<SimpleData name="ID">ST-424</SimpleData>
		<SimpleData name="Address">Sydney Opera House Forecourt</SimpleData>
		<SimpleData name="Suburb">Sydney</SimpleData>
		<SimpleData name="No_Steps">20</SimpleData>
		<SimpleData name="HandRails">Yes</SimpleData>
		<SimpleData name="TGSI">No</SimpleData>
		<SimpleData name="StairNosingConstrastStrip">No</SimpleData>
		<SimpleData name="ClosestAlternateRoutes">Macquarie Street</SimpleData>
		<SimpleData name="Photo">ST-424-1.jpg</SimpleData>
	</SchemaData></ExtendedData>
      <Point><coordinates>151.213795134121,-33.8585302496083,0</coordinates></Point>
  </Placemark>
  <Placemark>
	<name>King Street Wharf</name>
	<ExtendedData><SchemaData schemaUrl="#Stairs">
		<SimpleData name="OBJECTID">348</SimpleData>
		<SimpleData name="ID">ST-425</SimpleData>
		<SimpleData name="Address">Lime Street</SimpleData>
		<SimpleData name="Suburb">Sydney</SimpleData>
		<SimpleData name="No_Steps">14</SimpleData>
		<SimpleData name="HandRails">Yes</SimpleData>
		<SimpleData name="TGSI">No</SimpleData>
		<SimpleData name="StairNosingConstrastStrip">No</SimpleData>
		<SimpleData name="ClosestAlternateRoutes">Lime Street</SimpleData>
		<SimpleData name="Photo">ST-425-1.jpg</SimpleData>
	</SchemaData></ExtendedData>
      <Point><coordinates>151.201562616711,-33.8664987163761,0</coordinates></Point>
  </Placemark>
  <Placemark>
	<name>Hickson Road Stairs 1a</name>
	<ExtendedData><SchemaData schemaUrl="#Stairs">
		<SimpleData name="OBJECTID">349</SimpleData>
		<SimpleData name="ID">ST-426</SimpleData>
		<SimpleData name="Address">Hickson Road </SimpleData>
		<SimpleData name="Suburb">Millers Point</SimpleData>
		<SimpleData name="No_Steps">59</SimpleData>
		<SimpleData name="HandRails">Yes</SimpleData>
		<SimpleData name="TGSI">No</SimpleData>
		<SimpleData name="StairNosingConstrastStrip">Yes</SimpleData>
		<SimpleData name="ClosestAlternateRoutes">Hickson Road </SimpleData>
		<SimpleData name="Photo">ST-426-2.jpg</SimpleData>
	</SchemaData></ExtendedData>
      <Point><coordinates>151.20296204991,-33.8628714822628,0</coordinates></Point>
  </Placemark>
  <Placemark>
	<name>Gas Lane Steps</name>
	<ExtendedData><SchemaData schemaUrl="#Stairs">
		<SimpleData name="OBJECTID">350</SimpleData>
		<SimpleData name="ID">ST-427</SimpleData>
		<SimpleData name="Address">Hickson Road</SimpleData>
		<SimpleData name="Suburb">Millers Point</SimpleData>
		<SimpleData name="No_Steps">84</SimpleData>
		<SimpleData name="HandRails">Yes</SimpleData>
		<SimpleData name="TGSI">Yes</SimpleData>
		<SimpleData name="StairNosingConstrastStrip">Yes</SimpleData>
		<SimpleData name="ClosestAlternateRoutes">High Street</SimpleData>
		<SimpleData name="Photo">ST-427-2.jpg</SimpleData>
	</SchemaData></ExtendedData>
      <Point><coordinates>151.203213676928,-33.8624188176514,0</coordinates></Point>
  </Placemark>
  <Placemark>
	<name>Victoria Lodge Stairs</name>
	<ExtendedData><SchemaData schemaUrl="#Stairs">
		<SimpleData name="OBJECTID">351</SimpleData>
		<SimpleData name="ID">ST-428</SimpleData>
		<SimpleData name="Address">The Royal Botanic Garden Sydney</SimpleData>
		<SimpleData name="Suburb">Sydney</SimpleData>
		<SimpleData name="No_Steps">13</SimpleData>
		<SimpleData name="HandRails">Yes</SimpleData>
		<SimpleData name="TGSI">No</SimpleData>
		<SimpleData name="StairNosingConstrastStrip">No</SimpleData>
		<SimpleData name="ClosestAlternateRoutes">Mrs Macquaries Road</SimpleData>
		<SimpleData name="Photo">ST-428-1.jpg</SimpleData>
	</SchemaData></ExtendedData>
      <Point><coordinates>151.220348552396,-33.8629217536577,0</coordinates></Point>
  </Placemark>
  <Placemark>
	<name>Stargazing Lawn Stairs</name>
	<ExtendedData><SchemaData schemaUrl="#Stairs">
		<SimpleData name="OBJECTID">352</SimpleData>
		<SimpleData name="ID">ST-430</SimpleData>
		<SimpleData name="Address">Argyle Street</SimpleData>
		<SimpleData name="Suburb">Barangaroo</SimpleData>
		<SimpleData name="No_Steps">36</SimpleData>
		<SimpleData name="HandRails">Yes</SimpleData>
		<SimpleData name="TGSI">No</SimpleData>
		<SimpleData name="StairNosingConstrastStrip">No</SimpleData>
		<SimpleData name="ClosestAlternateRoutes">Argyle Street</SimpleData>
		<SimpleData name="Photo">ST-430-1.jpg</SimpleData>
	</SchemaData></ExtendedData>
      <Point><coordinates>151.201513133476,-33.8582885154515,0</coordinates></Point>
  </Placemark>
  <Placemark>
	<name>The Domain Car Park - north entrance 2a</name>
	<ExtendedData><SchemaData schemaUrl="#Stairs">
		<SimpleData name="OBJECTID">353</SimpleData>
		<SimpleData name="ID">ST-431</SimpleData>
		<SimpleData name="Address">The Domain</SimpleData>
		<SimpleData name="Suburb">Sydney</SimpleData>
		<SimpleData name="No_Steps">6</SimpleData>
		<SimpleData name="HandRails">Yes</SimpleData>
		<SimpleData name="TGSI">Yes</SimpleData>
		<SimpleData name="StairNosingConstrastStrip">Yes</SimpleData>
		<SimpleData name="ClosestAlternateRoutes">St Marys Road</SimpleData>
		<SimpleData name="Photo">No photo</SimpleData>
	</SchemaData></ExtendedData>
      <Point><coordinates>151.215474224444,-33.8708076149834,0</coordinates></Point>
  </Placemark>
  <Placemark>
	<name>Eastern Distributor Footbridge Stairs West</name>
	<ExtendedData><SchemaData schemaUrl="#Stairs">
		<SimpleData name="OBJECTID">354</SimpleData>
		<SimpleData name="ID">ST-432</SimpleData>
		<SimpleData name="Address">Sir John Young Crescent</SimpleData>
		<SimpleData name="Suburb">Sydney</SimpleData>
		<SimpleData name="No_Steps">21</SimpleData>
		<SimpleData name="HandRails">Yes</SimpleData>
		<SimpleData name="TGSI">Yes</SimpleData>
		<SimpleData name="StairNosingConstrastStrip">Yes</SimpleData>
		<SimpleData name="ClosestAlternateRoutes">Art Gallery Road</SimpleData>
		<SimpleData name="Photo">ST-432-1.jpg</SimpleData>
	</SchemaData></ExtendedData>
      <Point><coordinates>151.217698277378,-33.8699228633909,0</coordinates></Point>
  </Placemark>
  <Placemark>
	<name>Sarah Peninton Reserve</name>
	<ExtendedData><SchemaData schemaUrl="#Stairs">
		<SimpleData name="OBJECTID">355</SimpleData>
		<SimpleData name="ID">ST136</SimpleData>
		<SimpleData name="Address">Palmerston Avenue</SimpleData>
		<SimpleData name="Suburb">Glebe</SimpleData>
		<SimpleData name="No_Steps">18</SimpleData>
		<SimpleData name="HandRails">Yes</SimpleData>
		<SimpleData name="TGSI">No</SimpleData>
		<SimpleData name="StairNosingConstrastStrip">No</SimpleData>
		<SimpleData name="ClosestAlternateRoutes">Bridge Road </SimpleData>
		<SimpleData name="Photo">ST136_001.JPG</SimpleData>
	</SchemaData></ExtendedData>
      <Point><coordinates>151.187112713349,-33.8773600488881,0</coordinates></Point>
  </Placemark>
  <Placemark>
	<name>Lombard Street Stairs </name>
	<ExtendedData><SchemaData schemaUrl="#Stairs">
		<SimpleData name="OBJECTID">356</SimpleData>
		<SimpleData name="ID">ST135</SimpleData>
		<SimpleData name="Address">between Lombard Street and Keegan Avenue</SimpleData>
		<SimpleData name="Suburb">Glebe</SimpleData>
		<SimpleData name="No_Steps">7</SimpleData>
		<SimpleData name="HandRails">Yes</SimpleData>
		<SimpleData name="TGSI">No</SimpleData>
		<SimpleData name="StairNosingConstrastStrip">No</SimpleData>
		<SimpleData name="ClosestAlternateRoutes">Lombard Street</SimpleData>
		<SimpleData name="Photo">ST135_001.JPG</SimpleData>
	</SchemaData></ExtendedData>
      <Point><coordinates>151.186569159732,-33.8776654026235,0</coordinates></Point>
  </Placemark>
  <Placemark>
	<name>Ernest Pedesen Steps 2a</name>
	<ExtendedData><SchemaData schemaUrl="#Stairs">
		<SimpleData name="OBJECTID">357</SimpleData>
		<SimpleData name="ID">C</SimpleData>
		<SimpleData name="Address">Burton Street</SimpleData>
		<SimpleData name="Suburb">Glebe</SimpleData>
		<SimpleData name="No_Steps">58</SimpleData>
		<SimpleData name="HandRails">Yes</SimpleData>
		<SimpleData name="TGSI">No</SimpleData>
		<SimpleData name="StairNosingConstrastStrip">No</SimpleData>
		<SimpleData name="ClosestAlternateRoutes">Quarry Street</SimpleData>
		<SimpleData name="Photo">C.JPG</SimpleData>
	</SchemaData></ExtendedData>
      <Point><coordinates>151.18702518674,-33.8761157846735,0</coordinates></Point>
  </Placemark>
  <Placemark>
	<name>William Carlton Garden Stairs</name>
	<ExtendedData><SchemaData schemaUrl="#Stairs">
		<SimpleData name="OBJECTID">358</SimpleData>
		<SimpleData name="ID">ST-436</SimpleData>
		<SimpleData name="Address">Avon Street</SimpleData>
		<SimpleData name="Suburb">Glebe</SimpleData>
		<SimpleData name="No_Steps">17</SimpleData>
		<SimpleData name="HandRails">Yes</SimpleData>
		<SimpleData name="TGSI">No</SimpleData>
		<SimpleData name="StairNosingConstrastStrip">No</SimpleData>
		<SimpleData name="ClosestAlternateRoutes">Ferry Road</SimpleData>
		<SimpleData name="Photo">ST-436-1.jpg</SimpleData>
	</SchemaData></ExtendedData>
      <Point><coordinates>151.186518352377,-33.8764285608105,0</coordinates></Point>
  </Placemark>
  <Placemark>
	<name>Blackwattle Bay Playground</name>
	<ExtendedData><SchemaData schemaUrl="#Stairs">
		<SimpleData name="OBJECTID">359</SimpleData>
		<SimpleData name="ID">ST-437</SimpleData>
		<SimpleData name="Address">Oxley Street</SimpleData>
		<SimpleData name="Suburb">Glebe</SimpleData>
		<SimpleData name="No_Steps">42</SimpleData>
		<SimpleData name="HandRails">Yes</SimpleData>
		<SimpleData name="TGSI">Yes</SimpleData>
		<SimpleData name="StairNosingConstrastStrip">No</SimpleData>
		<SimpleData name="ClosestAlternateRoutes">Oxley Street</SimpleData>
		<SimpleData name="Photo">ST-437-1.jpg</SimpleData>
	</SchemaData></ExtendedData>
      <Point><coordinates>151.183818792567,-33.8719517448154,0</coordinates></Point>
  </Placemark>
  <Placemark>
	<name>Blackwattle Bay Park </name>
	<ExtendedData><SchemaData schemaUrl="#Stairs">
		<SimpleData name="OBJECTID">360</SimpleData>
		<SimpleData name="ID">ST-438</SimpleData>
		<SimpleData name="Address">Oxley Street</SimpleData>
		<SimpleData name="Suburb">Glebe</SimpleData>
		<SimpleData name="No_Steps">12</SimpleData>
		<SimpleData name="HandRails">Yes</SimpleData>
		<SimpleData name="TGSI">No</SimpleData>
		<SimpleData name="StairNosingConstrastStrip">No</SimpleData>
		<SimpleData name="ClosestAlternateRoutes">adjacent footpath</SimpleData>
		<SimpleData name="Photo">ST-438-1.jpg</SimpleData>
	</SchemaData></ExtendedData>
      <Point><coordinates>151.184057928405,-33.8714650075341,0</coordinates></Point>
  </Placemark>
  <Placemark>
	<name>King Street Wharf Footbridge</name>
	<ExtendedData><SchemaData schemaUrl="#Stairs">
		<SimpleData name="OBJECTID">361</SimpleData>
		<SimpleData name="ID">ST-439</SimpleData>
		<SimpleData name="Address">Sussex Street</SimpleData>
		<SimpleData name="Suburb">Barangaroo</SimpleData>
		<SimpleData name="No_Steps">42</SimpleData>
		<SimpleData name="HandRails">Yes</SimpleData>
		<SimpleData name="TGSI">Yes</SimpleData>
		<SimpleData name="StairNosingConstrastStrip">Yes</SimpleData>
		<SimpleData name="ClosestAlternateRoutes">adjacent lift and escalator</SimpleData>
		<SimpleData name="Photo">ST-439-1.jpg</SimpleData>
	</SchemaData></ExtendedData>
      <Point><coordinates>151.202568283444,-33.8649594991829,0</coordinates></Point>
  </Placemark>
  <Placemark>
	<name>Wynyard Station </name>
	<ExtendedData><SchemaData schemaUrl="#Stairs">
		<SimpleData name="OBJECTID">362</SimpleData>
		<SimpleData name="ID">ST-440</SimpleData>
		<SimpleData name="Address">corner of Sussex Street and Kent Street</SimpleData>
		<SimpleData name="Suburb">Sydney</SimpleData>
		<SimpleData name="No_Steps">26</SimpleData>
		<SimpleData name="HandRails">Yes</SimpleData>
		<SimpleData name="TGSI">Yes</SimpleData>
		<SimpleData name="StairNosingConstrastStrip">Yes</SimpleData>
		<SimpleData name="ClosestAlternateRoutes">station lift</SimpleData>
		<SimpleData name="Photo">ST-440-1.jpg</SimpleData>
	</SchemaData></ExtendedData>
      <Point><coordinates>151.203507716723,-33.8654256987527,0</coordinates></Point>
  </Placemark>
  <Placemark>
	<name>Wynyard Station </name>
	<ExtendedData><SchemaData schemaUrl="#Stairs">
		<SimpleData name="OBJECTID">363</SimpleData>
		<SimpleData name="ID">ST-441</SimpleData>
		<SimpleData name="Address">Kent Street </SimpleData>
		<SimpleData name="Suburb">Sydney</SimpleData>
		<SimpleData name="No_Steps">30</SimpleData>
		<SimpleData name="HandRails">Yes</SimpleData>
		<SimpleData name="TGSI">Yes</SimpleData>
		<SimpleData name="StairNosingConstrastStrip">Yes</SimpleData>
		<SimpleData name="ClosestAlternateRoutes">Kent Street </SimpleData>
		<SimpleData name="Photo">ST-441-1.jpg</SimpleData>
	</SchemaData></ExtendedData>
      <Point><coordinates>151.203674484223,-33.8656074993543,0</coordinates></Point>
  </Placemark>
  <Placemark>
	<name>Wynyard Station </name>
	<ExtendedData><SchemaData schemaUrl="#Stairs">
		<SimpleData name="OBJECTID">364</SimpleData>
		<SimpleData name="ID">ST-442</SimpleData>
		<SimpleData name="Address">George Street </SimpleData>
		<SimpleData name="Suburb">Sydney</SimpleData>
		<SimpleData name="No_Steps">21</SimpleData>
		<SimpleData name="HandRails">Yes</SimpleData>
		<SimpleData name="TGSI">Yes</SimpleData>
		<SimpleData name="StairNosingConstrastStrip">Yes</SimpleData>
		<SimpleData name="ClosestAlternateRoutes">George Street </SimpleData>
		<SimpleData name="Photo">ST-442-2.jpg</SimpleData>
	</SchemaData></ExtendedData>
      <Point><coordinates>151.207616999858,-33.8661866319705,0</coordinates></Point>
  </Placemark>
  <Placemark>
	<name>Barangaroo </name>
	<ExtendedData><SchemaData schemaUrl="#Stairs">
		<SimpleData name="OBJECTID">365</SimpleData>
		<SimpleData name="ID">ST-443</SimpleData>
		<SimpleData name="Address">Bettington Street</SimpleData>
		<SimpleData name="Suburb">Barangaroo</SimpleData>
		<SimpleData name="No_Steps">5</SimpleData>
		<SimpleData name="HandRails">Yes</SimpleData>
		<SimpleData name="TGSI">No</SimpleData>
		<SimpleData name="StairNosingConstrastStrip">No</SimpleData>
		<SimpleData name="ClosestAlternateRoutes">Bettington Street</SimpleData>
		<SimpleData name="Photo">ST-443-1.jpg</SimpleData>
	</SchemaData></ExtendedData>
      <Point><coordinates>151.201777683419,-33.8580038825164,0</coordinates></Point>
  </Placemark>
  <Placemark>
	<name>Barangaroo </name>
	<ExtendedData><SchemaData schemaUrl="#Stairs">
		<SimpleData name="OBJECTID">366</SimpleData>
		<SimpleData name="ID">ST-444</SimpleData>
		<SimpleData name="Address">Munn Street</SimpleData>
		<SimpleData name="Suburb">Barangaroo</SimpleData>
		<SimpleData name="No_Steps">17</SimpleData>
		<SimpleData name="HandRails">Yes</SimpleData>
		<SimpleData name="TGSI">No</SimpleData>
		<SimpleData name="StairNosingConstrastStrip">No</SimpleData>
		<SimpleData name="ClosestAlternateRoutes">Munn Street</SimpleData>
		<SimpleData name="Photo">ST-444-1.jpg</SimpleData>
	</SchemaData></ExtendedData>
      <Point><coordinates>151.202429150378,-33.8581819485684,0</coordinates></Point>
  </Placemark>
  <Placemark>
	<name>Pyrmont Bridge Stairs</name>
	<ExtendedData><SchemaData schemaUrl="#Stairs">
		<SimpleData name="OBJECTID">367</SimpleData>
		<SimpleData name="ID">ST-445</SimpleData>
		<SimpleData name="Address">Darling Harbour </SimpleData>
		<SimpleData name="Suburb">Sydney</SimpleData>
		<SimpleData name="No_Steps">33</SimpleData>
		<SimpleData name="HandRails">Yes</SimpleData>
		<SimpleData name="TGSI">No</SimpleData>
		<SimpleData name="StairNosingConstrastStrip">Yes</SimpleData>
		<SimpleData name="ClosestAlternateRoutes">Sussex Street</SimpleData>
		<SimpleData name="Photo">ST-445-1.jpg</SimpleData>
	</SchemaData></ExtendedData>
      <Point><coordinates>151.202592000373,-33.8710301995217,0</coordinates></Point>
  </Placemark>
  <Placemark>
	<name>Wynyard Park</name>
	<ExtendedData><SchemaData schemaUrl="#Stairs">
		<SimpleData name="OBJECTID">368</SimpleData>
		<SimpleData name="ID">ST-446</SimpleData>
		<SimpleData name="Address">Carrington Street</SimpleData>
		<SimpleData name="Suburb">Sydney</SimpleData>
		<SimpleData name="No_Steps">4</SimpleData>
		<SimpleData name="HandRails">No</SimpleData>
		<SimpleData name="TGSI">No</SimpleData>
		<SimpleData name="StairNosingConstrastStrip">No</SimpleData>
		<SimpleData name="ClosestAlternateRoutes">York Street</SimpleData>
		<SimpleData name="Photo">ST-446-1.jpg</SimpleData>
	</SchemaData></ExtendedData>
      <Point><coordinates>151.206219699957,-33.8665490322542,0</coordinates></Point>
  </Placemark>
  <Placemark>
	<name>Wynyard Station </name>
	<ExtendedData><SchemaData schemaUrl="#Stairs">
		<SimpleData name="OBJECTID">369</SimpleData>
		<SimpleData name="ID">ST-447</SimpleData>
		<SimpleData name="Address">Carrington Street</SimpleData>
		<SimpleData name="Suburb">Sydney</SimpleData>
		<SimpleData name="No_Steps">14</SimpleData>
		<SimpleData name="HandRails">Yes</SimpleData>
		<SimpleData name="TGSI">No</SimpleData>
		<SimpleData name="StairNosingConstrastStrip">No</SimpleData>
		<SimpleData name="ClosestAlternateRoutes">York Street</SimpleData>
		<SimpleData name="Photo">ST-447-1.jpg</SimpleData>
	</SchemaData></ExtendedData>
      <Point><coordinates>151.206297333756,-33.8654679664036,0</coordinates></Point>
  </Placemark>
  <Placemark>
	<name>Lincoln Crescent Stairs 2a</name>
	<ExtendedData><SchemaData schemaUrl="#Stairs">
		<SimpleData name="OBJECTID">370</SimpleData>
		<SimpleData name="ID">ST-448</SimpleData>
		<SimpleData name="Address">Lincoln Crescent</SimpleData>
		<SimpleData name="Suburb">Woolloomooloo</SimpleData>
		<SimpleData name="No_Steps">35</SimpleData>
		<SimpleData name="HandRails">Yes</SimpleData>
		<SimpleData name="TGSI">No</SimpleData>
		<SimpleData name="StairNosingConstrastStrip">Yes</SimpleData>
		<SimpleData name="ClosestAlternateRoutes">Lincoln Crescent</SimpleData>
		<SimpleData name="Photo">ST-448-1.jpg</SimpleData>
	</SchemaData></ExtendedData>
      <Point><coordinates>151.219408270081,-33.8667017822156,0</coordinates></Point>
  </Placemark>
  <Placemark>
	<name>Harold Park</name>
	<ExtendedData><SchemaData schemaUrl="#Stairs">
		<SimpleData name="OBJECTID">371</SimpleData>
		<SimpleData name="ID">ST-449</SimpleData>
		<SimpleData name="Address">Minogue crescent</SimpleData>
		<SimpleData name="Suburb">Forest Lodge</SimpleData>
		<SimpleData name="No_Steps">9</SimpleData>
		<SimpleData name="HandRails">Yes</SimpleData>
		<SimpleData name="TGSI">Yes</SimpleData>
		<SimpleData name="StairNosingConstrastStrip">Yes</SimpleData>
		<SimpleData name="ClosestAlternateRoutes">Minogue Crescent</SimpleData>
		<SimpleData name="Photo">ST-449-1.jpg</SimpleData>
	</SchemaData></ExtendedData>
      <Point><coordinates>151.17884006297,-33.880016018526,0</coordinates></Point>
  </Placemark>
  <Placemark>
	<name>Harold Park</name>
	<ExtendedData><SchemaData schemaUrl="#Stairs">
		<SimpleData name="OBJECTID">372</SimpleData>
		<SimpleData name="ID">ST-450</SimpleData>
		<SimpleData name="Address">Minogue Crescent </SimpleData>
		<SimpleData name="Suburb">Forest Lodge</SimpleData>
		<SimpleData name="No_Steps">15</SimpleData>
		<SimpleData name="HandRails">Yes</SimpleData>
		<SimpleData name="TGSI">Yes</SimpleData>
		<SimpleData name="StairNosingConstrastStrip">Yes</SimpleData>
		<SimpleData name="ClosestAlternateRoutes">Minogue Crescent </SimpleData>
		<SimpleData name="Photo">ST-450-1.jpg</SimpleData>
	</SchemaData></ExtendedData>
      <Point><coordinates>151.178822846281,-33.880011827922,0</coordinates></Point>
  </Placemark>
  <Placemark>
	<name>Rock Lane Stairs 1a</name>
	<ExtendedData><SchemaData schemaUrl="#Stairs">
		<SimpleData name="OBJECTID">373</SimpleData>
		<SimpleData name="ID">ST137</SimpleData>
		<SimpleData name="Address">between Boyce Lane and Boyce Street</SimpleData>
		<SimpleData name="Suburb">Glebe</SimpleData>
		<SimpleData name="No_Steps">30</SimpleData>
		<SimpleData name="HandRails">Yes</SimpleData>
		<SimpleData name="TGSI">Yes</SimpleData>
		<SimpleData name="StairNosingConstrastStrip">Yes</SimpleData>
		<SimpleData name="ClosestAlternateRoutes">Wigram Road</SimpleData>
		<SimpleData name="Photo">ST137_001.JPG</SimpleData>
	</SchemaData></ExtendedData>
      <Point><coordinates>151.180710176617,-33.8792981653963,0</coordinates></Point>
  </Placemark>
  <Placemark>
	<name>Dr H J Foley Rest Park 3a</name>
	<ExtendedData><SchemaData schemaUrl="#Stairs">
		<SimpleData name="OBJECTID">374</SimpleData>
		<SimpleData name="ID">ST-452</SimpleData>
		<SimpleData name="Address">Glebe Point Road</SimpleData>
		<SimpleData name="Suburb">Glebe</SimpleData>
		<SimpleData name="No_Steps">7</SimpleData>
		<SimpleData name="HandRails">Yes</SimpleData>
		<SimpleData name="TGSI">No</SimpleData>
		<SimpleData name="StairNosingConstrastStrip">No</SimpleData>
		<SimpleData name="ClosestAlternateRoutes">Bridge Road</SimpleData>
		<SimpleData name="Photo">ST-452-2.jpg</SimpleData>
	</SchemaData></ExtendedData>
      <Point><coordinates>151.187219538433,-33.8802742422747,0</coordinates></Point>
  </Placemark>
  <Placemark>
	<name>St James Park Stairs</name>
	<ExtendedData><SchemaData schemaUrl="#Stairs">
		<SimpleData name="OBJECTID">375</SimpleData>
		<SimpleData name="ID">ST-453</SimpleData>
		<SimpleData name="Address">corner of Woolley Street and John Street</SimpleData>
		<SimpleData name="Suburb">Glebe</SimpleData>
		<SimpleData name="No_Steps">10</SimpleData>
		<SimpleData name="HandRails">No</SimpleData>
		<SimpleData name="TGSI">No</SimpleData>
		<SimpleData name="StairNosingConstrastStrip">No</SimpleData>
		<SimpleData name="ClosestAlternateRoutes">adjacent ramp</SimpleData>
		<SimpleData name="Photo">ST-453-1.jpg</SimpleData>
	</SchemaData></ExtendedData>
      <Point><coordinates>151.184616931584,-33.8802497961326,0</coordinates></Point>
  </Placemark>
  <Placemark>
	<name>Dr H J Foley Rest Park 2a</name>
	<ExtendedData><SchemaData schemaUrl="#Stairs">
		<SimpleData name="OBJECTID">376</SimpleData>
		<SimpleData name="ID">ST-454</SimpleData>
		<SimpleData name="Address">Bridge Road</SimpleData>
		<SimpleData name="Suburb">Glebe</SimpleData>
		<SimpleData name="No_Steps">5</SimpleData>
		<SimpleData name="HandRails">Yes</SimpleData>
		<SimpleData name="TGSI">Yes</SimpleData>
		<SimpleData name="StairNosingConstrastStrip">No</SimpleData>
		<SimpleData name="ClosestAlternateRoutes">Glebe Point Road</SimpleData>
		<SimpleData name="Photo">ST-454-1.jpg</SimpleData>
	</SchemaData></ExtendedData>
      <Point><coordinates>151.186408046724,-33.8802530984419,0</coordinates></Point>
  </Placemark>
  <Placemark>
	<name>Cardigan Street Park Stairs</name>
	<ExtendedData><SchemaData schemaUrl="#Stairs">
		<SimpleData name="OBJECTID">377</SimpleData>
		<SimpleData name="ID">ST170</SimpleData>
		<SimpleData name="Address">Cardigan Street</SimpleData>
		<SimpleData name="Suburb">Glebe</SimpleData>
		<SimpleData name="No_Steps">38</SimpleData>
		<SimpleData name="HandRails">No</SimpleData>
		<SimpleData name="TGSI">No</SimpleData>
		<SimpleData name="StairNosingConstrastStrip">No</SimpleData>
		<SimpleData name="ClosestAlternateRoutes">Cardigan Street</SimpleData>
		<SimpleData name="Photo">ST170_001.JPG</SimpleData>
	</SchemaData></ExtendedData>
      <Point><coordinates>151.189194904776,-33.8774785019436,0</coordinates></Point>
  </Placemark>
  <Placemark>
	<name>Powerhouse Museum</name>
	<ExtendedData><SchemaData schemaUrl="#Stairs">
		<SimpleData name="OBJECTID">378</SimpleData>
		<SimpleData name="ID">ST-456</SimpleData>
		<SimpleData name="Address">Darling Drive</SimpleData>
		<SimpleData name="Suburb">Haymarket</SimpleData>
		<SimpleData name="No_Steps">3</SimpleData>
		<SimpleData name="HandRails">Yes</SimpleData>
		<SimpleData name="TGSI">Yes</SimpleData>
		<SimpleData name="StairNosingConstrastStrip">No</SimpleData>
		<SimpleData name="ClosestAlternateRoutes">Darling Drive</SimpleData>
		<SimpleData name="Photo">ST-456-2.jpg</SimpleData>
	</SchemaData></ExtendedData>
      <Point><coordinates>151.200871020103,-33.8795346007903,0</coordinates></Point>
  </Placemark>
  <Placemark>
	<name>Footbridge Theatre Stairs 2a</name>
	<ExtendedData><SchemaData schemaUrl="#Stairs">
		<SimpleData name="OBJECTID">379</SimpleData>
		<SimpleData name="ID">ST-457</SimpleData>
		<SimpleData name="Address">Parramatta Road </SimpleData>
		<SimpleData name="Suburb">Camperdown</SimpleData>
		<SimpleData name="No_Steps">24</SimpleData>
		<SimpleData name="HandRails">Yes</SimpleData>
		<SimpleData name="TGSI">No</SimpleData>
		<SimpleData name="StairNosingConstrastStrip">No</SimpleData>
		<SimpleData name="ClosestAlternateRoutes">Arundel Street </SimpleData>
		<SimpleData name="Photo">ST-457-1.jpg</SimpleData>
	</SchemaData></ExtendedData>
      <Point><coordinates>151.187491317496,-33.8848493958164,0</coordinates></Point>
  </Placemark>
  <Placemark>
	<name>Footbridge Theatre Stairs 1a</name>
	<ExtendedData><SchemaData schemaUrl="#Stairs">
		<SimpleData name="OBJECTID">380</SimpleData>
		<SimpleData name="ID">ST-458</SimpleData>
		<SimpleData name="Address">Parramatta Road </SimpleData>
		<SimpleData name="Suburb">Camperdown</SimpleData>
		<SimpleData name="No_Steps">22</SimpleData>
		<SimpleData name="HandRails">Yes</SimpleData>
		<SimpleData name="TGSI">No</SimpleData>
		<SimpleData name="StairNosingConstrastStrip">No</SimpleData>
		<SimpleData name="ClosestAlternateRoutes">Parramatta Road</SimpleData>
		<SimpleData name="Photo">ST-458-1.jpg</SimpleData>
	</SchemaData></ExtendedData>
      <Point><coordinates>151.187477141438,-33.8848497751557,0</coordinates></Point>
  </Placemark>
  <Placemark>
	<name>Footbridge Theatre Stairs 4a</name>
	<ExtendedData><SchemaData schemaUrl="#Stairs">
		<SimpleData name="OBJECTID">381</SimpleData>
		<SimpleData name="ID">ST-459</SimpleData>
		<SimpleData name="Address">Arundel Street</SimpleData>
		<SimpleData name="Suburb">Camperdown</SimpleData>
		<SimpleData name="No_Steps">24</SimpleData>
		<SimpleData name="HandRails">Yes</SimpleData>
		<SimpleData name="TGSI">No</SimpleData>
		<SimpleData name="StairNosingConstrastStrip">No</SimpleData>
		<SimpleData name="ClosestAlternateRoutes">Parramatta Road</SimpleData>
		<SimpleData name="Photo">ST-459-1.jpg</SimpleData>
	</SchemaData></ExtendedData>
      <Point><coordinates>151.187483777216,-33.8848445913252,0</coordinates></Point>
  </Placemark>
  <Placemark>
	<name>Footbridge Theatre Stairs 3a</name>
	<ExtendedData><SchemaData schemaUrl="#Stairs">
		<SimpleData name="OBJECTID">382</SimpleData>
		<SimpleData name="ID">ST-460</SimpleData>
		<SimpleData name="Address">Arundel Street</SimpleData>
		<SimpleData name="Suburb">Camperdown</SimpleData>
		<SimpleData name="No_Steps">19</SimpleData>
		<SimpleData name="HandRails">No</SimpleData>
		<SimpleData name="TGSI">No</SimpleData>
		<SimpleData name="StairNosingConstrastStrip">No</SimpleData>
		<SimpleData name="ClosestAlternateRoutes">Parramatta Road</SimpleData>
		<SimpleData name="Photo">ST-460-2.jpg</SimpleData>
	</SchemaData></ExtendedData>
      <Point><coordinates>151.187490176035,-33.884844220184,0</coordinates></Point>
  </Placemark>
  <Placemark>
	<name>Sydney Event Deck Access</name>
	<ExtendedData><SchemaData schemaUrl="#Stairs">
		<SimpleData name="OBJECTID">383</SimpleData>
		<SimpleData name="ID">ST-461</SimpleData>
		<SimpleData name="Address">Pyrmont Street</SimpleData>
		<SimpleData name="Suburb">Sydney</SimpleData>
		<SimpleData name="No_Steps">8</SimpleData>
		<SimpleData name="HandRails">Yes</SimpleData>
		<SimpleData name="TGSI">Yes</SimpleData>
		<SimpleData name="StairNosingConstrastStrip">Yes</SimpleData>
		<SimpleData name="ClosestAlternateRoutes">Pyrmont Street</SimpleData>
		<SimpleData name="Photo">ST-461-3.jpg</SimpleData>
	</SchemaData></ExtendedData>
      <Point><coordinates>151.198706196119,-33.8761329009782,0</coordinates></Point>
  </Placemark>
  <Placemark>
	<name>Australian Maritime Museum Wharf</name>
	<ExtendedData><SchemaData schemaUrl="#Stairs">
		<SimpleData name="OBJECTID">384</SimpleData>
		<SimpleData name="ID">ST-462</SimpleData>
		<SimpleData name="Address">Darling Harbour</SimpleData>
		<SimpleData name="Suburb">Sydney</SimpleData>
		<SimpleData name="No_Steps">4</SimpleData>
		<SimpleData name="HandRails">Yes</SimpleData>
		<SimpleData name="TGSI">No</SimpleData>
		<SimpleData name="StairNosingConstrastStrip">No</SimpleData>
		<SimpleData name="ClosestAlternateRoutes">adjacent ramp</SimpleData>
		<SimpleData name="Photo">ST-462-1.jpg</SimpleData>
	</SchemaData></ExtendedData>
      <Point><coordinates>151.199215490442,-33.8700686691677,0</coordinates></Point>
  </Placemark>
  <Placemark>
	<name>Australian National Maritime Museum</name>
	<ExtendedData><SchemaData schemaUrl="#Stairs">
		<SimpleData name="OBJECTID">385</SimpleData>
		<SimpleData name="ID">ST-463</SimpleData>
		<SimpleData name="Address">Darling Harbour</SimpleData>
		<SimpleData name="Suburb">Sydney</SimpleData>
		<SimpleData name="No_Steps">7</SimpleData>
		<SimpleData name="HandRails">Yes</SimpleData>
		<SimpleData name="TGSI">Yes</SimpleData>
		<SimpleData name="StairNosingConstrastStrip">Yes</SimpleData>
		<SimpleData name="ClosestAlternateRoutes">adjacent ramp</SimpleData>
		<SimpleData name="Photo">ST-463-1.jpg</SimpleData>
	</SchemaData></ExtendedData>
      <Point><coordinates>151.199149870306,-33.8701247794236,0</coordinates></Point>
  </Placemark>
  <Placemark>
	<name>Australian National Maritime Museum</name>
	<ExtendedData><SchemaData schemaUrl="#Stairs">
		<SimpleData name="OBJECTID">386</SimpleData>
		<SimpleData name="ID">ST-464</SimpleData>
		<SimpleData name="Address">Darling Harbour</SimpleData>
		<SimpleData name="Suburb">Sydney</SimpleData>
		<SimpleData name="No_Steps">22</SimpleData>
		<SimpleData name="HandRails">Yes</SimpleData>
		<SimpleData name="TGSI">Yes</SimpleData>
		<SimpleData name="StairNosingConstrastStrip">Yes</SimpleData>
		<SimpleData name="ClosestAlternateRoutes">adjacent ramp</SimpleData>
		<SimpleData name="Photo">ST-464-1.jpg</SimpleData>
	</SchemaData></ExtendedData>
      <Point><coordinates>151.198966979857,-33.8694959190612,0</coordinates></Point>
  </Placemark>
  <Placemark>
	<name>Jane Foss Rusell Plaza Stairs 2a</name>
	<ExtendedData><SchemaData schemaUrl="#Stairs">
		<SimpleData name="OBJECTID">387</SimpleData>
		<SimpleData name="ID">ST-465</SimpleData>
		<SimpleData name="Address">Maze Cresent</SimpleData>
		<SimpleData name="Suburb">Darlington</SimpleData>
		<SimpleData name="No_Steps">45</SimpleData>
		<SimpleData name="HandRails">Yes</SimpleData>
		<SimpleData name="TGSI">Yes</SimpleData>
		<SimpleData name="StairNosingConstrastStrip">Yes</SimpleData>
		<SimpleData name="ClosestAlternateRoutes">Maze Crescent</SimpleData>
		<SimpleData name="Photo">ST-465-1.jpg</SimpleData>
	</SchemaData></ExtendedData>
      <Point><coordinates>151.191779505417,-33.8891244624663,0</coordinates></Point>
  </Placemark>
  <Placemark>
	<name>Sydney University Village 5a</name>
	<ExtendedData><SchemaData schemaUrl="#Stairs">
		<SimpleData name="OBJECTID">388</SimpleData>
		<SimpleData name="ID">ST-466</SimpleData>
		<SimpleData name="Address">Carillon Avenue</SimpleData>
		<SimpleData name="Suburb">Newtown</SimpleData>
		<SimpleData name="No_Steps">4</SimpleData>
		<SimpleData name="HandRails">Yes</SimpleData>
		<SimpleData name="TGSI">Yes</SimpleData>
		<SimpleData name="StairNosingConstrastStrip">Yes</SimpleData>
		<SimpleData name="ClosestAlternateRoutes">Carillon Avenue</SimpleData>
		<SimpleData name="Photo">ST-466-1.jpg</SimpleData>
	</SchemaData></ExtendedData>
      <Point><coordinates>151.184537961213,-33.8915041262846,0</coordinates></Point>
  </Placemark>
  <Placemark>
	<name>Sydney University Village 4a</name>
	<ExtendedData><SchemaData schemaUrl="#Stairs">
		<SimpleData name="OBJECTID">389</SimpleData>
		<SimpleData name="ID">ST-467</SimpleData>
		<SimpleData name="Address">corner of Carillon Avenue and Elizabeth Street</SimpleData>
		<SimpleData name="Suburb">Newtown</SimpleData>
		<SimpleData name="No_Steps">6</SimpleData>
		<SimpleData name="HandRails">Yes</SimpleData>
		<SimpleData name="TGSI">Yes</SimpleData>
		<SimpleData name="StairNosingConstrastStrip">Yes</SimpleData>
		<SimpleData name="ClosestAlternateRoutes">adjacent footpath</SimpleData>
		<SimpleData name="Photo">ST-467-1.jpg</SimpleData>
	</SchemaData></ExtendedData>
      <Point><coordinates>151.18396078274,-33.891496917747,0</coordinates></Point>
  </Placemark>
  <Placemark>
	<name>Australian National Maritime Museum 3</name>
	<ExtendedData><SchemaData schemaUrl="#Stairs">
		<SimpleData name="OBJECTID">390</SimpleData>
		<SimpleData name="ID">ST-468</SimpleData>
		<SimpleData name="Address">Darling Harbour</SimpleData>
		<SimpleData name="Suburb">Sydney</SimpleData>
		<SimpleData name="No_Steps">8</SimpleData>
		<SimpleData name="HandRails">Yes</SimpleData>
		<SimpleData name="TGSI">Yes</SimpleData>
		<SimpleData name="StairNosingConstrastStrip">Yes</SimpleData>
		<SimpleData name="ClosestAlternateRoutes">adjacent ramp</SimpleData>
		<SimpleData name="Photo">ST-468-4.jpg</SimpleData>
	</SchemaData></ExtendedData>
      <Point><coordinates>151.199025419752,-33.8692475997224,0</coordinates></Point>
  </Placemark>
  <Placemark>
	<name>Liverpool Street Footbridge</name>
	<ExtendedData><SchemaData schemaUrl="#Stairs">
		<SimpleData name="OBJECTID">391</SimpleData>
		<SimpleData name="ID">ST-469</SimpleData>
		<SimpleData name="Address">Liverpool Street</SimpleData>
		<SimpleData name="Suburb">Sydney</SimpleData>
		<SimpleData name="No_Steps">6</SimpleData>
		<SimpleData name="HandRails">Yes</SimpleData>
		<SimpleData name="TGSI">Yes</SimpleData>
		<SimpleData name="StairNosingConstrastStrip">Yes</SimpleData>
		<SimpleData name="ClosestAlternateRoutes">adjacent ramp</SimpleData>
		<SimpleData name="Photo">ST-469-2.jpg</SimpleData>
	</SchemaData></ExtendedData>
      <Point><coordinates>151.203993279595,-33.876070779865,0</coordinates></Point>
  </Placemark>
  <Placemark>
	<name>Australian National Maritime Museum 5</name>
	<ExtendedData><SchemaData schemaUrl="#Stairs">
		<SimpleData name="OBJECTID">392</SimpleData>
		<SimpleData name="ID">ST-470</SimpleData>
		<SimpleData name="Address">Darling Harbour</SimpleData>
		<SimpleData name="Suburb">Sydney</SimpleData>
		<SimpleData name="No_Steps">6</SimpleData>
		<SimpleData name="HandRails">Yes</SimpleData>
		<SimpleData name="TGSI">Yes</SimpleData>
		<SimpleData name="StairNosingConstrastStrip">Yes</SimpleData>
		<SimpleData name="ClosestAlternateRoutes">adjacent ramp</SimpleData>
		<SimpleData name="Photo">ST-470-1.jpg</SimpleData>
	</SchemaData></ExtendedData>
      <Point><coordinates>151.199010819458,-33.8689710188876,0</coordinates></Point>
  </Placemark>
  <Placemark>
	<name>Cape Bowling Green Lighthouse</name>
	<ExtendedData><SchemaData schemaUrl="#Stairs">
		<SimpleData name="OBJECTID">393</SimpleData>
		<SimpleData name="ID">ST-471</SimpleData>
		<SimpleData name="Address">Australian National Maritime Museum</SimpleData>
		<SimpleData name="Suburb">Darling Harbour</SimpleData>
		<SimpleData name="No_Steps">7</SimpleData>
		<SimpleData name="HandRails">Yes</SimpleData>
		<SimpleData name="TGSI">No</SimpleData>
		<SimpleData name="StairNosingConstrastStrip">Yes</SimpleData>
		<SimpleData name="ClosestAlternateRoutes">adjacent ramp</SimpleData>
		<SimpleData name="Photo">ST-471-1.jpg</SimpleData>
	</SchemaData></ExtendedData>
      <Point><coordinates>151.199231519926,-33.8687663393429,0</coordinates></Point>
  </Placemark>
  <Placemark>
	<name>Jane Foss Rusell Plaza Stairs 3a</name>
	<ExtendedData><SchemaData schemaUrl="#Stairs">
		<SimpleData name="OBJECTID">394</SimpleData>
		<SimpleData name="ID">ST-472</SimpleData>
		<SimpleData name="Address">City Road</SimpleData>
		<SimpleData name="Suburb">Darlington</SimpleData>
		<SimpleData name="No_Steps">11</SimpleData>
		<SimpleData name="HandRails">Yes</SimpleData>
		<SimpleData name="TGSI">Yes</SimpleData>
		<SimpleData name="StairNosingConstrastStrip">No</SimpleData>
		<SimpleData name="ClosestAlternateRoutes">City Road</SimpleData>
		<SimpleData name="Photo">ST-472-1.jpg</SimpleData>
	</SchemaData></ExtendedData>
      <Point><coordinates>151.191026559306,-33.8890921914055,0</coordinates></Point>
  </Placemark>
  <Placemark>
	<name>Australian Chinese Ex-Services Monument Stairs</name>
	<ExtendedData><SchemaData schemaUrl="#Stairs">
		<SimpleData name="OBJECTID">395</SimpleData>
		<SimpleData name="ID">ST-473</SimpleData>
		<SimpleData name="Address">Day Street</SimpleData>
		<SimpleData name="Suburb">Sydney</SimpleData>
		<SimpleData name="No_Steps">22</SimpleData>
		<SimpleData name="HandRails">Yes</SimpleData>
		<SimpleData name="TGSI">No</SimpleData>
		<SimpleData name="StairNosingConstrastStrip">No</SimpleData>
		<SimpleData name="ClosestAlternateRoutes">Harbour Street</SimpleData>
		<SimpleData name="Photo">ST-473-2.jpg</SimpleData>
	</SchemaData></ExtendedData>
      <Point><coordinates>151.203760430572,-33.8761779844902,0</coordinates></Point>
  </Placemark>
  <Placemark>
	<name>Wharf 7</name>
	<ExtendedData><SchemaData schemaUrl="#Stairs">
		<SimpleData name="OBJECTID">396</SimpleData>
		<SimpleData name="ID">ST-474</SimpleData>
		<SimpleData name="Address">Darling Harbour</SimpleData>
		<SimpleData name="Suburb">Sydney</SimpleData>
		<SimpleData name="No_Steps">3</SimpleData>
		<SimpleData name="HandRails">No</SimpleData>
		<SimpleData name="TGSI">No</SimpleData>
		<SimpleData name="StairNosingConstrastStrip">No</SimpleData>
		<SimpleData name="ClosestAlternateRoutes">not applicable</SimpleData>
		<SimpleData name="Photo">ST-474-1.jpg</SimpleData>
	</SchemaData></ExtendedData>
      <Point><coordinates>151.197924935605,-33.8682947259183,0</coordinates></Point>
  </Placemark>
  <Placemark>
	<name>Australian Maritime College</name>
	<ExtendedData><SchemaData schemaUrl="#Stairs">
		<SimpleData name="OBJECTID">397</SimpleData>
		<SimpleData name="ID">ST-475</SimpleData>
		<SimpleData name="Address">Darling Harbour</SimpleData>
		<SimpleData name="Suburb">Sydney</SimpleData>
		<SimpleData name="No_Steps">22</SimpleData>
		<SimpleData name="HandRails">Yes</SimpleData>
		<SimpleData name="TGSI">No</SimpleData>
		<SimpleData name="StairNosingConstrastStrip">Yes</SimpleData>
		<SimpleData name="ClosestAlternateRoutes">ramp access via main entrance</SimpleData>
		<SimpleData name="Photo">ST-475-1.jpg</SimpleData>
	</SchemaData></ExtendedData>
      <Point><coordinates>151.198326070137,-33.8693116487082,0</coordinates></Point>
  </Placemark>
  <Placemark>
	<name>Harbourside Centre 1a</name>
	<ExtendedData><SchemaData schemaUrl="#Stairs">
		<SimpleData name="OBJECTID">398</SimpleData>
		<SimpleData name="ID">ST-476</SimpleData>
		<SimpleData name="Address">Darling Harbour</SimpleData>
		<SimpleData name="Suburb">Sydney</SimpleData>
		<SimpleData name="No_Steps">28</SimpleData>
		<SimpleData name="HandRails">Yes</SimpleData>
		<SimpleData name="TGSI">Yes</SimpleData>
		<SimpleData name="StairNosingConstrastStrip">Yes</SimpleData>
		<SimpleData name="ClosestAlternateRoutes">adjacent footpath</SimpleData>
		<SimpleData name="Photo">ST-476-1.jpg</SimpleData>
	</SchemaData></ExtendedData>
      <Point><coordinates>151.198829140368,-33.8703828186349,0</coordinates></Point>
  </Placemark>
  <Placemark>
	<name>Harbourside Centre 2a</name>
	<ExtendedData><SchemaData schemaUrl="#Stairs">
		<SimpleData name="OBJECTID">399</SimpleData>
		<SimpleData name="ID">ST-477</SimpleData>
		<SimpleData name="Address">Darling Harbour</SimpleData>
		<SimpleData name="Suburb">Sydney</SimpleData>
		<SimpleData name="No_Steps">21</SimpleData>
		<SimpleData name="HandRails">Yes</SimpleData>
		<SimpleData name="TGSI">Yes</SimpleData>
		<SimpleData name="StairNosingConstrastStrip">Yes</SimpleData>
		<SimpleData name="ClosestAlternateRoutes">adjacent lift</SimpleData>
		<SimpleData name="Photo">ST-477-1.jpg</SimpleData>
	</SchemaData></ExtendedData>
      <Point><coordinates>151.198615300037,-33.8704053864563,0</coordinates></Point>
  </Placemark>
  <Placemark>
	<name>Harbourside Centre 3a</name>
	<ExtendedData><SchemaData schemaUrl="#Stairs">
		<SimpleData name="OBJECTID">400</SimpleData>
		<SimpleData name="ID">ST-478</SimpleData>
		<SimpleData name="Address">Darling Harbour</SimpleData>
		<SimpleData name="Suburb">Sydney</SimpleData>
		<SimpleData name="No_Steps">30</SimpleData>
		<SimpleData name="HandRails">Yes</SimpleData>
		<SimpleData name="TGSI">No</SimpleData>
		<SimpleData name="StairNosingConstrastStrip">Yes</SimpleData>
		<SimpleData name="ClosestAlternateRoutes">adjacent lift</SimpleData>
		<SimpleData name="Photo">ST-478-2.jpg</SimpleData>
	</SchemaData></ExtendedData>
      <Point><coordinates>151.198469037427,-33.8704576850487,0</coordinates></Point>
  </Placemark>
  <Placemark>
	<name>Bicentennial Park</name>
	<ExtendedData><SchemaData schemaUrl="#Stairs">
		<SimpleData name="OBJECTID">401</SimpleData>
		<SimpleData name="ID">ST-479</SimpleData>
		<SimpleData name="Address">Rozelle Bay Pontoon</SimpleData>
		<SimpleData name="Suburb">Glebe</SimpleData>
		<SimpleData name="No_Steps">9</SimpleData>
		<SimpleData name="HandRails">Yes</SimpleData>
		<SimpleData name="TGSI">Yes</SimpleData>
		<SimpleData name="StairNosingConstrastStrip">No</SimpleData>
		<SimpleData name="ClosestAlternateRoutes">not applicable</SimpleData>
		<SimpleData name="Photo">ST-479-2.jpg</SimpleData>
	</SchemaData></ExtendedData>
      <Point><coordinates>151.175755933858,-33.8724690159619,0</coordinates></Point>
  </Placemark>
  <Placemark>
	<name>Pyrmont Bay Light Rail Station</name>
	<ExtendedData><SchemaData schemaUrl="#Stairs">
		<SimpleData name="OBJECTID">402</SimpleData>
		<SimpleData name="ID">ST-480</SimpleData>
		<SimpleData name="Address">Pirrama Road </SimpleData>
		<SimpleData name="Suburb">Pyrmont</SimpleData>
		<SimpleData name="No_Steps">36</SimpleData>
		<SimpleData name="HandRails">Yes</SimpleData>
		<SimpleData name="TGSI">Yes</SimpleData>
		<SimpleData name="StairNosingConstrastStrip">Yes</SimpleData>
		<SimpleData name="ClosestAlternateRoutes">station lift</SimpleData>
		<SimpleData name="Photo">ST-480-1.jpg</SimpleData>
	</SchemaData></ExtendedData>
      <Point><coordinates>151.197281610908,-33.8690184887405,0</coordinates></Point>
  </Placemark>
  <Placemark>
	<name>Jubilee Park</name>
	<ExtendedData><SchemaData schemaUrl="#Stairs">
		<SimpleData name="OBJECTID">403</SimpleData>
		<SimpleData name="ID">ST-481</SimpleData>
		<SimpleData name="Address">corner of Eglinton Road and Alexandra Road</SimpleData>
		<SimpleData name="Suburb">Glebe</SimpleData>
		<SimpleData name="No_Steps">9</SimpleData>
		<SimpleData name="HandRails">Yes</SimpleData>
		<SimpleData name="TGSI">No</SimpleData>
		<SimpleData name="StairNosingConstrastStrip">No</SimpleData>
		<SimpleData name="ClosestAlternateRoutes">adjacent ramp</SimpleData>
		<SimpleData name="Photo">ST-481-1.jpg</SimpleData>
	</SchemaData></ExtendedData>
      <Point><coordinates>151.179593667126,-33.8736692655635,0</coordinates></Point>
  </Placemark>
  <Placemark>
	<name>Hyde Park South</name>
	<ExtendedData><SchemaData schemaUrl="#Stairs">
		<SimpleData name="OBJECTID">404</SimpleData>
		<SimpleData name="ID">ST-482</SimpleData>
		<SimpleData name="Address">corner of Liverpool Street and College Street</SimpleData>
		<SimpleData name="Suburb">Sydney</SimpleData>
		<SimpleData name="No_Steps">3</SimpleData>
		<SimpleData name="HandRails">No</SimpleData>
		<SimpleData name="TGSI">No</SimpleData>
		<SimpleData name="StairNosingConstrastStrip">No</SimpleData>
		<SimpleData name="ClosestAlternateRoutes">adjacent ramp</SimpleData>
		<SimpleData name="Photo">ST-482-2.jpg</SimpleData>
	</SchemaData></ExtendedData>
      <Point><coordinates>151.211959390546,-33.8764547715955,0</coordinates></Point>
  </Placemark>
  <Placemark>
	<name>Bicentennial Park Stairs</name>
	<ExtendedData><SchemaData schemaUrl="#Stairs">
		<SimpleData name="OBJECTID">405</SimpleData>
		<SimpleData name="ID">ST-483</SimpleData>
		<SimpleData name="Address">Federal Road</SimpleData>
		<SimpleData name="Suburb">Glebe</SimpleData>
		<SimpleData name="No_Steps">12</SimpleData>
		<SimpleData name="HandRails">Yes</SimpleData>
		<SimpleData name="TGSI">Yes</SimpleData>
		<SimpleData name="StairNosingConstrastStrip">Yes</SimpleData>
		<SimpleData name="ClosestAlternateRoutes">Federal Rd</SimpleData>
		<SimpleData name="Photo">ST-483-1.jpg</SimpleData>
	</SchemaData></ExtendedData>
      <Point><coordinates>151.179502149377,-33.8716669662253,0</coordinates></Point>
  </Placemark>
  <Placemark>
	<name>Pope Paul VI Reserve </name>
	<ExtendedData><SchemaData schemaUrl="#Stairs">
		<SimpleData name="OBJECTID">406</SimpleData>
		<SimpleData name="ID">ST-484</SimpleData>
		<SimpleData name="Address">Federal Road</SimpleData>
		<SimpleData name="Suburb">Glebe</SimpleData>
		<SimpleData name="No_Steps">3</SimpleData>
		<SimpleData name="HandRails">Yes</SimpleData>
		<SimpleData name="TGSI">No</SimpleData>
		<SimpleData name="StairNosingConstrastStrip">Yes</SimpleData>
		<SimpleData name="ClosestAlternateRoutes">adjacent ramp</SimpleData>
		<SimpleData name="Photo">ST-484-1.jpg</SimpleData>
	</SchemaData></ExtendedData>
      <Point><coordinates>151.180304261231,-33.8713440984123,0</coordinates></Point>
  </Placemark>
  <Placemark>
	<name>Edward Street Stairs 3a</name>
	<ExtendedData><SchemaData schemaUrl="#Stairs">
		<SimpleData name="OBJECTID">407</SimpleData>
		<SimpleData name="ID">ST-485</SimpleData>
		<SimpleData name="Address">Union Street</SimpleData>
		<SimpleData name="Suburb">Pyrmont</SimpleData>
		<SimpleData name="No_Steps">4</SimpleData>
		<SimpleData name="HandRails">Yes</SimpleData>
		<SimpleData name="TGSI">Yes</SimpleData>
		<SimpleData name="StairNosingConstrastStrip">Yes</SimpleData>
		<SimpleData name="ClosestAlternateRoutes">adjacent ramp</SimpleData>
		<SimpleData name="Photo">ST-485-2.jpg</SimpleData>
	</SchemaData></ExtendedData>
      <Point><coordinates>151.196150920037,-33.869632508862,0</coordinates></Point>
  </Placemark>
  <Placemark>
	<name>Glebe Foreshore Walk West 2a</name>
	<ExtendedData><SchemaData schemaUrl="#Stairs">
		<SimpleData name="OBJECTID">408</SimpleData>
		<SimpleData name="ID">ST-486</SimpleData>
		<SimpleData name="Address">Mary Street</SimpleData>
		<SimpleData name="Suburb">Glebe</SimpleData>
		<SimpleData name="No_Steps">9</SimpleData>
		<SimpleData name="HandRails">Yes</SimpleData>
		<SimpleData name="TGSI">Yes</SimpleData>
		<SimpleData name="StairNosingConstrastStrip">Yes</SimpleData>
		<SimpleData name="ClosestAlternateRoutes">not applicable</SimpleData>
		<SimpleData name="Photo">ST-486-1.jpg</SimpleData>
	</SchemaData></ExtendedData>
      <Point><coordinates>151.182494572785,-33.8723669939236,0</coordinates></Point>
  </Placemark>
  <Placemark>
	<name>Glebe Foreshore Walk West 1a</name>
	<ExtendedData><SchemaData schemaUrl="#Stairs">
		<SimpleData name="OBJECTID">409</SimpleData>
		<SimpleData name="ID">ST-487</SimpleData>
		<SimpleData name="Address">Glebe Point Road</SimpleData>
		<SimpleData name="Suburb">Glebe</SimpleData>
		<SimpleData name="No_Steps">4</SimpleData>
		<SimpleData name="HandRails">Yes</SimpleData>
		<SimpleData name="TGSI">Yes</SimpleData>
		<SimpleData name="StairNosingConstrastStrip">Yes</SimpleData>
		<SimpleData name="ClosestAlternateRoutes">not applicable</SimpleData>
		<SimpleData name="Photo">ST-487-1.jpg</SimpleData>
	</SchemaData></ExtendedData>
      <Point><coordinates>151.182447942862,-33.8722482135631,0</coordinates></Point>
  </Placemark>
  <Placemark>
	<name>Blackwattle Bay Park</name>
	<ExtendedData><SchemaData schemaUrl="#Stairs">
		<SimpleData name="OBJECTID">410</SimpleData>
		<SimpleData name="ID">ST-488</SimpleData>
		<SimpleData name="Address">Stewart Street</SimpleData>
		<SimpleData name="Suburb">Glebe</SimpleData>
		<SimpleData name="No_Steps">9</SimpleData>
		<SimpleData name="HandRails">Yes</SimpleData>
		<SimpleData name="TGSI">Yes</SimpleData>
		<SimpleData name="StairNosingConstrastStrip">Yes</SimpleData>
		<SimpleData name="ClosestAlternateRoutes">not applicable</SimpleData>
		<SimpleData name="Photo">ST-488-1.jpg</SimpleData>
	</SchemaData></ExtendedData>
      <Point><coordinates>151.182840540884,-33.8722998040882,0</coordinates></Point>
  </Placemark>
  <Placemark>
	<name>Cook Philip Park Pool</name>
	<ExtendedData><SchemaData schemaUrl="#Stairs">
		<SimpleData name="OBJECTID">411</SimpleData>
		<SimpleData name="ID">ST-489</SimpleData>
		<SimpleData name="Address">William Street</SimpleData>
		<SimpleData name="Suburb">Sydney</SimpleData>
		<SimpleData name="No_Steps">12</SimpleData>
		<SimpleData name="HandRails">Yes</SimpleData>
		<SimpleData name="TGSI">Yes</SimpleData>
		<SimpleData name="StairNosingConstrastStrip">No</SimpleData>
		<SimpleData name="ClosestAlternateRoutes">William Street and College Street</SimpleData>
		<SimpleData name="Photo">ST-489-1.jpg</SimpleData>
	</SchemaData></ExtendedData>
      <Point><coordinates>151.213038560361,-33.8734800932887,0</coordinates></Point>
  </Placemark>
  <Placemark>
	<name>Blackwattle bay Park</name>
	<ExtendedData><SchemaData schemaUrl="#Stairs">
		<SimpleData name="OBJECTID">412</SimpleData>
		<SimpleData name="ID">ST-490</SimpleData>
		<SimpleData name="Address">Leichhardt Street</SimpleData>
		<SimpleData name="Suburb">Glebe</SimpleData>
		<SimpleData name="No_Steps">9</SimpleData>
		<SimpleData name="HandRails">Yes</SimpleData>
		<SimpleData name="TGSI">No</SimpleData>
		<SimpleData name="StairNosingConstrastStrip">Yes</SimpleData>
		<SimpleData name="ClosestAlternateRoutes">not applicable</SimpleData>
		<SimpleData name="Photo">ST-490-1.jpg</SimpleData>
	</SchemaData></ExtendedData>
      <Point><coordinates>151.183483535845,-33.8718476019832,0</coordinates></Point>
  </Placemark>
  <Placemark>
	<name>Cook Philip Park Pool</name>
	<ExtendedData><SchemaData schemaUrl="#Stairs">
		<SimpleData name="OBJECTID">413</SimpleData>
		<SimpleData name="ID">ST-491</SimpleData>
		<SimpleData name="Address">corner of College Street and William Street</SimpleData>
		<SimpleData name="Suburb">Sydney</SimpleData>
		<SimpleData name="No_Steps">28</SimpleData>
		<SimpleData name="HandRails">Yes</SimpleData>
		<SimpleData name="TGSI">Yes</SimpleData>
		<SimpleData name="StairNosingConstrastStrip">No</SimpleData>
		<SimpleData name="ClosestAlternateRoutes">College street</SimpleData>
		<SimpleData name="Photo">ST-491-2.jpg</SimpleData>
	</SchemaData></ExtendedData>
      <Point><coordinates>151.213156895968,-33.8727778150922,0</coordinates></Point>
  </Placemark>
  <Placemark>
	<name>Edward Street Stairs 1a</name>
	<ExtendedData><SchemaData schemaUrl="#Stairs">
		<SimpleData name="OBJECTID">414</SimpleData>
		<SimpleData name="ID">ST-492</SimpleData>
		<SimpleData name="Address">Edward Street</SimpleData>
		<SimpleData name="Suburb">Pyrmont</SimpleData>
		<SimpleData name="No_Steps">38</SimpleData>
		<SimpleData name="HandRails">Yes</SimpleData>
		<SimpleData name="TGSI">No</SimpleData>
		<SimpleData name="StairNosingConstrastStrip">Yes</SimpleData>
		<SimpleData name="ClosestAlternateRoutes">Edward Street and Pirrama Road</SimpleData>
		<SimpleData name="Photo">ST-492-1.jpg</SimpleData>
	</SchemaData></ExtendedData>
      <Point><coordinates>151.196245484129,-33.8689219448173,0</coordinates></Point>
  </Placemark>
  <Placemark>
	<name>The Star</name>
	<ExtendedData><SchemaData schemaUrl="#Stairs">
		<SimpleData name="OBJECTID">415</SimpleData>
		<SimpleData name="ID">ST-493</SimpleData>
		<SimpleData name="Address">Edward Street</SimpleData>
		<SimpleData name="Suburb">Pyrmont</SimpleData>
		<SimpleData name="No_Steps">9</SimpleData>
		<SimpleData name="HandRails">Yes</SimpleData>
		<SimpleData name="TGSI">Yes</SimpleData>
		<SimpleData name="StairNosingConstrastStrip">Yes</SimpleData>
		<SimpleData name="ClosestAlternateRoutes">adjacent ramp</SimpleData>
		<SimpleData name="Photo">ST-493-3.jpg</SimpleData>
	</SchemaData></ExtendedData>
      <Point><coordinates>151.196173329596,-33.8695546091646,0</coordinates></Point>
  </Placemark>
  <Placemark>
	<name>Cook &amp; Philip Park</name>
	<ExtendedData><SchemaData schemaUrl="#Stairs">
		<SimpleData name="OBJECTID">416</SimpleData>
		<SimpleData name="ID">ST-494</SimpleData>
		<SimpleData name="Address">Yurong Parkway</SimpleData>
		<SimpleData name="Suburb">Sydney</SimpleData>
		<SimpleData name="No_Steps">17</SimpleData>
		<SimpleData name="HandRails">Yes</SimpleData>
		<SimpleData name="TGSI">No</SimpleData>
		<SimpleData name="StairNosingConstrastStrip">No</SimpleData>
		<SimpleData name="ClosestAlternateRoutes">Williams Street</SimpleData>
		<SimpleData name="Photo">ST-494-2.jpg</SimpleData>
	</SchemaData></ExtendedData>
      <Point><coordinates>151.213816132214,-33.8733257982582,0</coordinates></Point>
  </Placemark>
  <Placemark>
	<name>Cook &amp; Philip Park</name>
	<ExtendedData><SchemaData schemaUrl="#Stairs">
		<SimpleData name="OBJECTID">417</SimpleData>
		<SimpleData name="ID">ST-495</SimpleData>
		<SimpleData name="Address">Yurong Parkway</SimpleData>
		<SimpleData name="Suburb">Sydney</SimpleData>
		<SimpleData name="No_Steps">19</SimpleData>
		<SimpleData name="HandRails">Yes</SimpleData>
		<SimpleData name="TGSI">No</SimpleData>
		<SimpleData name="StairNosingConstrastStrip">No</SimpleData>
		<SimpleData name="ClosestAlternateRoutes">Williams street</SimpleData>
		<SimpleData name="Photo">ST-495-2.jpg</SimpleData>
	</SchemaData></ExtendedData>
      <Point><coordinates>151.214016510223,-33.873334289513,0</coordinates></Point>
  </Placemark>
  <Placemark>
	<name>Cathedral Square 2a</name>
	<ExtendedData><SchemaData schemaUrl="#Stairs">
		<SimpleData name="OBJECTID">418</SimpleData>
		<SimpleData name="ID">ST-496</SimpleData>
		<SimpleData name="Address">Cathedral Street</SimpleData>
		<SimpleData name="Suburb">Sydney</SimpleData>
		<SimpleData name="No_Steps">20</SimpleData>
		<SimpleData name="HandRails">Yes</SimpleData>
		<SimpleData name="TGSI">Yes</SimpleData>
		<SimpleData name="StairNosingConstrastStrip">No</SimpleData>
		<SimpleData name="ClosestAlternateRoutes">College street</SimpleData>
		<SimpleData name="Photo">ST-496-1.jpg</SimpleData>
	</SchemaData></ExtendedData>
      <Point><coordinates>151.213326277883,-33.8721547123981,0</coordinates></Point>
  </Placemark>
  <Placemark>
	<name>Pirrama Road Stairs 1a</name>
	<ExtendedData><SchemaData schemaUrl="#Stairs">
		<SimpleData name="OBJECTID">419</SimpleData>
		<SimpleData name="ID">ST-497</SimpleData>
		<SimpleData name="Address">Pirrama Road</SimpleData>
		<SimpleData name="Suburb">Pyrmont</SimpleData>
		<SimpleData name="No_Steps">27</SimpleData>
		<SimpleData name="HandRails">Yes</SimpleData>
		<SimpleData name="TGSI">Yes</SimpleData>
		<SimpleData name="StairNosingConstrastStrip">Yes</SimpleData>
		<SimpleData name="ClosestAlternateRoutes">adjacent lifts and escalator</SimpleData>
		<SimpleData name="Photo">ST-497-1.jpg</SimpleData>
	</SchemaData></ExtendedData>
      <Point><coordinates>151.196110660069,-33.8682373785225,0</coordinates></Point>
  </Placemark>
  <Placemark>
	<name>Gilba Park</name>
	<ExtendedData><SchemaData schemaUrl="#Stairs">
		<SimpleData name="OBJECTID">420</SimpleData>
		<SimpleData name="ID">ST-498</SimpleData>
		<SimpleData name="Address">Mills Street</SimpleData>
		<SimpleData name="Suburb">Pyrmont</SimpleData>
		<SimpleData name="No_Steps">9</SimpleData>
		<SimpleData name="HandRails">No</SimpleData>
		<SimpleData name="TGSI">No</SimpleData>
		<SimpleData name="StairNosingConstrastStrip">No</SimpleData>
		<SimpleData name="ClosestAlternateRoutes">adjacent ramp</SimpleData>
		<SimpleData name="Photo">ST-498-1.jpg</SimpleData>
	</SchemaData></ExtendedData>
      <Point><coordinates>151.192997199411,-33.8642601988728,0</coordinates></Point>
  </Placemark>
  <Placemark>
	<name>Footbridge Theatre Stairs 5a</name>
	<ExtendedData><SchemaData schemaUrl="#Stairs">
		<SimpleData name="OBJECTID">421</SimpleData>
		<SimpleData name="ID">ST-499</SimpleData>
		<SimpleData name="Address">Parramatta Road </SimpleData>
		<SimpleData name="Suburb">Camperdown</SimpleData>
		<SimpleData name="No_Steps">24</SimpleData>
		<SimpleData name="HandRails">No</SimpleData>
		<SimpleData name="TGSI">No</SimpleData>
		<SimpleData name="StairNosingConstrastStrip">No</SimpleData>
		<SimpleData name="ClosestAlternateRoutes">Parramatta Road</SimpleData>
		<SimpleData name="Photo">ST-499-1.jpg</SimpleData>
	</SchemaData></ExtendedData>
      <Point><coordinates>151.187476173138,-33.8848444893541,0</coordinates></Point>
  </Placemark>
  <Placemark>
	<name>Central Plaza Stairs 2a</name>
	<ExtendedData><SchemaData schemaUrl="#Stairs">
		<SimpleData name="OBJECTID">422</SimpleData>
		<SimpleData name="ID">ST-500</SimpleData>
		<SimpleData name="Address">Elizabeth Street</SimpleData>
		<SimpleData name="Suburb">Surry Hills</SimpleData>
		<SimpleData name="No_Steps">9</SimpleData>
		<SimpleData name="HandRails">Yes</SimpleData>
		<SimpleData name="TGSI">No</SimpleData>
		<SimpleData name="StairNosingConstrastStrip">Yes</SimpleData>
		<SimpleData name="ClosestAlternateRoutes">Foveaux street</SimpleData>
		<SimpleData name="Photo">ST-500-2.jpg</SimpleData>
	</SchemaData></ExtendedData>
      <Point><coordinates>151.20855119157,-33.8833107744892,0</coordinates></Point>
  </Placemark>
  <Placemark>
	<name>Central Plaza Stairs 1a</name>
	<ExtendedData><SchemaData schemaUrl="#Stairs">
		<SimpleData name="OBJECTID">423</SimpleData>
		<SimpleData name="ID">ST-501</SimpleData>
		<SimpleData name="Address">Elizabeth Street</SimpleData>
		<SimpleData name="Suburb">Surry Hills</SimpleData>
		<SimpleData name="No_Steps">38</SimpleData>
		<SimpleData name="HandRails">Yes</SimpleData>
		<SimpleData name="TGSI">No</SimpleData>
		<SimpleData name="StairNosingConstrastStrip">Yes</SimpleData>
		<SimpleData name="ClosestAlternateRoutes">Elizabeth Street</SimpleData>
		<SimpleData name="Photo">ST-501-3.jpg</SimpleData>
	</SchemaData></ExtendedData>
      <Point><coordinates>151.20874036992,-33.8824701532606,0</coordinates></Point>
  </Placemark>
  <Placemark>
	<name>Harmony Park Stairs 2a</name>
	<ExtendedData><SchemaData schemaUrl="#Stairs">
		<SimpleData name="OBJECTID">424</SimpleData>
		<SimpleData name="ID">ST-502</SimpleData>
		<SimpleData name="Address">Goulburn Street</SimpleData>
		<SimpleData name="Suburb">Surry Hills</SimpleData>
		<SimpleData name="No_Steps">12</SimpleData>
		<SimpleData name="HandRails">Yes</SimpleData>
		<SimpleData name="TGSI">Yes</SimpleData>
		<SimpleData name="StairNosingConstrastStrip">No</SimpleData>
		<SimpleData name="ClosestAlternateRoutes">Goulburn Street</SimpleData>
		<SimpleData name="Photo">ST-502-1.jpg</SimpleData>
	</SchemaData></ExtendedData>
      <Point><coordinates>151.212153230211,-33.8790317285011,0</coordinates></Point>
  </Placemark>
  <Placemark>
	<name>Albert Sloss Reserve Stairs</name>
	<ExtendedData><SchemaData schemaUrl="#Stairs">
		<SimpleData name="OBJECTID">425</SimpleData>
		<SimpleData name="ID">ST-503</SimpleData>
		<SimpleData name="Address">Langley Street</SimpleData>
		<SimpleData name="Suburb">Darlinghurst</SimpleData>
		<SimpleData name="No_Steps">14</SimpleData>
		<SimpleData name="HandRails">Yes</SimpleData>
		<SimpleData name="TGSI">Yes</SimpleData>
		<SimpleData name="StairNosingConstrastStrip">Yes</SimpleData>
		<SimpleData name="ClosestAlternateRoutes">Palmer street</SimpleData>
		<SimpleData name="Photo">ST-503-1.jpg</SimpleData>
	</SchemaData></ExtendedData>
      <Point><coordinates>151.216109488218,-33.8780398566585,0</coordinates></Point>
  </Placemark>
  <Placemark>
	<name>Mary O’Brien Reserve </name>
	<ExtendedData><SchemaData schemaUrl="#Stairs">
		<SimpleData name="OBJECTID">426</SimpleData>
		<SimpleData name="ID">ST-504</SimpleData>
		<SimpleData name="Address">Tilford street</SimpleData>
		<SimpleData name="Suburb">Zetland</SimpleData>
		<SimpleData name="No_Steps">6</SimpleData>
		<SimpleData name="HandRails">Yes</SimpleData>
		<SimpleData name="TGSI">Yes</SimpleData>
		<SimpleData name="StairNosingConstrastStrip">Yes</SimpleData>
		<SimpleData name="ClosestAlternateRoutes">Joynton Avenue Park entrance</SimpleData>
		<SimpleData name="Photo">ST-504-1.jpg</SimpleData>
	</SchemaData></ExtendedData>
      <Point><coordinates>151.207916429202,-33.9061357018416,0</coordinates></Point>
  </Placemark>
  <Placemark>
	<name>Portman Lane Stairs 2a</name>
	<ExtendedData><SchemaData schemaUrl="#Stairs">
		<SimpleData name="OBJECTID">427</SimpleData>
		<SimpleData name="ID">ST-505</SimpleData>
		<SimpleData name="Address">corner of Portman lane and Tweed Place</SimpleData>
		<SimpleData name="Suburb">Zetland</SimpleData>
		<SimpleData name="No_Steps">9</SimpleData>
		<SimpleData name="HandRails">Yes</SimpleData>
		<SimpleData name="TGSI">Yes</SimpleData>
		<SimpleData name="StairNosingConstrastStrip">No</SimpleData>
		<SimpleData name="ClosestAlternateRoutes">Tweed Place</SimpleData>
		<SimpleData name="Photo">ST-505-1.jpg</SimpleData>
	</SchemaData></ExtendedData>
      <Point><coordinates>151.204441208521,-33.905680229923,0</coordinates></Point>
  </Placemark>
  <Placemark>
	<name>Mary OBrien Reserve</name>
	<ExtendedData><SchemaData schemaUrl="#Stairs">
		<SimpleData name="OBJECTID">428</SimpleData>
		<SimpleData name="ID">ST-506</SimpleData>
		<SimpleData name="Address">Tilford street</SimpleData>
		<SimpleData name="Suburb">Zetland</SimpleData>
		<SimpleData name="No_Steps">10</SimpleData>
		<SimpleData name="HandRails">Yes</SimpleData>
		<SimpleData name="TGSI">Yes</SimpleData>
		<SimpleData name="StairNosingConstrastStrip">Yes</SimpleData>
		<SimpleData name="ClosestAlternateRoutes">Joynton Avenue Park entrance</SimpleData>
		<SimpleData name="Photo">ST-506-1.jpg</SimpleData>
	</SchemaData></ExtendedData>
      <Point><coordinates>151.207780642328,-33.9058094796772,0</coordinates></Point>
  </Placemark>
  <Placemark>
	<name>Hyde Park North</name>
	<ExtendedData><SchemaData schemaUrl="#Stairs">
		<SimpleData name="OBJECTID">429</SimpleData>
		<SimpleData name="ID">ST-507</SimpleData>
		<SimpleData name="Address">Hyde Park North</SimpleData>
		<SimpleData name="Suburb">Sydney</SimpleData>
		<SimpleData name="No_Steps">5</SimpleData>
		<SimpleData name="HandRails">Yes</SimpleData>
		<SimpleData name="TGSI">Yes</SimpleData>
		<SimpleData name="StairNosingConstrastStrip">No</SimpleData>
		<SimpleData name="ClosestAlternateRoutes">College street</SimpleData>
		<SimpleData name="Photo">ST-507-1.jpg</SimpleData>
	</SchemaData></ExtendedData>
      <Point><coordinates>151.212558886081,-33.8721165750414,0</coordinates></Point>
  </Placemark>
  <Placemark>
	<name>Sydney Harbour Bridge Stairs</name>
	<ExtendedData><SchemaData schemaUrl="#Stairs">
		<SimpleData name="OBJECTID">430</SimpleData>
		<SimpleData name="ID">ST-508</SimpleData>
		<SimpleData name="Address">Cumberland Street</SimpleData>
		<SimpleData name="Suburb">Millers Point</SimpleData>
		<SimpleData name="No_Steps">40</SimpleData>
		<SimpleData name="HandRails">Yes</SimpleData>
		<SimpleData name="TGSI">No</SimpleData>
		<SimpleData name="StairNosingConstrastStrip">Yes</SimpleData>
		<SimpleData name="ClosestAlternateRoutes">Cumberland Street</SimpleData>
		<SimpleData name="Photo">ST-508-3.jpg</SimpleData>
	</SchemaData></ExtendedData>
      <Point><coordinates>151.206757533151,-33.8590337657017,0</coordinates></Point>
  </Placemark>
  <Placemark>
	<name>John Armstrong Reserve Stairs 2a</name>
	<ExtendedData><SchemaData schemaUrl="#Stairs">
		<SimpleData name="OBJECTID">431</SimpleData>
		<SimpleData name="ID">E</SimpleData>
		<SimpleData name="Address">between Greenknowe Avenue and Onslow Avenue</SimpleData>
		<SimpleData name="Suburb">Elizabeth Bay</SimpleData>
		<SimpleData name="No_Steps">8</SimpleData>
		<SimpleData name="HandRails">No</SimpleData>
		<SimpleData name="TGSI">No</SimpleData>
		<SimpleData name="StairNosingConstrastStrip">No</SimpleData>
		<SimpleData name="ClosestAlternateRoutes">Greenknowe Avenue</SimpleData>
		<SimpleData name="Photo">D.JPG</SimpleData>
	</SchemaData></ExtendedData>
      <Point><coordinates>151.22708131502,-33.8716462669395,0</coordinates></Point>
  </Placemark>
  <Placemark>
	<name>John Armstrong Reserve Stairs 1a</name>
	<ExtendedData><SchemaData schemaUrl="#Stairs">
		<SimpleData name="OBJECTID">432</SimpleData>
		<SimpleData name="ID">ST139</SimpleData>
		<SimpleData name="Address">between Greenknowe Avenue and Onslow Avenue</SimpleData>
		<SimpleData name="Suburb">Elizabeth Bay</SimpleData>
		<SimpleData name="No_Steps">45</SimpleData>
		<SimpleData name="HandRails">Yes</SimpleData>
		<SimpleData name="TGSI">Yes</SimpleData>
		<SimpleData name="StairNosingConstrastStrip">No</SimpleData>
		<SimpleData name="ClosestAlternateRoutes">Greenknowe Avenue</SimpleData>
		<SimpleData name="Photo">ST139.JPG</SimpleData>
	</SchemaData></ExtendedData>
      <Point><coordinates>151.227270913864,-33.871517645907,0</coordinates></Point>
  </Placemark>
  <Placemark>
	<name>Springfield Gardens Stairs</name>
	<ExtendedData><SchemaData schemaUrl="#Stairs">
		<SimpleData name="OBJECTID">433</SimpleData>
		<SimpleData name="ID">ST183</SimpleData>
		<SimpleData name="Address">Springfield Avenue</SimpleData>
		<SimpleData name="Suburb">Potts Point</SimpleData>
		<SimpleData name="No_Steps">7</SimpleData>
		<SimpleData name="HandRails">Yes</SimpleData>
		<SimpleData name="TGSI">Yes</SimpleData>
		<SimpleData name="StairNosingConstrastStrip">No</SimpleData>
		<SimpleData name="ClosestAlternateRoutes">Victoria Street</SimpleData>
		<SimpleData name="Photo">No photo</SimpleData>
	</SchemaData></ExtendedData>
      <Point><coordinates>151.22377020823,-33.8731854910024,0</coordinates></Point>
  </Placemark>
  <Placemark>
	<name>Finger Wharf Substation 2a</name>
	<ExtendedData><SchemaData schemaUrl="#Stairs">
		<SimpleData name="OBJECTID">434</SimpleData>
		<SimpleData name="ID">ST-512</SimpleData>
		<SimpleData name="Address">Mrs Macquaries Road</SimpleData>
		<SimpleData name="Suburb">Sydney</SimpleData>
		<SimpleData name="No_Steps">84</SimpleData>
		<SimpleData name="HandRails">Yes</SimpleData>
		<SimpleData name="TGSI">No</SimpleData>
		<SimpleData name="StairNosingConstrastStrip">No</SimpleData>
		<SimpleData name="ClosestAlternateRoutes">Mrs Macquaries Road</SimpleData>
		<SimpleData name="Photo">ST-512-1.jpg</SimpleData>
	</SchemaData></ExtendedData>
      <Point><coordinates>151.218558931814,-33.8668678270454,0</coordinates></Point>
  </Placemark>
  <Placemark>
	<name>Andrew (Boy) Charlton Pool 2a</name>
	<ExtendedData><SchemaData schemaUrl="#Stairs">
		<SimpleData name="OBJECTID">435</SimpleData>
		<SimpleData name="ID">ST-513</SimpleData>
		<SimpleData name="Address">The Royal Botanic Garden Sydney</SimpleData>
		<SimpleData name="Suburb">Sydney</SimpleData>
		<SimpleData name="No_Steps">11</SimpleData>
		<SimpleData name="HandRails">Yes</SimpleData>
		<SimpleData name="TGSI">No</SimpleData>
		<SimpleData name="StairNosingConstrastStrip">No</SimpleData>
		<SimpleData name="ClosestAlternateRoutes">Mrs Macquaries Road</SimpleData>
		<SimpleData name="Photo">ST-513-2.jpg</SimpleData>
	</SchemaData></ExtendedData>
      <Point><coordinates>151.219681185177,-33.8659946014282,0</coordinates></Point>
  </Placemark>
  <Placemark>
	<name>Fish Market Light Rail Stairs</name>
	<ExtendedData><SchemaData schemaUrl="#Stairs">
		<SimpleData name="OBJECTID">436</SimpleData>
		<SimpleData name="ID">ST-514</SimpleData>
		<SimpleData name="Address">Bank Street</SimpleData>
		<SimpleData name="Suburb">Pyrmont</SimpleData>
		<SimpleData name="No_Steps">20</SimpleData>
		<SimpleData name="HandRails">Yes</SimpleData>
		<SimpleData name="TGSI">Yes</SimpleData>
		<SimpleData name="StairNosingConstrastStrip">Yes</SimpleData>
		<SimpleData name="ClosestAlternateRoutes">adjacent ramp</SimpleData>
		<SimpleData name="Photo">ST-514-1.jpg</SimpleData>
	</SchemaData></ExtendedData>
      <Point><coordinates>151.192269180247,-33.8708815618127,0</coordinates></Point>
  </Placemark>
  <Placemark>
	<name>Jones and John Street Reserve</name>
	<ExtendedData><SchemaData schemaUrl="#Stairs">
		<SimpleData name="OBJECTID">437</SimpleData>
		<SimpleData name="ID">ST-515</SimpleData>
		<SimpleData name="Address">John Street</SimpleData>
		<SimpleData name="Suburb">Pyrmont</SimpleData>
		<SimpleData name="No_Steps">21</SimpleData>
		<SimpleData name="HandRails">Yes</SimpleData>
		<SimpleData name="TGSI">No</SimpleData>
		<SimpleData name="StairNosingConstrastStrip">No</SimpleData>
		<SimpleData name="ClosestAlternateRoutes">Harris Street</SimpleData>
		<SimpleData name="Photo">ST-515-1.jpg</SimpleData>
	</SchemaData></ExtendedData>
      <Point><coordinates>151.190939679758,-33.8683972487758,0</coordinates></Point>
  </Placemark>
  <Placemark>
	<name>Western Escarpment Park</name>
	<ExtendedData><SchemaData schemaUrl="#Stairs">
		<SimpleData name="OBJECTID">438</SimpleData>
		<SimpleData name="ID">ST-516</SimpleData>
		<SimpleData name="Address">Bowman Street</SimpleData>
		<SimpleData name="Suburb">Pyrmont</SimpleData>
		<SimpleData name="No_Steps">14</SimpleData>
		<SimpleData name="HandRails">Yes</SimpleData>
		<SimpleData name="TGSI">Yes</SimpleData>
		<SimpleData name="StairNosingConstrastStrip">Yes</SimpleData>
		<SimpleData name="ClosestAlternateRoutes">Bowman Street</SimpleData>
		<SimpleData name="Photo">ST-516-2.jpg</SimpleData>
	</SchemaData></ExtendedData>
      <Point><coordinates>151.187870740063,-33.8686417988068,0</coordinates></Point>
  </Placemark>
  <Placemark>
	<name>Waterfront Park</name>
	<ExtendedData><SchemaData schemaUrl="#Stairs">
		<SimpleData name="OBJECTID">439</SimpleData>
		<SimpleData name="ID">ST-517</SimpleData>
		<SimpleData name="Address">Bowman Street</SimpleData>
		<SimpleData name="Suburb">Pyrmont</SimpleData>
		<SimpleData name="No_Steps">15</SimpleData>
		<SimpleData name="HandRails">Yes</SimpleData>
		<SimpleData name="TGSI">Yes</SimpleData>
		<SimpleData name="StairNosingConstrastStrip">Yes</SimpleData>
		<SimpleData name="ClosestAlternateRoutes">Bowman Street</SimpleData>
		<SimpleData name="Photo">ST-517-2.jpg</SimpleData>
	</SchemaData></ExtendedData>
      <Point><coordinates>151.188937169271,-33.8676423290059,0</coordinates></Point>
  </Placemark>
  <Placemark>
	<name>Waterfront Park</name>
	<ExtendedData><SchemaData schemaUrl="#Stairs">
		<SimpleData name="OBJECTID">440</SimpleData>
		<SimpleData name="ID">ST-518</SimpleData>
		<SimpleData name="Address">Bowman Street</SimpleData>
		<SimpleData name="Suburb">Pyrmont</SimpleData>
		<SimpleData name="No_Steps">8</SimpleData>
		<SimpleData name="HandRails">No</SimpleData>
		<SimpleData name="TGSI">No</SimpleData>
		<SimpleData name="StairNosingConstrastStrip">Yes</SimpleData>
		<SimpleData name="ClosestAlternateRoutes">Bowman Street</SimpleData>
		<SimpleData name="Photo">ST-518-3.jpg</SimpleData>
	</SchemaData></ExtendedData>
      <Point><coordinates>151.189158899901,-33.8675543698843,0</coordinates></Point>
  </Placemark>
  <Placemark>
	<name>Bowman Street Reserve Stairs 3a</name>
	<ExtendedData><SchemaData schemaUrl="#Stairs">
		<SimpleData name="OBJECTID">441</SimpleData>
		<SimpleData name="ID">ST-519</SimpleData>
		<SimpleData name="Address">Bowman Street</SimpleData>
		<SimpleData name="Suburb">Pyrmont</SimpleData>
		<SimpleData name="No_Steps">11</SimpleData>
		<SimpleData name="HandRails">No</SimpleData>
		<SimpleData name="TGSI">No</SimpleData>
		<SimpleData name="StairNosingConstrastStrip">No</SimpleData>
		<SimpleData name="ClosestAlternateRoutes">adjacent path</SimpleData>
		<SimpleData name="Photo">ST-519-2.jpg</SimpleData>
	</SchemaData></ExtendedData>
      <Point><coordinates>151.189894629706,-33.8669813694228,0</coordinates></Point>
  </Placemark>
  <Placemark>
	<name>Bowman Street Reserve Stairs 4a</name>
	<ExtendedData><SchemaData schemaUrl="#Stairs">
		<SimpleData name="OBJECTID">442</SimpleData>
		<SimpleData name="ID">ST-520</SimpleData>
		<SimpleData name="Address">Bowman Street</SimpleData>
		<SimpleData name="Suburb">Pyrmont</SimpleData>
		<SimpleData name="No_Steps">9</SimpleData>
		<SimpleData name="HandRails">Yes</SimpleData>
		<SimpleData name="TGSI">Yes</SimpleData>
		<SimpleData name="StairNosingConstrastStrip">No</SimpleData>
		<SimpleData name="ClosestAlternateRoutes">adjacent path</SimpleData>
		<SimpleData name="Photo">ST-520-2.jpg</SimpleData>
	</SchemaData></ExtendedData>
      <Point><coordinates>151.189900840124,-33.8669835094134,0</coordinates></Point>
  </Placemark>
  <Placemark>
	<name>Bowman Street Reserve Stairs 2a</name>
	<ExtendedData><SchemaData schemaUrl="#Stairs">
		<SimpleData name="OBJECTID">443</SimpleData>
		<SimpleData name="ID">ST-521</SimpleData>
		<SimpleData name="Address">Refinery Drive</SimpleData>
		<SimpleData name="Suburb">Pyrmont</SimpleData>
		<SimpleData name="No_Steps">68</SimpleData>
		<SimpleData name="HandRails">Yes</SimpleData>
		<SimpleData name="TGSI">Yes</SimpleData>
		<SimpleData name="StairNosingConstrastStrip">No</SimpleData>
		<SimpleData name="ClosestAlternateRoutes">Refinery Drive</SimpleData>
		<SimpleData name="Photo">ST-521-2.jpg</SimpleData>
	</SchemaData></ExtendedData>
      <Point><coordinates>151.189714209913,-33.8666302991421,0</coordinates></Point>
  </Placemark>
  <Placemark>
	<name>Jacksons Landing Promenade</name>
	<ExtendedData><SchemaData schemaUrl="#Stairs">
		<SimpleData name="OBJECTID">444</SimpleData>
		<SimpleData name="ID">ST-522</SimpleData>
		<SimpleData name="Address">Refinery Drive</SimpleData>
		<SimpleData name="Suburb">Pyrmont</SimpleData>
		<SimpleData name="No_Steps">18</SimpleData>
		<SimpleData name="HandRails">Yes</SimpleData>
		<SimpleData name="TGSI">Yes</SimpleData>
		<SimpleData name="StairNosingConstrastStrip">No</SimpleData>
		<SimpleData name="ClosestAlternateRoutes">Johnstons Bay Harbour Walkway</SimpleData>
		<SimpleData name="Photo">ST-522-1.jpg</SimpleData>
	</SchemaData></ExtendedData>
      <Point><coordinates>151.189632010593,-33.8665034475018,0</coordinates></Point>
  </Placemark>
  <Placemark>
	<name>Jacksons Landing Promenade</name>
	<ExtendedData><SchemaData schemaUrl="#Stairs">
		<SimpleData name="OBJECTID">445</SimpleData>
		<SimpleData name="ID">ST-523</SimpleData>
		<SimpleData name="Address">Refinery Drive</SimpleData>
		<SimpleData name="Suburb">Pyrmont</SimpleData>
		<SimpleData name="No_Steps">19</SimpleData>
		<SimpleData name="HandRails">Yes</SimpleData>
		<SimpleData name="TGSI">Yes</SimpleData>
		<SimpleData name="StairNosingConstrastStrip">Yes</SimpleData>
		<SimpleData name="ClosestAlternateRoutes">Johnstons Bay Harbour Walkway</SimpleData>
		<SimpleData name="Photo">ST-523-1.jpg</SimpleData>
	</SchemaData></ExtendedData>
      <Point><coordinates>151.189158409843,-33.8660487191637,0</coordinates></Point>
  </Placemark>
  <Placemark>
	<name>John Street Square</name>
	<ExtendedData><SchemaData schemaUrl="#Stairs">
		<SimpleData name="OBJECTID">446</SimpleData>
		<SimpleData name="ID">ST-524</SimpleData>
		<SimpleData name="Address">John Street</SimpleData>
		<SimpleData name="Suburb">Pyrmont</SimpleData>
		<SimpleData name="No_Steps">45</SimpleData>
		<SimpleData name="HandRails">No</SimpleData>
		<SimpleData name="TGSI">No</SimpleData>
		<SimpleData name="StairNosingConstrastStrip">No</SimpleData>
		<SimpleData name="ClosestAlternateRoutes">Harris Street</SimpleData>
		<SimpleData name="Photo">ST-524-1.jpg</SimpleData>
	</SchemaData></ExtendedData>
      <Point><coordinates>151.191692554234,-33.8675620892868,0</coordinates></Point>
  </Placemark>
  <Placemark>
	<name>John Street Square</name>
	<ExtendedData><SchemaData schemaUrl="#Stairs">
		<SimpleData name="OBJECTID">447</SimpleData>
		<SimpleData name="ID">ST-525</SimpleData>
		<SimpleData name="Address">John Street</SimpleData>
		<SimpleData name="Suburb">Pyrmont</SimpleData>
		<SimpleData name="No_Steps">60</SimpleData>
		<SimpleData name="HandRails">Yes</SimpleData>
		<SimpleData name="TGSI">No</SimpleData>
		<SimpleData name="StairNosingConstrastStrip">No</SimpleData>
		<SimpleData name="ClosestAlternateRoutes">Harris Street or adjacent ramp for top level only</SimpleData>
		<SimpleData name="Photo">ST-525-1.jpg</SimpleData>
	</SchemaData></ExtendedData>
      <Point><coordinates>151.191981620024,-33.8675039896806,0</coordinates></Point>
  </Placemark>
  <Placemark>
	<name>John Street Square </name>
	<ExtendedData><SchemaData schemaUrl="#Stairs">
		<SimpleData name="OBJECTID">448</SimpleData>
		<SimpleData name="ID">ST-526</SimpleData>
		<SimpleData name="Address">Harris Street</SimpleData>
		<SimpleData name="Suburb">Pyrmont</SimpleData>
		<SimpleData name="No_Steps">78</SimpleData>
		<SimpleData name="HandRails">Yes</SimpleData>
		<SimpleData name="TGSI">Yes</SimpleData>
		<SimpleData name="StairNosingConstrastStrip">Yes</SimpleData>
		<SimpleData name="ClosestAlternateRoutes">adjacent lift</SimpleData>
		<SimpleData name="Photo">ST-526-3.jpg</SimpleData>
	</SchemaData></ExtendedData>
      <Point><coordinates>151.192297654363,-33.8672151447421,0</coordinates></Point>
  </Placemark>
  <Placemark>
	<name>James Watkinson Reserve</name>
	<ExtendedData><SchemaData schemaUrl="#Stairs">
		<SimpleData name="OBJECTID">449</SimpleData>
		<SimpleData name="ID">ST-527</SimpleData>
		<SimpleData name="Address">Way Terrace </SimpleData>
		<SimpleData name="Suburb">Pyrmont</SimpleData>
		<SimpleData name="No_Steps">33</SimpleData>
		<SimpleData name="HandRails">Yes</SimpleData>
		<SimpleData name="TGSI">No</SimpleData>
		<SimpleData name="StairNosingConstrastStrip">No</SimpleData>
		<SimpleData name="ClosestAlternateRoutes">adjacent footpath</SimpleData>
		<SimpleData name="Photo">ST-527-9.jpg</SimpleData>
	</SchemaData></ExtendedData>
      <Point><coordinates>151.193588083993,-33.8655789009683,0</coordinates></Point>
  </Placemark>
  <Placemark>
	<name>Ways Terrace Stairs</name>
	<ExtendedData><SchemaData schemaUrl="#Stairs">
		<SimpleData name="OBJECTID">450</SimpleData>
		<SimpleData name="ID">ST-528</SimpleData>
		<SimpleData name="Address">Point Street</SimpleData>
		<SimpleData name="Suburb">Pyrmont</SimpleData>
		<SimpleData name="No_Steps">9</SimpleData>
		<SimpleData name="HandRails">Yes</SimpleData>
		<SimpleData name="TGSI">Yes</SimpleData>
		<SimpleData name="StairNosingConstrastStrip">No</SimpleData>
		<SimpleData name="ClosestAlternateRoutes">adjacent footpath</SimpleData>
		<SimpleData name="Photo">ST-528-1.jpg</SimpleData>
	</SchemaData></ExtendedData>
      <Point><coordinates>151.193253823846,-33.8655900374236,0</coordinates></Point>
  </Placemark>
  <Placemark>
	<name>Gilba Park </name>
	<ExtendedData><SchemaData schemaUrl="#Stairs">
		<SimpleData name="OBJECTID">451</SimpleData>
		<SimpleData name="ID">ST-529</SimpleData>
		<SimpleData name="Address">Herbert Street</SimpleData>
		<SimpleData name="Suburb">Pyrmont</SimpleData>
		<SimpleData name="No_Steps">39</SimpleData>
		<SimpleData name="HandRails">Yes</SimpleData>
		<SimpleData name="TGSI">No</SimpleData>
		<SimpleData name="StairNosingConstrastStrip">No</SimpleData>
		<SimpleData name="ClosestAlternateRoutes">Herbert Street</SimpleData>
		<SimpleData name="Photo">ST-529-4.jpg</SimpleData>
	</SchemaData></ExtendedData>
      <Point><coordinates>151.19236589059,-33.8644174470415,0</coordinates></Point>
  </Placemark>
  <Placemark>
	<name>Pymont Bay Park</name>
	<ExtendedData><SchemaData schemaUrl="#Stairs">
		<SimpleData name="OBJECTID">452</SimpleData>
		<SimpleData name="ID">ST-530</SimpleData>
		<SimpleData name="Address">Pirrama Road</SimpleData>
		<SimpleData name="Suburb">Pyrmont</SimpleData>
		<SimpleData name="No_Steps">4</SimpleData>
		<SimpleData name="HandRails">No</SimpleData>
		<SimpleData name="TGSI">No</SimpleData>
		<SimpleData name="StairNosingConstrastStrip">No</SimpleData>
		<SimpleData name="ClosestAlternateRoutes">adjacent ramp</SimpleData>
		<SimpleData name="Photo">ST-530-2.jpg</SimpleData>
	</SchemaData></ExtendedData>
      <Point><coordinates>151.196438190255,-33.8676779488314,0</coordinates></Point>
  </Placemark>
  <Placemark>
	<name>Pyrmont Bay Park </name>
	<ExtendedData><SchemaData schemaUrl="#Stairs">
		<SimpleData name="OBJECTID">453</SimpleData>
		<SimpleData name="ID">ST-531</SimpleData>
		<SimpleData name="Address">Pirrama Road</SimpleData>
		<SimpleData name="Suburb">Pyrmont</SimpleData>
		<SimpleData name="No_Steps">3</SimpleData>
		<SimpleData name="HandRails">No</SimpleData>
		<SimpleData name="TGSI">No</SimpleData>
		<SimpleData name="StairNosingConstrastStrip">No</SimpleData>
		<SimpleData name="ClosestAlternateRoutes">adjacent ramp</SimpleData>
		<SimpleData name="Photo">ST-531-4.jpg</SimpleData>
	</SchemaData></ExtendedData>
      <Point><coordinates>151.197547700196,-33.8681883093162,0</coordinates></Point>
  </Placemark>
  <Placemark>
	<name>Pyrmont Bay Light Rail Station</name>
	<ExtendedData><SchemaData schemaUrl="#Stairs">
		<SimpleData name="OBJECTID">454</SimpleData>
		<SimpleData name="ID">ST-532</SimpleData>
		<SimpleData name="Address">Pirrama Road </SimpleData>
		<SimpleData name="Suburb">Pyrmont</SimpleData>
		<SimpleData name="No_Steps">31</SimpleData>
		<SimpleData name="HandRails">Yes</SimpleData>
		<SimpleData name="TGSI">Yes</SimpleData>
		<SimpleData name="StairNosingConstrastStrip">Yes</SimpleData>
		<SimpleData name="ClosestAlternateRoutes">station lift</SimpleData>
		<SimpleData name="Photo">ST-532-1.jpg</SimpleData>
	</SchemaData></ExtendedData>
      <Point><coordinates>151.197763481497,-33.8695792522902,0</coordinates></Point>
  </Placemark>
  <Placemark>
	<name>Pier 8/9 steps</name>
	<ExtendedData><SchemaData schemaUrl="#Stairs">
		<SimpleData name="OBJECTID">455</SimpleData>
		<SimpleData name="ID">ST-533</SimpleData>
		<SimpleData name="Address">Darling Harbour</SimpleData>
		<SimpleData name="Suburb">Sydney</SimpleData>
		<SimpleData name="No_Steps">3</SimpleData>
		<SimpleData name="HandRails">Yes</SimpleData>
		<SimpleData name="TGSI">Yes</SimpleData>
		<SimpleData name="StairNosingConstrastStrip">Yes</SimpleData>
		<SimpleData name="ClosestAlternateRoutes">adjacent ramp to access footpath</SimpleData>
		<SimpleData name="Photo">ST-533-2.jpg</SimpleData>
	</SchemaData></ExtendedData>
      <Point><coordinates>151.201190419818,-33.8699172637031,0</coordinates></Point>
  </Placemark>
  <Placemark>
	<name>Tumbalong Park</name>
	<ExtendedData><SchemaData schemaUrl="#Stairs">
		<SimpleData name="OBJECTID">456</SimpleData>
		<SimpleData name="ID">ST-534</SimpleData>
		<SimpleData name="Address">Darling Harbour</SimpleData>
		<SimpleData name="Suburb">Sydney</SimpleData>
		<SimpleData name="No_Steps">5</SimpleData>
		<SimpleData name="HandRails">Yes</SimpleData>
		<SimpleData name="TGSI">Yes</SimpleData>
		<SimpleData name="StairNosingConstrastStrip">Yes</SimpleData>
		<SimpleData name="ClosestAlternateRoutes">adjacent park paths</SimpleData>
		<SimpleData name="Photo">ST-534-1.jpg</SimpleData>
	</SchemaData></ExtendedData>
      <Point><coordinates>151.201162878119,-33.8763442394804,0</coordinates></Point>
  </Placemark>
  <Placemark>
	<name>ICC Exhibition Centre</name>
	<ExtendedData><SchemaData schemaUrl="#Stairs">
		<SimpleData name="OBJECTID">457</SimpleData>
		<SimpleData name="ID">ST-535</SimpleData>
		<SimpleData name="Address">Darling Harbour</SimpleData>
		<SimpleData name="Suburb">Sydney</SimpleData>
		<SimpleData name="No_Steps">54</SimpleData>
		<SimpleData name="HandRails">Yes</SimpleData>
		<SimpleData name="TGSI">Yes</SimpleData>
		<SimpleData name="StairNosingConstrastStrip">Yes</SimpleData>
		<SimpleData name="ClosestAlternateRoutes">adjacent lifts</SimpleData>
		<SimpleData name="Photo">ST-535-2.jpg</SimpleData>
	</SchemaData></ExtendedData>
      <Point><coordinates>151.200559744083,-33.8757685846075,0</coordinates></Point>
  </Placemark>
  <Placemark>
	<name>ICC Exhibition Centre</name>
	<ExtendedData><SchemaData schemaUrl="#Stairs">
		<SimpleData name="OBJECTID">458</SimpleData>
		<SimpleData name="ID">ST-536</SimpleData>
		<SimpleData name="Address">Darling Harbour</SimpleData>
		<SimpleData name="Suburb">Sydney</SimpleData>
		<SimpleData name="No_Steps">50</SimpleData>
		<SimpleData name="HandRails">Yes</SimpleData>
		<SimpleData name="TGSI">Yes</SimpleData>
		<SimpleData name="StairNosingConstrastStrip">Yes</SimpleData>
		<SimpleData name="ClosestAlternateRoutes">adjacent lifts</SimpleData>
		<SimpleData name="Photo">ST-536-2.jpg</SimpleData>
	</SchemaData></ExtendedData>
      <Point><coordinates>151.20095063807,-33.8761818216441,0</coordinates></Point>
  </Placemark>
  <Placemark>
	<name>Exhibition Place Stairs</name>
	<ExtendedData><SchemaData schemaUrl="#Stairs">
		<SimpleData name="OBJECTID">459</SimpleData>
		<SimpleData name="ID">ST-537</SimpleData>
		<SimpleData name="Address">Darling Harbour</SimpleData>
		<SimpleData name="Suburb">Sydney</SimpleData>
		<SimpleData name="No_Steps">5</SimpleData>
		<SimpleData name="HandRails">Yes</SimpleData>
		<SimpleData name="TGSI">Yes</SimpleData>
		<SimpleData name="StairNosingConstrastStrip">No</SimpleData>
		<SimpleData name="ClosestAlternateRoutes">adjacent ramp north of stairs</SimpleData>
		<SimpleData name="Photo">ST-537-2.jpg</SimpleData>
	</SchemaData></ExtendedData>
      <Point><coordinates>151.200821650866,-33.8744352610134,0</coordinates></Point>
  </Placemark>
  <Placemark>
	<name>ICC Exhibition Centre</name>
	<ExtendedData><SchemaData schemaUrl="#Stairs">
		<SimpleData name="OBJECTID">460</SimpleData>
		<SimpleData name="ID">ST-538</SimpleData>
		<SimpleData name="Address">Darling Harbour</SimpleData>
		<SimpleData name="Suburb">Sydney</SimpleData>
		<SimpleData name="No_Steps">2</SimpleData>
		<SimpleData name="HandRails">Yes</SimpleData>
		<SimpleData name="TGSI">Yes</SimpleData>
		<SimpleData name="StairNosingConstrastStrip">Yes</SimpleData>
		<SimpleData name="ClosestAlternateRoutes">adjacent ramp</SimpleData>
		<SimpleData name="Photo">No photo</SimpleData>
	</SchemaData></ExtendedData>
      <Point><coordinates>151.200140956895,-33.8736230405419,0</coordinates></Point>
  </Placemark>
  <Placemark>
	<name>ICC Exhibition Centre</name>
	<ExtendedData><SchemaData schemaUrl="#Stairs">
		<SimpleData name="OBJECTID">461</SimpleData>
		<SimpleData name="ID">ST-539</SimpleData>
		<SimpleData name="Address">Darling Harbour</SimpleData>
		<SimpleData name="Suburb">Sydney</SimpleData>
		<SimpleData name="No_Steps">5</SimpleData>
		<SimpleData name="HandRails">Yes</SimpleData>
		<SimpleData name="TGSI">Yes</SimpleData>
		<SimpleData name="StairNosingConstrastStrip">Yes</SimpleData>
		<SimpleData name="ClosestAlternateRoutes">Exhibition Place</SimpleData>
		<SimpleData name="Photo">ST-539-1.jpg</SimpleData>
	</SchemaData></ExtendedData>
      <Point><coordinates>151.199557185027,-33.8730237064104,0</coordinates></Point>
  </Placemark>
  <Placemark>
	<name>Pier 3/4 Steps</name>
	<ExtendedData><SchemaData schemaUrl="#Stairs">
		<SimpleData name="OBJECTID">462</SimpleData>
		<SimpleData name="ID">ST-541</SimpleData>
		<SimpleData name="Address">Darling Harbour</SimpleData>
		<SimpleData name="Suburb">Sydney</SimpleData>
		<SimpleData name="No_Steps">3</SimpleData>
		<SimpleData name="HandRails">Yes</SimpleData>
		<SimpleData name="TGSI">Yes</SimpleData>
		<SimpleData name="StairNosingConstrastStrip">Yes</SimpleData>
		<SimpleData name="ClosestAlternateRoutes">adjacent ramp</SimpleData>
		<SimpleData name="Photo">ST-541-1.jpg</SimpleData>
	</SchemaData></ExtendedData>
      <Point><coordinates>151.202399798953,-33.8703261795151,0</coordinates></Point>
  </Placemark>
  <Placemark>
	<name>Pier 4/5 steps</name>
	<ExtendedData><SchemaData schemaUrl="#Stairs">
		<SimpleData name="OBJECTID">463</SimpleData>
		<SimpleData name="ID">ST-542</SimpleData>
		<SimpleData name="Address">Darling Harbour</SimpleData>
		<SimpleData name="Suburb">Sydney</SimpleData>
		<SimpleData name="No_Steps">3</SimpleData>
		<SimpleData name="HandRails">Yes</SimpleData>
		<SimpleData name="TGSI">Yes</SimpleData>
		<SimpleData name="StairNosingConstrastStrip">Yes</SimpleData>
		<SimpleData name="ClosestAlternateRoutes">adjacent ramp</SimpleData>
		<SimpleData name="Photo">ST-542-1.jpg</SimpleData>
	</SchemaData></ExtendedData>
      <Point><coordinates>151.202068981248,-33.8702065399085,0</coordinates></Point>
  </Placemark>
  <Placemark>
	<name>Pier 6/7 steps</name>
	<ExtendedData><SchemaData schemaUrl="#Stairs">
		<SimpleData name="OBJECTID">464</SimpleData>
		<SimpleData name="ID">ST-543</SimpleData>
		<SimpleData name="Address">Darling Harbour</SimpleData>
		<SimpleData name="Suburb">Sydney</SimpleData>
		<SimpleData name="No_Steps">3</SimpleData>
		<SimpleData name="HandRails">Yes</SimpleData>
		<SimpleData name="TGSI">Yes</SimpleData>
		<SimpleData name="StairNosingConstrastStrip">Yes</SimpleData>
		<SimpleData name="ClosestAlternateRoutes">adjacent ramp</SimpleData>
		<SimpleData name="Photo">ST-543-2.jpg</SimpleData>
	</SchemaData></ExtendedData>
      <Point><coordinates>151.201682433153,-33.8700815709757,0</coordinates></Point>
  </Placemark>
  <Placemark>
	<name>George Street Stairs 1a</name>
	<ExtendedData><SchemaData schemaUrl="#Stairs">
		<SimpleData name="OBJECTID">465</SimpleData>
		<SimpleData name="ID">ST-544</SimpleData>
		<SimpleData name="Address">George Street</SimpleData>
		<SimpleData name="Suburb">The Rocks</SimpleData>
		<SimpleData name="No_Steps">11</SimpleData>
		<SimpleData name="HandRails">No</SimpleData>
		<SimpleData name="TGSI">No</SimpleData>
		<SimpleData name="StairNosingConstrastStrip">No</SimpleData>
		<SimpleData name="ClosestAlternateRoutes">Playfair Street</SimpleData>
		<SimpleData name="Photo">ST-544-2.jpg</SimpleData>
	</SchemaData></ExtendedData>
      <Point><coordinates>151.208356234508,-33.8569113821303,0</coordinates></Point>
  </Placemark>
  <Placemark>
	<name>Foundation Park Steps</name>
	<ExtendedData><SchemaData schemaUrl="#Stairs">
		<SimpleData name="OBJECTID">466</SimpleData>
		<SimpleData name="ID">ST-545</SimpleData>
		<SimpleData name="Address">Gloucester Walk</SimpleData>
		<SimpleData name="Suburb">The Rocks</SimpleData>
		<SimpleData name="No_Steps">999</SimpleData>
		<SimpleData name="HandRails">No</SimpleData>
		<SimpleData name="TGSI">No</SimpleData>
		<SimpleData name="StairNosingConstrastStrip">No</SimpleData>
		<SimpleData name="ClosestAlternateRoutes">Gloucester Walk via Argyle Street</SimpleData>
		<SimpleData name="Photo">ST-545-6.jpg</SimpleData>
	</SchemaData></ExtendedData>
      <Point><coordinates>151.208025180184,-33.8582471691733,0</coordinates></Point>
  </Placemark>
  <Placemark>
	<name>Wulugul Walk Stairs 1</name>
	<ExtendedData><SchemaData schemaUrl="#Stairs">
		<SimpleData name="OBJECTID">467</SimpleData>
		<SimpleData name="ID">ST-546</SimpleData>
		<SimpleData name="Address">Nawi Cove</SimpleData>
		<SimpleData name="Suburb">Barangaroo</SimpleData>
		<SimpleData name="No_Steps">80</SimpleData>
		<SimpleData name="HandRails">Yes</SimpleData>
		<SimpleData name="TGSI">No</SimpleData>
		<SimpleData name="StairNosingConstrastStrip">No</SimpleData>
		<SimpleData name="ClosestAlternateRoutes">Merriman Street. Alternative stairs throughout park. Lift at south-west corner of park (70m west)</SimpleData>
		<SimpleData name="Photo">ST-546-8.jpg</SimpleData>
	</SchemaData></ExtendedData>
      <Point><coordinates>151.200726552787,-33.8582773511103,0</coordinates></Point>
  </Placemark>
  <Placemark>
	<name>Barangaroo</name>
	<ExtendedData><SchemaData schemaUrl="#Stairs">
		<SimpleData name="OBJECTID">468</SimpleData>
		<SimpleData name="ID">ST-547</SimpleData>
		<SimpleData name="Address">Barangaroo Reserve</SimpleData>
		<SimpleData name="Suburb">Barangaroo</SimpleData>
		<SimpleData name="No_Steps">3</SimpleData>
		<SimpleData name="HandRails">Yes</SimpleData>
		<SimpleData name="TGSI">No</SimpleData>
		<SimpleData name="StairNosingConstrastStrip">No</SimpleData>
		<SimpleData name="ClosestAlternateRoutes">Merriman Street. Alternative stairs throughout park. Lift at south-west corner of park</SimpleData>
		<SimpleData name="Photo">ST-547-1.jpg</SimpleData>
	</SchemaData></ExtendedData>
      <Point><coordinates>151.200565979028,-33.8583723089647,0</coordinates></Point>
  </Placemark>
  <Placemark>
	<name>Barangaroo</name>
	<ExtendedData><SchemaData schemaUrl="#Stairs">
		<SimpleData name="OBJECTID">469</SimpleData>
		<SimpleData name="ID">ST-548</SimpleData>
		<SimpleData name="Address">Barangaroo Reserve</SimpleData>
		<SimpleData name="Suburb">Barangaroo</SimpleData>
		<SimpleData name="No_Steps">3</SimpleData>
		<SimpleData name="HandRails">Yes</SimpleData>
		<SimpleData name="TGSI">No</SimpleData>
		<SimpleData name="StairNosingConstrastStrip">No</SimpleData>
		<SimpleData name="ClosestAlternateRoutes">Merriman Street. Alternative stairs throughout park. Lift at south-west corner of park</SimpleData>
		<SimpleData name="Photo">ST-548-1.jpg</SimpleData>
	</SchemaData></ExtendedData>
      <Point><coordinates>151.200300232291,-33.8578869352792,0</coordinates></Point>
  </Placemark>
  <Placemark>
	<name>Blackwattle Bay Park</name>
	<ExtendedData><SchemaData schemaUrl="#Stairs">
		<SimpleData name="OBJECTID">470</SimpleData>
		<SimpleData name="ID">ST-550</SimpleData>
		<SimpleData name="Address">Cook Street</SimpleData>
		<SimpleData name="Suburb">Glebe</SimpleData>
		<SimpleData name="No_Steps">5</SimpleData>
		<SimpleData name="HandRails">Yes</SimpleData>
		<SimpleData name="TGSI">Yes</SimpleData>
		<SimpleData name="StairNosingConstrastStrip">Yes</SimpleData>
		<SimpleData name="ClosestAlternateRoutes">not applicable</SimpleData>
		<SimpleData name="Photo">ST-550-1.jpg</SimpleData>
	</SchemaData></ExtendedData>
      <Point><coordinates>151.185421656646,-33.8723745120469,0</coordinates></Point>
  </Placemark>
  <Placemark>
	<name>Blackwattle Bay Park</name>
	<ExtendedData><SchemaData schemaUrl="#Stairs">
		<SimpleData name="OBJECTID">471</SimpleData>
		<SimpleData name="ID">ST-551</SimpleData>
		<SimpleData name="Address">Leichhardt Street</SimpleData>
		<SimpleData name="Suburb">Glebe</SimpleData>
		<SimpleData name="No_Steps">7</SimpleData>
		<SimpleData name="HandRails">Yes</SimpleData>
		<SimpleData name="TGSI">Yes</SimpleData>
		<SimpleData name="StairNosingConstrastStrip">Yes</SimpleData>
		<SimpleData name="ClosestAlternateRoutes">not applicable</SimpleData>
		<SimpleData name="Photo">ST-551-1.jpg</SimpleData>
	</SchemaData></ExtendedData>
      <Point><coordinates>151.185288910429,-33.8720408912271,0</coordinates></Point>
  </Placemark>
  <Placemark>
	<name>Blackwattle Bay Park</name>
	<ExtendedData><SchemaData schemaUrl="#Stairs">
		<SimpleData name="OBJECTID">472</SimpleData>
		<SimpleData name="ID">ST-552</SimpleData>
		<SimpleData name="Address">Leichhardt Street</SimpleData>
		<SimpleData name="Suburb">Glebe</SimpleData>
		<SimpleData name="No_Steps">23</SimpleData>
		<SimpleData name="HandRails">Yes</SimpleData>
		<SimpleData name="TGSI">Yes</SimpleData>
		<SimpleData name="StairNosingConstrastStrip">Yes</SimpleData>
		<SimpleData name="ClosestAlternateRoutes">adjacent ramp</SimpleData>
		<SimpleData name="Photo">ST-552-3.jpg</SimpleData>
	</SchemaData></ExtendedData>
      <Point><coordinates>151.184965320249,-33.8714328120648,0</coordinates></Point>
  </Placemark>
  <Placemark>
	<name>Blackwattle Bay Park </name>
	<ExtendedData><SchemaData schemaUrl="#Stairs">
		<SimpleData name="OBJECTID">473</SimpleData>
		<SimpleData name="ID">ST-553</SimpleData>
		<SimpleData name="Address">Leichhardt Street</SimpleData>
		<SimpleData name="Suburb">Glebe</SimpleData>
		<SimpleData name="No_Steps">8</SimpleData>
		<SimpleData name="HandRails">Yes</SimpleData>
		<SimpleData name="TGSI">Yes</SimpleData>
		<SimpleData name="StairNosingConstrastStrip">Yes</SimpleData>
		<SimpleData name="ClosestAlternateRoutes">not applicable</SimpleData>
		<SimpleData name="Photo">ST-553-1.jpg</SimpleData>
	</SchemaData></ExtendedData>
      <Point><coordinates>151.184836069693,-33.8710489126543,0</coordinates></Point>
  </Placemark>
  <Placemark>
	<name>Blackwattle Bay Park </name>
	<ExtendedData><SchemaData schemaUrl="#Stairs">
		<SimpleData name="OBJECTID">474</SimpleData>
		<SimpleData name="ID">ST-554</SimpleData>
		<SimpleData name="Address">Leichhardt Street</SimpleData>
		<SimpleData name="Suburb">Glebe</SimpleData>
		<SimpleData name="No_Steps">20</SimpleData>
		<SimpleData name="HandRails">Yes</SimpleData>
		<SimpleData name="TGSI">Yes</SimpleData>
		<SimpleData name="StairNosingConstrastStrip">Yes</SimpleData>
		<SimpleData name="Photo">ST-554-4.jpg</SimpleData>
	</SchemaData></ExtendedData>
      <Point><coordinates>151.184842017237,-33.8710144628068,0</coordinates></Point>
  </Placemark>
  <Placemark>
	<name>Blackwattle Bay Park </name>
	<ExtendedData><SchemaData schemaUrl="#Stairs">
		<SimpleData name="OBJECTID">475</SimpleData>
		<SimpleData name="ID">ST-555</SimpleData>
		<SimpleData name="Address">Leichhardt Street</SimpleData>
		<SimpleData name="Suburb">Glebe</SimpleData>
		<SimpleData name="No_Steps">3</SimpleData>
		<SimpleData name="HandRails">No</SimpleData>
		<SimpleData name="TGSI">Yes</SimpleData>
		<SimpleData name="StairNosingConstrastStrip">Yes</SimpleData>
		<SimpleData name="ClosestAlternateRoutes">not applicable</SimpleData>
		<SimpleData name="Photo">ST-555-1.jpg</SimpleData>
	</SchemaData></ExtendedData>
      <Point><coordinates>151.184464799636,-33.8709919925695,0</coordinates></Point>
  </Placemark>
  <Placemark>
	<name>Blackwattle Bay Park </name>
	<ExtendedData><SchemaData schemaUrl="#Stairs">
		<SimpleData name="OBJECTID">476</SimpleData>
		<SimpleData name="ID">ST-556</SimpleData>
		<SimpleData name="Address">Leichhardt Street</SimpleData>
		<SimpleData name="Suburb">Glebe</SimpleData>
		<SimpleData name="No_Steps">3</SimpleData>
		<SimpleData name="HandRails">No</SimpleData>
		<SimpleData name="TGSI">No</SimpleData>
		<SimpleData name="StairNosingConstrastStrip">Yes</SimpleData>
		<SimpleData name="ClosestAlternateRoutes">not applicable</SimpleData>
		<SimpleData name="Photo">ST-556-2.jpg</SimpleData>
	</SchemaData></ExtendedData>
      <Point><coordinates>151.184296386839,-33.871120159024,0</coordinates></Point>
  </Placemark>
  <Placemark>
	<name>Blackwattle Bay Park </name>
	<ExtendedData><SchemaData schemaUrl="#Stairs">
		<SimpleData name="OBJECTID">477</SimpleData>
		<SimpleData name="ID">ST-557</SimpleData>
		<SimpleData name="Address">Leichhardt Street</SimpleData>
		<SimpleData name="Suburb">Glebe</SimpleData>
		<SimpleData name="No_Steps">2</SimpleData>
		<SimpleData name="HandRails">No</SimpleData>
		<SimpleData name="TGSI">No</SimpleData>
		<SimpleData name="StairNosingConstrastStrip">Yes</SimpleData>
		<SimpleData name="ClosestAlternateRoutes">not applicable</SimpleData>
		<SimpleData name="Photo">ST-557-1.jpg</SimpleData>
	</SchemaData></ExtendedData>
      <Point><coordinates>151.184182540981,-33.8712088019534,0</coordinates></Point>
  </Placemark>
  <Placemark>
	<name>Blackwattle Bay Park </name>
	<ExtendedData><SchemaData schemaUrl="#Stairs">
		<SimpleData name="OBJECTID">478</SimpleData>
		<SimpleData name="ID">ST-558</SimpleData>
		<SimpleData name="Address">Leichhardt Street</SimpleData>
		<SimpleData name="Suburb">Glebe</SimpleData>
		<SimpleData name="No_Steps">24</SimpleData>
		<SimpleData name="HandRails">Yes</SimpleData>
		<SimpleData name="TGSI">Yes</SimpleData>
		<SimpleData name="StairNosingConstrastStrip">Yes</SimpleData>
		<SimpleData name="ClosestAlternateRoutes">adjacent ramp</SimpleData>
		<SimpleData name="Photo">ST-558-2.jpg</SimpleData>
	</SchemaData></ExtendedData>
      <Point><coordinates>151.184288299617,-33.8712800153785,0</coordinates></Point>
  </Placemark>
  <Placemark>
	<name>Blackwattle Bay Park </name>
	<ExtendedData><SchemaData schemaUrl="#Stairs">
		<SimpleData name="OBJECTID">479</SimpleData>
		<SimpleData name="ID">ST-559</SimpleData>
		<SimpleData name="Address">Ferry Road</SimpleData>
		<SimpleData name="Suburb">Glebe</SimpleData>
		<SimpleData name="No_Steps">12</SimpleData>
		<SimpleData name="HandRails">Yes</SimpleData>
		<SimpleData name="TGSI">Yes</SimpleData>
		<SimpleData name="StairNosingConstrastStrip">No</SimpleData>
		<SimpleData name="ClosestAlternateRoutes">not applicable</SimpleData>
		<SimpleData name="Photo">ST-559-2.jpg</SimpleData>
	</SchemaData></ExtendedData>
      <Point><coordinates>151.18761581754,-33.87342511201,0</coordinates></Point>
  </Placemark>
  <Placemark>
	<name>Martin Place Stairs 2a</name>
	<ExtendedData><SchemaData schemaUrl="#Stairs">
		<SimpleData name="OBJECTID">480</SimpleData>
		<SimpleData name="ID">ST189</SimpleData>
		<SimpleData name="Address">between Phillip Street and Macquarie Street</SimpleData>
		<SimpleData name="Suburb">Sydney</SimpleData>
		<SimpleData name="No_Steps">10</SimpleData>
		<SimpleData name="HandRails">Yes</SimpleData>
		<SimpleData name="TGSI">No</SimpleData>
		<SimpleData name="StairNosingConstrastStrip">Yes</SimpleData>
		<SimpleData name="ClosestAlternateRoutes">adjacent path</SimpleData>
		<SimpleData name="Photo">ST189_001.JPG</SimpleData>
	</SchemaData></ExtendedData>
      <Point><coordinates>151.211840569991,-33.8678599978678,0</coordinates></Point>
  </Placemark>
  <Placemark>
	<name>Furber Lane Stairs</name>
	<ExtendedData><SchemaData schemaUrl="#Stairs">
		<SimpleData name="OBJECTID">481</SimpleData>
		<SimpleData name="ID">ST040</SimpleData>
		<SimpleData name="Address">Furber Street</SimpleData>
		<SimpleData name="Suburb">Centennial Park</SimpleData>
		<SimpleData name="No_Steps">19</SimpleData>
		<SimpleData name="HandRails">No</SimpleData>
		<SimpleData name="TGSI">No</SimpleData>
		<SimpleData name="StairNosingConstrastStrip">No</SimpleData>
		<SimpleData name="ClosestAlternateRoutes">Fuber Road</SimpleData>
		<SimpleData name="Photo">ST040_001.JPG</SimpleData>
	</SchemaData></ExtendedData>
      <Point><coordinates>151.229997338311,-33.8916726964315,0</coordinates></Point>
  </Placemark>
  <Placemark>
	<name>Leinster Street Stairs</name>
	<ExtendedData><SchemaData schemaUrl="#Stairs">
		<SimpleData name="OBJECTID">482</SimpleData>
		<SimpleData name="ID">ST120</SimpleData>
		<SimpleData name="Address">Bent Lane</SimpleData>
		<SimpleData name="Suburb">Paddington</SimpleData>
		<SimpleData name="No_Steps">5</SimpleData>
		<SimpleData name="HandRails">No</SimpleData>
		<SimpleData name="TGSI">No</SimpleData>
		<SimpleData name="StairNosingConstrastStrip">No</SimpleData>
		<SimpleData name="ClosestAlternateRoutes">Bent Street</SimpleData>
		<SimpleData name="Photo">ST120_001.JPG</SimpleData>
	</SchemaData></ExtendedData>
      <Point><coordinates>151.228278681854,-33.8886060439892,0</coordinates></Point>
  </Placemark>
  <Placemark>
	<name>Burren Street Stairs 1a</name>
	<ExtendedData><SchemaData schemaUrl="#Stairs">
		<SimpleData name="OBJECTID">483</SimpleData>
		<SimpleData name="ID">ST043</SimpleData>
		<SimpleData name="Address">Burren Street</SimpleData>
		<SimpleData name="Suburb">Erskineville</SimpleData>
		<SimpleData name="No_Steps">4</SimpleData>
		<SimpleData name="HandRails">Yes</SimpleData>
		<SimpleData name="TGSI">No</SimpleData>
		<SimpleData name="StairNosingConstrastStrip">No</SimpleData>
		<SimpleData name="ClosestAlternateRoutes">Copeland Avenue</SimpleData>
		<SimpleData name="Photo">ST043_001.JPG</SimpleData>
	</SchemaData></ExtendedData>
      <Point><coordinates>151.185214981311,-33.8968160097158,0</coordinates></Point>
  </Placemark>
  <Placemark>
	<name>Burren Street Stairs 2a</name>
	<ExtendedData><SchemaData schemaUrl="#Stairs">
		<SimpleData name="OBJECTID">484</SimpleData>
		<SimpleData name="ID">ST041</SimpleData>
		<SimpleData name="Address">Burren Street</SimpleData>
		<SimpleData name="Suburb">Newtown</SimpleData>
		<SimpleData name="No_Steps">5</SimpleData>
		<SimpleData name="HandRails">Yes</SimpleData>
		<SimpleData name="TGSI">No</SimpleData>
		<SimpleData name="StairNosingConstrastStrip">No</SimpleData>
		<SimpleData name="ClosestAlternateRoutes">Copeland Avenue</SimpleData>
		<SimpleData name="Photo">ST041_001.JPG</SimpleData>
	</SchemaData></ExtendedData>
      <Point><coordinates>151.185173584301,-33.8967028632015,0</coordinates></Point>
  </Placemark>
  <Placemark>
	<name>Copeland Avenue Stairs</name>
	<ExtendedData><SchemaData schemaUrl="#Stairs">
		<SimpleData name="OBJECTID">485</SimpleData>
		<SimpleData name="ID">ST042</SimpleData>
		<SimpleData name="Address">Copeland Avenue</SimpleData>
		<SimpleData name="Suburb">Newtown</SimpleData>
		<SimpleData name="No_Steps">5</SimpleData>
		<SimpleData name="HandRails">Yes</SimpleData>
		<SimpleData name="TGSI">No</SimpleData>
		<SimpleData name="StairNosingConstrastStrip">No</SimpleData>
		<SimpleData name="ClosestAlternateRoutes">Burren street</SimpleData>
		<SimpleData name="Photo">ST042_001.JPG</SimpleData>
	</SchemaData></ExtendedData>
      <Point><coordinates>151.185161766459,-33.8967196416715,0</coordinates></Point>
  </Placemark>
  <Placemark>
	<name>Randle Street Stairs</name>
	<ExtendedData><SchemaData schemaUrl="#Stairs">
		<SimpleData name="OBJECTID">486</SimpleData>
		<SimpleData name="ID">ST182</SimpleData>
		<SimpleData name="Address">corner of Randle Street and Chalmers Street</SimpleData>
		<SimpleData name="Suburb">Surry Hills</SimpleData>
		<SimpleData name="No_Steps">11</SimpleData>
		<SimpleData name="HandRails">Yes</SimpleData>
		<SimpleData name="TGSI">Yes</SimpleData>
		<SimpleData name="StairNosingConstrastStrip">Yes</SimpleData>
		<SimpleData name="ClosestAlternateRoutes">adjacent footpath - steep slope</SimpleData>
		<SimpleData name="Photo">ST182_001.JPG</SimpleData>
	</SchemaData></ExtendedData>
      <Point><coordinates>151.207176974926,-33.8854680757756,0</coordinates></Point>
  </Placemark>
  <Placemark>
	<name>Oxford Square Steps 3a</name>
	<ExtendedData><SchemaData schemaUrl="#Stairs">
		<SimpleData name="OBJECTID">487</SimpleData>
		<SimpleData name="ID">ST144</SimpleData>
		<SimpleData name="Address">Oxford Street</SimpleData>
		<SimpleData name="Suburb">Darlinghurst</SimpleData>
		<SimpleData name="No_Steps">5</SimpleData>
		<SimpleData name="HandRails">Yes</SimpleData>
		<SimpleData name="TGSI">Yes</SimpleData>
		<SimpleData name="StairNosingConstrastStrip">Yes</SimpleData>
		<SimpleData name="ClosestAlternateRoutes">Oxford Street</SimpleData>
		<SimpleData name="Photo">No photo</SimpleData>
	</SchemaData></ExtendedData>
      <Point><coordinates>151.214108331619,-33.8781415638985,0</coordinates></Point>
  </Placemark>
  <Placemark>
	<name>Oxford Square Steps 4a</name>
	<ExtendedData><SchemaData schemaUrl="#Stairs">
		<SimpleData name="OBJECTID">488</SimpleData>
		<SimpleData name="ID">ST145</SimpleData>
		<SimpleData name="Address">Oxford Street</SimpleData>
		<SimpleData name="Suburb">Darlinghurst</SimpleData>
		<SimpleData name="No_Steps">10</SimpleData>
		<SimpleData name="HandRails">Yes</SimpleData>
		<SimpleData name="TGSI">Yes</SimpleData>
		<SimpleData name="StairNosingConstrastStrip">Yes</SimpleData>
		<SimpleData name="ClosestAlternateRoutes">Oxford Street</SimpleData>
		<SimpleData name="Photo">ST145_001.JPG</SimpleData>
	</SchemaData></ExtendedData>
      <Point><coordinates>151.214141760773,-33.8781923657548,0</coordinates></Point>
  </Placemark>
  <Placemark>
	<name>Oxford Square Steps 5a</name>
	<ExtendedData><SchemaData schemaUrl="#Stairs">
		<SimpleData name="OBJECTID">489</SimpleData>
		<SimpleData name="ID">ST146</SimpleData>
		<SimpleData name="Address">Oxford Street</SimpleData>
		<SimpleData name="Suburb">Darlinghurst</SimpleData>
		<SimpleData name="No_Steps">5</SimpleData>
		<SimpleData name="HandRails">Yes</SimpleData>
		<SimpleData name="TGSI">Yes</SimpleData>
		<SimpleData name="StairNosingConstrastStrip">Yes</SimpleData>
		<SimpleData name="ClosestAlternateRoutes">Oxford Street</SimpleData>
		<SimpleData name="Photo">ST146_001.JPG</SimpleData>
	</SchemaData></ExtendedData>
      <Point><coordinates>151.214361218151,-33.8783537126139,0</coordinates></Point>
  </Placemark>
  <Placemark>
	<name>Jones Bay Road Stairs</name>
	<ExtendedData><SchemaData schemaUrl="#Stairs">
		<SimpleData name="OBJECTID">490</SimpleData>
		<SimpleData name="ID">ST195</SimpleData>
		<SimpleData name="Address">Jones Bay Road </SimpleData>
		<SimpleData name="Suburb">Pyrmont</SimpleData>
		<SimpleData name="No_Steps">15</SimpleData>
		<SimpleData name="HandRails">Yes</SimpleData>
		<SimpleData name="TGSI">No</SimpleData>
		<SimpleData name="StairNosingConstrastStrip">No</SimpleData>
		<SimpleData name="ClosestAlternateRoutes">Jones Bay Road </SimpleData>
		<SimpleData name="Photo">ST195_001.JPG</SimpleData>
	</SchemaData></ExtendedData>
      <Point><coordinates>151.194612058577,-33.8668919602192,0</coordinates></Point>
  </Placemark>
  <Placemark>
	<name>King Street Stairs</name>
	<ExtendedData><SchemaData schemaUrl="#Stairs">
		<SimpleData name="OBJECTID">491</SimpleData>
		<SimpleData name="ID">ST173</SimpleData>
		<SimpleData name="Address">King Street</SimpleData>
		<SimpleData name="Suburb">Sydney</SimpleData>
		<SimpleData name="No_Steps">4</SimpleData>
		<SimpleData name="HandRails">Yes</SimpleData>
		<SimpleData name="TGSI">No</SimpleData>
		<SimpleData name="StairNosingConstrastStrip">No</SimpleData>
		<SimpleData name="ClosestAlternateRoutes">King Street</SimpleData>
		<SimpleData name="Photo">No photo</SimpleData>
	</SchemaData></ExtendedData>
      <Point><coordinates>151.207646562919,-33.8687485935955,0</coordinates></Point>
  </Placemark>
  <Placemark>
	<name>Clarkson Mill Way Stairs</name>
	<ExtendedData><SchemaData schemaUrl="#Stairs">
		<SimpleData name="OBJECTID">492</SimpleData>
		<SimpleData name="ID">ST037</SimpleData>
		<SimpleData name="Address">between Darley Place and Darlinghurst Road</SimpleData>
		<SimpleData name="Suburb">Darlinghurst</SimpleData>
		<SimpleData name="No_Steps">6</SimpleData>
		<SimpleData name="HandRails">Yes</SimpleData>
		<SimpleData name="TGSI">No</SimpleData>
		<SimpleData name="StairNosingConstrastStrip">No</SimpleData>
		<SimpleData name="ClosestAlternateRoutes">Burton Street</SimpleData>
		<SimpleData name="Photo">ST037_001.JPG</SimpleData>
	</SchemaData></ExtendedData>
      <Point><coordinates>151.219945046376,-33.8787733977645,0</coordinates></Point>
  </Placemark>
  <Placemark>
	<name>Nesbitt Street Stairs</name>
	<ExtendedData><SchemaData schemaUrl="#Stairs">
		<SimpleData name="OBJECTID">493</SimpleData>
		<SimpleData name="ID">ST121</SimpleData>
		<SimpleData name="Address">corner of Brougham Street and Nesbitt Street</SimpleData>
		<SimpleData name="Suburb">Woolloomooloo</SimpleData>
		<SimpleData name="No_Steps">4</SimpleData>
		<SimpleData name="HandRails">No</SimpleData>
		<SimpleData name="TGSI">No</SimpleData>
		<SimpleData name="StairNosingConstrastStrip">No</SimpleData>
		<SimpleData name="ClosestAlternateRoutes">Pring Street or Nesbitt Street</SimpleData>
		<SimpleData name="Photo">ST121_001.JPG</SimpleData>
	</SchemaData></ExtendedData>
      <Point><coordinates>151.221854699199,-33.8700730799783,0</coordinates></Point>
  </Placemark>
  <Placemark>
	<name>Bourke Street Stairs</name>
	<ExtendedData><SchemaData schemaUrl="#Stairs">
		<SimpleData name="OBJECTID">494</SimpleData>
		<SimpleData name="ID">ST179</SimpleData>
		<SimpleData name="Address">Taylor Square</SimpleData>
		<SimpleData name="Suburb">Darlinghurst</SimpleData>
		<SimpleData name="No_Steps">7</SimpleData>
		<SimpleData name="HandRails">Yes</SimpleData>
		<SimpleData name="TGSI">No</SimpleData>
		<SimpleData name="StairNosingConstrastStrip">No</SimpleData>
		<SimpleData name="ClosestAlternateRoutes">Palmer Street</SimpleData>
		<SimpleData name="Photo">ST179_001.JPG</SimpleData>
	</SchemaData></ExtendedData>
      <Point><coordinates>151.217034529687,-33.8801041215213,0</coordinates></Point>
  </Placemark>
  <Placemark>
	<name>Parkham Lane Stairs</name>
	<ExtendedData><SchemaData schemaUrl="#Stairs">
		<SimpleData name="OBJECTID">495</SimpleData>
		<SimpleData name="ID">ST178</SimpleData>
		<SimpleData name="Address">Parkham Lane</SimpleData>
		<SimpleData name="Suburb">Surry Hills</SimpleData>
		<SimpleData name="No_Steps">6</SimpleData>
		<SimpleData name="HandRails">Yes</SimpleData>
		<SimpleData name="TGSI">No</SimpleData>
		<SimpleData name="StairNosingConstrastStrip">No</SimpleData>
		<SimpleData name="ClosestAlternateRoutes">Olivia Lane</SimpleData>
		<SimpleData name="Photo">ST178_001.JPG</SimpleData>
	</SchemaData></ExtendedData>
      <Point><coordinates>151.215408862906,-33.8900010070096,0</coordinates></Point>
  </Placemark>
  <Placemark>
	<name>Ward Avenue Stairs</name>
	<ExtendedData><SchemaData schemaUrl="#Stairs">
		<SimpleData name="OBJECTID">496</SimpleData>
		<SimpleData name="ID">ST180</SimpleData>
		<SimpleData name="Address">Ward Avenue</SimpleData>
		<SimpleData name="Suburb">Potts Point</SimpleData>
		<SimpleData name="No_Steps">5</SimpleData>
		<SimpleData name="HandRails">No</SimpleData>
		<SimpleData name="TGSI">No</SimpleData>
		<SimpleData name="StairNosingConstrastStrip">No</SimpleData>
		<SimpleData name="ClosestAlternateRoutes">Roslyn Street</SimpleData>
		<SimpleData name="Photo">ST180_001.JPG</SimpleData>
	</SchemaData></ExtendedData>
      <Point><coordinates>151.224868698856,-33.8740873783567,0</coordinates></Point>
  </Placemark>
  <Placemark>
	<name>Queens Square Stairs 2a</name>
	<ExtendedData><SchemaData schemaUrl="#Stairs">
		<SimpleData name="OBJECTID">497</SimpleData>
		<SimpleData name="ID">ST030</SimpleData>
		<SimpleData name="Address">Queens Square</SimpleData>
		<SimpleData name="Suburb">Sydney</SimpleData>
		<SimpleData name="No_Steps">13</SimpleData>
		<SimpleData name="HandRails">Yes</SimpleData>
		<SimpleData name="TGSI">No</SimpleData>
		<SimpleData name="StairNosingConstrastStrip">No</SimpleData>
		<SimpleData name="ClosestAlternateRoutes">adjacent footpath</SimpleData>
		<SimpleData name="Photo">ST030_001.JPG</SimpleData>
	</SchemaData></ExtendedData>
      <Point><coordinates>151.211582434523,-33.8696424247925,0</coordinates></Point>
  </Placemark>
  <Placemark>
	<name>Queens Square Stairs 3a</name>
	<ExtendedData><SchemaData schemaUrl="#Stairs">
		<SimpleData name="OBJECTID">498</SimpleData>
		<SimpleData name="ID">ST031</SimpleData>
		<SimpleData name="Address">Queens Square</SimpleData>
		<SimpleData name="Suburb">Sydney</SimpleData>
		<SimpleData name="No_Steps">10</SimpleData>
		<SimpleData name="HandRails">No</SimpleData>
		<SimpleData name="TGSI">No</SimpleData>
		<SimpleData name="StairNosingConstrastStrip">No</SimpleData>
		<SimpleData name="ClosestAlternateRoutes">adjacent footpath</SimpleData>
		<SimpleData name="Photo">ST031_001.JPG</SimpleData>
	</SchemaData></ExtendedData>
      <Point><coordinates>151.211532121082,-33.8696809202909,0</coordinates></Point>
  </Placemark>
  <Placemark>
	<name>Queens Square Stairs 1a</name>
	<ExtendedData><SchemaData schemaUrl="#Stairs">
		<SimpleData name="OBJECTID">499</SimpleData>
		<SimpleData name="ID">ST033</SimpleData>
		<SimpleData name="Address">Queens Square</SimpleData>
		<SimpleData name="Suburb">Sydney</SimpleData>
		<SimpleData name="No_Steps">10</SimpleData>
		<SimpleData name="HandRails">No</SimpleData>
		<SimpleData name="TGSI">No</SimpleData>
		<SimpleData name="StairNosingConstrastStrip">No</SimpleData>
		<SimpleData name="ClosestAlternateRoutes">adjacent footpath</SimpleData>
		<SimpleData name="Photo">ST033_001.JPG</SimpleData>
	</SchemaData></ExtendedData>
      <Point><coordinates>151.211755430202,-33.8695941676471,0</coordinates></Point>
  </Placemark>
  <Placemark>
	<name>Martin Place Stairs 1a</name>
	<ExtendedData><SchemaData schemaUrl="#Stairs">
		<SimpleData name="OBJECTID">500</SimpleData>
		<SimpleData name="ID">ST187</SimpleData>
		<SimpleData name="Address">between Elizabeth Street and Castlereagh Street</SimpleData>
		<SimpleData name="Suburb">Sydney</SimpleData>
		<SimpleData name="No_Steps">30</SimpleData>
		<SimpleData name="HandRails">Yes</SimpleData>
		<SimpleData name="TGSI">Yes</SimpleData>
		<SimpleData name="StairNosingConstrastStrip">Yes</SimpleData>
		<SimpleData name="ClosestAlternateRoutes">adjacent path</SimpleData>
		<SimpleData name="Photo">No photo</SimpleData>
	</SchemaData></ExtendedData>
      <Point><coordinates>151.210889946627,-33.8678548544383,0</coordinates></Point>
  </Placemark>
  <Placemark>
	<name>Martin Place Station and Underground 2a</name>
	<ExtendedData><SchemaData schemaUrl="#Stairs">
		<SimpleData name="OBJECTID">501</SimpleData>
		<SimpleData name="ID">ST193</SimpleData>
		<SimpleData name="Address">between Castlereagh Street and Elizabeth Street</SimpleData>
		<SimpleData name="Suburb">Sydney</SimpleData>
		<SimpleData name="No_Steps">30</SimpleData>
		<SimpleData name="HandRails">Yes</SimpleData>
		<SimpleData name="TGSI">Yes</SimpleData>
		<SimpleData name="StairNosingConstrastStrip">Yes</SimpleData>
		<SimpleData name="ClosestAlternateRoutes">lift accessible between Phillip Street and Macquarie Street</SimpleData>
		<SimpleData name="Photo">No photo</SimpleData>
	</SchemaData></ExtendedData>
      <Point><coordinates>151.210168969656,-33.8677285091235,0</coordinates></Point>
  </Placemark>
  <Placemark>
	<name>St James Station</name>
	<ExtendedData><SchemaData schemaUrl="#Stairs">
		<SimpleData name="OBJECTID">502</SimpleData>
		<SimpleData name="ID">ST176</SimpleData>
		<SimpleData name="Address">Hyde Park North near St James Road</SimpleData>
		<SimpleData name="Suburb">Sydney</SimpleData>
		<SimpleData name="No_Steps">27</SimpleData>
		<SimpleData name="HandRails">Yes</SimpleData>
		<SimpleData name="TGSI">Yes</SimpleData>
		<SimpleData name="StairNosingConstrastStrip">No</SimpleData>
		<SimpleData name="ClosestAlternateRoutes">adjacent footpath</SimpleData>
		<SimpleData name="Photo">ST176_001.JPG</SimpleData>
	</SchemaData></ExtendedData>
      <Point><coordinates>151.211565295699,-33.8699561630519,0</coordinates></Point>
  </Placemark>
  <Placemark>
	<name>Lloyd Rees Fountain Stairs</name>
	<ExtendedData><SchemaData schemaUrl="#Stairs">
		<SimpleData name="OBJECTID">503</SimpleData>
		<SimpleData name="ID">ST184</SimpleData>
		<SimpleData name="Address">Lloyd Rees Fountain</SimpleData>
		<SimpleData name="Suburb">Sydney</SimpleData>
		<SimpleData name="No_Steps">8</SimpleData>
		<SimpleData name="HandRails">Yes</SimpleData>
		<SimpleData name="TGSI">No</SimpleData>
		<SimpleData name="StairNosingConstrastStrip">No</SimpleData>
		<SimpleData name="ClosestAlternateRoutes">adjacent footpath</SimpleData>
		<SimpleData name="Photo">ST184_001.JPG</SimpleData>
	</SchemaData></ExtendedData>
      <Point><coordinates>151.20869736076,-33.8676072096395,0</coordinates></Point>
  </Placemark>
  <Placemark>
	<name>Martin Place Station and Underground 1a</name>
	<ExtendedData><SchemaData schemaUrl="#Stairs">
		<SimpleData name="OBJECTID">504</SimpleData>
		<SimpleData name="ID">ST185</SimpleData>
		<SimpleData name="Address">between Pitt Street and Castlereagh Street</SimpleData>
		<SimpleData name="Suburb">Sydney</SimpleData>
		<SimpleData name="No_Steps">30</SimpleData>
		<SimpleData name="HandRails">Yes</SimpleData>
		<SimpleData name="TGSI">No</SimpleData>
		<SimpleData name="StairNosingConstrastStrip">No</SimpleData>
		<SimpleData name="ClosestAlternateRoutes">lift accessible between Phillip Street and Macquarie Street</SimpleData>
		<SimpleData name="Photo">No photo</SimpleData>
	</SchemaData></ExtendedData>
      <Point><coordinates>151.209592868515,-33.8676736090001,0</coordinates></Point>
  </Placemark>
  <Placemark>
	<name>Midblock Stairs</name>
	<ExtendedData><SchemaData schemaUrl="#Stairs">
		<SimpleData name="OBJECTID">505</SimpleData>
		<SimpleData name="ID">ST186</SimpleData>
		<SimpleData name="Address">between Pitt Street and Castlereagh Street</SimpleData>
		<SimpleData name="Suburb">Sydney</SimpleData>
		<SimpleData name="No_Steps">9</SimpleData>
		<SimpleData name="HandRails">No</SimpleData>
		<SimpleData name="TGSI">No</SimpleData>
		<SimpleData name="StairNosingConstrastStrip">No</SimpleData>
		<SimpleData name="ClosestAlternateRoutes">adjacent footpath</SimpleData>
		<SimpleData name="Photo">No photo</SimpleData>
	</SchemaData></ExtendedData>
      <Point><coordinates>151.209243265163,-33.8676379592096,0</coordinates></Point>
  </Placemark>
  <Placemark>
	<name>Amphitheatre Steps</name>
	<ExtendedData><SchemaData schemaUrl="#Stairs">
		<SimpleData name="OBJECTID">506</SimpleData>
		<SimpleData name="ID">ST192</SimpleData>
		<SimpleData name="Address">Martin Place</SimpleData>
		<SimpleData name="Suburb">Sydney</SimpleData>
		<SimpleData name="No_Steps">4</SimpleData>
		<SimpleData name="HandRails">No</SimpleData>
		<SimpleData name="TGSI">No</SimpleData>
		<SimpleData name="StairNosingConstrastStrip">No</SimpleData>
		<SimpleData name="ClosestAlternateRoutes">Pitt Street</SimpleData>
		<SimpleData name="Photo">No photo</SimpleData>
	</SchemaData></ExtendedData>
      <Point><coordinates>151.20882588705,-33.8676228748326,0</coordinates></Point>
  </Placemark>
  <Placemark>
	<name>Cumberland Street Stairs 1a</name>
	<ExtendedData><SchemaData schemaUrl="#Stairs">
		<SimpleData name="OBJECTID">507</SimpleData>
		<SimpleData name="ID">ST166</SimpleData>
		<SimpleData name="Address">Cumberland Street</SimpleData>
		<SimpleData name="Suburb">Dawes Point</SimpleData>
		<SimpleData name="No_Steps">20</SimpleData>
		<SimpleData name="HandRails">Yes</SimpleData>
		<SimpleData name="TGSI">No</SimpleData>
		<SimpleData name="StairNosingConstrastStrip">No</SimpleData>
		<SimpleData name="ClosestAlternateRoutes">Cumberland Street</SimpleData>
		<SimpleData name="Photo">ST166_001.JPG</SimpleData>
	</SchemaData></ExtendedData>
      <Point><coordinates>151.208072969454,-33.8567240929286,0</coordinates></Point>
  </Placemark>
  <Placemark>
	<name>Queen Victoria Statue Stairs</name>
	<ExtendedData><SchemaData schemaUrl="#Stairs">
		<SimpleData name="OBJECTID">508</SimpleData>
		<SimpleData name="ID">ST032</SimpleData>
		<SimpleData name="Address">corner of Macquarie Street and St James Road</SimpleData>
		<SimpleData name="Suburb">Sydney</SimpleData>
		<SimpleData name="No_Steps">6</SimpleData>
		<SimpleData name="HandRails">No</SimpleData>
		<SimpleData name="TGSI">No</SimpleData>
		<SimpleData name="StairNosingConstrastStrip">No</SimpleData>
		<SimpleData name="ClosestAlternateRoutes">adjacent footpath</SimpleData>
		<SimpleData name="Photo">No photo</SimpleData>
	</SchemaData></ExtendedData>
      <Point><coordinates>151.21179019025,-33.8696379558398,0</coordinates></Point>
  </Placemark>
  <Placemark>
	<name>Berwick Lane Stairs</name>
	<ExtendedData><SchemaData schemaUrl="#Stairs">
		<SimpleData name="OBJECTID">509</SimpleData>
		<SimpleData name="ID">ST169</SimpleData>
		<SimpleData name="Address">between Bourke Street and Palmer Street</SimpleData>
		<SimpleData name="Suburb">Darlinghurst</SimpleData>
		<SimpleData name="No_Steps">10</SimpleData>
		<SimpleData name="HandRails">Yes</SimpleData>
		<SimpleData name="TGSI">No</SimpleData>
		<SimpleData name="StairNosingConstrastStrip">No</SimpleData>
		<SimpleData name="ClosestAlternateRoutes">Liverpool Street</SimpleData>
		<SimpleData name="Photo">ST169_001.JPG</SimpleData>
	</SchemaData></ExtendedData>
      <Point><coordinates>151.217371779396,-33.877305843078,0</coordinates></Point>
  </Placemark>
  <Placemark>
	<name>Kings Lane Stairs 1a</name>
	<ExtendedData><SchemaData schemaUrl="#Stairs">
		<SimpleData name="OBJECTID">510</SimpleData>
		<SimpleData name="ID">ST129</SimpleData>
		<SimpleData name="Address">between Bourke Street and Thomson Street</SimpleData>
		<SimpleData name="Suburb">Darlinghurst</SimpleData>
		<SimpleData name="No_Steps">7</SimpleData>
		<SimpleData name="HandRails">No</SimpleData>
		<SimpleData name="TGSI">No</SimpleData>
		<SimpleData name="StairNosingConstrastStrip">No</SimpleData>
		<SimpleData name="ClosestAlternateRoutes">Liverpool Street</SimpleData>
		<SimpleData name="Photo">ST129_001.JPG</SimpleData>
	</SchemaData></ExtendedData>
      <Point><coordinates>151.2174459315,-33.8780445421674,0</coordinates></Point>
  </Placemark>
  <Placemark>
	<name>Cutler Stairs</name>
	<ExtendedData><SchemaData schemaUrl="#Stairs">
		<SimpleData name="OBJECTID">511</SimpleData>
		<SimpleData name="ID">ST081</SimpleData>
		<SimpleData name="Address">Burton Street</SimpleData>
		<SimpleData name="Suburb">Darlinghurst</SimpleData>
		<SimpleData name="No_Steps">30</SimpleData>
		<SimpleData name="HandRails">Yes</SimpleData>
		<SimpleData name="TGSI">No</SimpleData>
		<SimpleData name="StairNosingConstrastStrip">No</SimpleData>
		<SimpleData name="ClosestAlternateRoutes">Barcom Avenue</SimpleData>
		<SimpleData name="Photo">ST081_001.JPG</SimpleData>
	</SchemaData></ExtendedData>
      <Point><coordinates>151.222237509493,-33.879673348038,0</coordinates></Point>
  </Placemark>
  <Placemark>
	<name>Beares Stairs</name>
	<ExtendedData><SchemaData schemaUrl="#Stairs">
		<SimpleData name="OBJECTID">512</SimpleData>
		<SimpleData name="ID">ST148</SimpleData>
		<SimpleData name="Address">Caldwell Street</SimpleData>
		<SimpleData name="Suburb">Darlinghurst</SimpleData>
		<SimpleData name="No_Steps">40</SimpleData>
		<SimpleData name="HandRails">Yes</SimpleData>
		<SimpleData name="TGSI">No</SimpleData>
		<SimpleData name="StairNosingConstrastStrip">No</SimpleData>
		<SimpleData name="ClosestAlternateRoutes">Surrey Street</SimpleData>
		<SimpleData name="Photo">ST148_001.JPG</SimpleData>
	</SchemaData></ExtendedData>
      <Point><coordinates>151.222579361467,-33.8772652131729,0</coordinates></Point>
  </Placemark>
  <Placemark>
	<name>Chard Steps</name>
	<ExtendedData><SchemaData schemaUrl="#Stairs">
		<SimpleData name="OBJECTID">513</SimpleData>
		<SimpleData name="ID">ST194</SimpleData>
		<SimpleData name="Address">Premier Lane</SimpleData>
		<SimpleData name="Suburb">Darlinghurst</SimpleData>
		<SimpleData name="No_Steps">20</SimpleData>
		<SimpleData name="HandRails">Yes</SimpleData>
		<SimpleData name="TGSI">No</SimpleData>
		<SimpleData name="StairNosingConstrastStrip">No</SimpleData>
		<SimpleData name="ClosestAlternateRoutes">Bourke Street</SimpleData>
		<SimpleData name="Photo">ST194_001.JPG</SimpleData>
	</SchemaData></ExtendedData>
      <Point><coordinates>151.219133351681,-33.8750419731389,0</coordinates></Point>
  </Placemark>
  <Placemark>
	<name>Kings Lane Stairs 2a</name>
	<ExtendedData><SchemaData schemaUrl="#Stairs">
		<SimpleData name="OBJECTID">514</SimpleData>
		<SimpleData name="ID">ST130</SimpleData>
		<SimpleData name="Address">between Bourke Street and Thomson Street</SimpleData>
		<SimpleData name="Suburb">Darlinghurst</SimpleData>
		<SimpleData name="No_Steps">10</SimpleData>
		<SimpleData name="HandRails">No</SimpleData>
		<SimpleData name="TGSI">No</SimpleData>
		<SimpleData name="StairNosingConstrastStrip">No</SimpleData>
		<SimpleData name="ClosestAlternateRoutes">Liverpool Street</SimpleData>
		<SimpleData name="Photo">ST130_001.JPG</SimpleData>
	</SchemaData></ExtendedData>
      <Point><coordinates>151.217777028014,-33.8780706272515,0</coordinates></Point>
  </Placemark>
  <Placemark>
	<name>Knox Street Stairs</name>
	<ExtendedData><SchemaData schemaUrl="#Stairs">
		<SimpleData name="OBJECTID">515</SimpleData>
		<SimpleData name="ID">ST175</SimpleData>
		<SimpleData name="Address">Knox Street</SimpleData>
		<SimpleData name="Suburb">Chippendale</SimpleData>
		<SimpleData name="No_Steps">6</SimpleData>
		<SimpleData name="HandRails">Yes</SimpleData>
		<SimpleData name="TGSI">No</SimpleData>
		<SimpleData name="StairNosingConstrastStrip">No</SimpleData>
		<SimpleData name="ClosestAlternateRoutes">Knox Street</SimpleData>
		<SimpleData name="Photo">ST175_001.JPG</SimpleData>
	</SchemaData></ExtendedData>
      <Point><coordinates>151.195548218359,-33.8849709436342,0</coordinates></Point>
  </Placemark>
  <Placemark>
	<name>Liverpool Street Stairs</name>
	<ExtendedData><SchemaData schemaUrl="#Stairs">
		<SimpleData name="OBJECTID">516</SimpleData>
		<SimpleData name="ID">ST133</SimpleData>
		<SimpleData name="Address">Liverpool Street</SimpleData>
		<SimpleData name="Suburb">Darlinghurst</SimpleData>
		<SimpleData name="No_Steps">7</SimpleData>
		<SimpleData name="HandRails">Yes</SimpleData>
		<SimpleData name="TGSI">Yes</SimpleData>
		<SimpleData name="StairNosingConstrastStrip">No</SimpleData>
		<SimpleData name="ClosestAlternateRoutes">Oxford Street</SimpleData>
		<SimpleData name="Photo">ST133_001.JPG</SimpleData>
	</SchemaData></ExtendedData>
      <Point><coordinates>151.212893125199,-33.8770488837859,0</coordinates></Point>
  </Placemark>
  <Placemark>
	<name>McLachlan Way Stairs</name>
	<ExtendedData><SchemaData schemaUrl="#Stairs">
		<SimpleData name="OBJECTID">517</SimpleData>
		<SimpleData name="ID">ST164</SimpleData>
		<SimpleData name="Address">between McLachlan Avenue and Barcom Avenue</SimpleData>
		<SimpleData name="Suburb">Darlinghurst</SimpleData>
		<SimpleData name="No_Steps">32</SimpleData>
		<SimpleData name="HandRails">Yes</SimpleData>
		<SimpleData name="TGSI">No</SimpleData>
		<SimpleData name="StairNosingConstrastStrip">No</SimpleData>
		<SimpleData name="ClosestAlternateRoutes">McLachlan Avenue</SimpleData>
		<SimpleData name="Photo">ST164_001.JPG</SimpleData>
	</SchemaData></ExtendedData>
      <Point><coordinates>151.226107768882,-33.8782427932034,0</coordinates></Point>
  </Placemark>
  <Placemark>
	<name>Oxford Square Steps 1a</name>
	<ExtendedData><SchemaData schemaUrl="#Stairs">
		<SimpleData name="OBJECTID">518</SimpleData>
		<SimpleData name="ID">ST142</SimpleData>
		<SimpleData name="Address">Riley Street</SimpleData>
		<SimpleData name="Suburb">Darlinghurst</SimpleData>
		<SimpleData name="No_Steps">12</SimpleData>
		<SimpleData name="HandRails">No</SimpleData>
		<SimpleData name="TGSI">No</SimpleData>
		<SimpleData name="StairNosingConstrastStrip">No</SimpleData>
		<SimpleData name="ClosestAlternateRoutes">Burton Street</SimpleData>
		<SimpleData name="Photo">No photo</SimpleData>
	</SchemaData></ExtendedData>
      <Point><coordinates>151.214452236178,-33.8781259891987,0</coordinates></Point>
  </Placemark>
  <Placemark>
	<name>St Neot Avenue Stairs</name>
	<ExtendedData><SchemaData schemaUrl="#Stairs">
		<SimpleData name="OBJECTID">519</SimpleData>
		<SimpleData name="ID">ST167</SimpleData>
		<SimpleData name="Address">St Neot Avenue</SimpleData>
		<SimpleData name="Suburb">Potts Point</SimpleData>
		<SimpleData name="No_Steps">30</SimpleData>
		<SimpleData name="HandRails">Yes</SimpleData>
		<SimpleData name="TGSI">No</SimpleData>
		<SimpleData name="StairNosingConstrastStrip">No</SimpleData>
		<SimpleData name="ClosestAlternateRoutes">Grantham Street via Macleay Street</SimpleData>
		<SimpleData name="Photo">ST167_001.JPG</SimpleData>
	</SchemaData></ExtendedData>
      <Point><coordinates>151.224311393347,-33.8676685670808,0</coordinates></Point>
  </Placemark>
  <Placemark>
	<name>Arundel Street Stairs 2a</name>
	<ExtendedData><SchemaData schemaUrl="#Stairs">
		<SimpleData name="OBJECTID">520</SimpleData>
		<SimpleData name="ID">ST039</SimpleData>
		<SimpleData name="Address">Arundel Street</SimpleData>
		<SimpleData name="Suburb">Glebe</SimpleData>
		<SimpleData name="No_Steps">5</SimpleData>
		<SimpleData name="HandRails">No</SimpleData>
		<SimpleData name="TGSI">No</SimpleData>
		<SimpleData name="StairNosingConstrastStrip">No</SimpleData>
		<SimpleData name="ClosestAlternateRoutes">Parramatta Road</SimpleData>
		<SimpleData name="Photo">ST039_001.JPG</SimpleData>
	</SchemaData></ExtendedData>
      <Point><coordinates>151.187752628581,-33.8845730835445,0</coordinates></Point>
  </Placemark>
  <Placemark>
	<name>Eglinton Lane Stairs</name>
	<ExtendedData><SchemaData schemaUrl="#Stairs">
		<SimpleData name="OBJECTID">521</SimpleData>
		<SimpleData name="ID">ST181</SimpleData>
		<SimpleData name="Address">Eglinton Lane</SimpleData>
		<SimpleData name="Suburb">Glebe</SimpleData>
		<SimpleData name="No_Steps">8</SimpleData>
		<SimpleData name="HandRails">No</SimpleData>
		<SimpleData name="TGSI">No</SimpleData>
		<SimpleData name="StairNosingConstrastStrip">No</SimpleData>
		<SimpleData name="ClosestAlternateRoutes">Eglinton Road</SimpleData>
		<SimpleData name="Photo">ST181_001.JPG</SimpleData>
	</SchemaData></ExtendedData>
      <Point><coordinates>151.180993905784,-33.8730595533461,0</coordinates></Point>
  </Placemark>
  <Placemark>
	<name>Ernest Pedersen Steps 1a</name>
	<ExtendedData><SchemaData schemaUrl="#Stairs">
		<SimpleData name="OBJECTID">522</SimpleData>
		<SimpleData name="ID">ST161</SimpleData>
		<SimpleData name="Address">between Quarry Street and Avon Street</SimpleData>
		<SimpleData name="Suburb">Glebe</SimpleData>
		<SimpleData name="No_Steps">20</SimpleData>
		<SimpleData name="HandRails">Yes</SimpleData>
		<SimpleData name="TGSI">No</SimpleData>
		<SimpleData name="StairNosingConstrastStrip">No</SimpleData>
		<SimpleData name="ClosestAlternateRoutes">Avon Street</SimpleData>
		<SimpleData name="Photo">ST161_001.JPG</SimpleData>
	</SchemaData></ExtendedData>
      <Point><coordinates>151.186629803433,-33.8761328001381,0</coordinates></Point>
  </Placemark>
  <Placemark>
	<name>Rochford Street Stairs</name>
	<ExtendedData><SchemaData schemaUrl="#Stairs">
		<SimpleData name="OBJECTID">523</SimpleData>
		<SimpleData name="ID">ST177</SimpleData>
		<SimpleData name="Address">Rochford Street</SimpleData>
		<SimpleData name="Suburb">Erskineville</SimpleData>
		<SimpleData name="No_Steps">6</SimpleData>
		<SimpleData name="HandRails">Yes</SimpleData>
		<SimpleData name="TGSI">Yes</SimpleData>
		<SimpleData name="StairNosingConstrastStrip">No</SimpleData>
		<SimpleData name="ClosestAlternateRoutes">adjacent footpath</SimpleData>
		<SimpleData name="Photo">ST177_001.JPG</SimpleData>
	</SchemaData></ExtendedData>
      <Point><coordinates>151.180793516021,-33.9049266151876,0</coordinates></Point>
  </Placemark>
</Folder>
</Document></kml>
